vacancy,url,created,has_test,salary_from,salary_to,currency,experience,schedule,skills,employer,area,description
Technical Director for Automotive,https://hh.ru/applicant/vacancy_response?vacancyId=46108311,2021-07-09T09:31:14+0300,False,,,,Более 6 лет,Удаленная работа,,ANOTECH ENERGY,Тольятти,"ANOTECH Russia is a part of ALTEN GROUP – global engineering &amp; consulting company providing its services across Europe, Americas, Russia, and Asia. Created 30 years ago and present in more than 25 countries, ALTEN GROUP achieved sales of over 2 billion euros in 2020 and currently has 34,000 employees, 90% of whom are engineers. From the beginning, ALTEN GROUP have developed its expertise in technical fields such as Automotive, Energy, Aviation, Civil engineering, Finance, and IT. ALTEN GROUP is represented in Russia by a 100%-owned subsidiary ANOTECH Russia and now we are bringing the experience of our mother company ALTEN GROUP to CIS countries. We deliver the highest standard of services within product management, system engineering, and agile practices. Our main clients are the big names of automotive, energy, telecom, banking, and big data management industries. Within the Automotive Technical Direction, your mission will be to ensure the best practices in the management of automotive results-oriented projects in order to contribute to automotive business unit growth at ANOTECH Russia. Within the Automotive Technical Direction, you will have the following responsibilities.   Prepare and validate technical offers in the pre-sales phase (tenders):  Support Sales by providing technical expertise in automotive area to strengthen ANOTECH Russia advantages at Clients’ meetings; Contribute to understanding of Engineering projects RFI / RFQ requirements; Convert RFI / RFQ into resources (including skills, experience, IT &amp; headcount) required to manage the project and achieve desired results / KPIs; Team ramp up: transformation from time &amp; material to work-package, delivery performance (99% OTD / RFT) &amp; customer satisfaction; Participate in the response strategy;    Ensure the technical delivery of the project’s portfolio:  Take part in technical interviews with candidates for engineering positions and provide technical assessment of a candidate’s applicability; Lead monthly technical committees with clients and delivery teams to manage the the achievement of results; Ensure compliance with the financial objectives of the projects in your portfolio; Manage the project margin and productivity optimization plan;    Team management and improvement:   Use vast network and automotive market knowledge to improve the internal hiring process; Bring the technical expertise to the project team: manage the resources and skills allocated to the project; Use technical and management background during interviews to filter the best candidates; Educate the internal recruitment team to improve search process for specific automotive engineering profiles; Organize a series of workshops for the recruitment team and business managers: automotive companies engineering structure, organizational structure, etc; Perform ANOTECH Russia current services analysis and make propositions to improve / diverse them to respond to key Russian customers’ needs; Perform actual / future automotive market analysis by means of available network;    Requirements:  Higher technical education in machinery (preferable automotive area); English: intermediate and higher (ability to speak and lead meetings is a must); Location Togliatti, Moscow, Kaluga; Work experience:  &gt;15 years in engineering; Manager positions with direct reports in automotive; Previous experience at AvtoVAZ, NAMI or their suppliers would be appreciated; Portfolio should have Product Development projects executed from the very beginning to an end.   "
Salesforce Administrator,https://hh.ru/applicant/vacancy_response?vacancyId=45610956,2021-07-20T12:08:55+0300,False,,,,От 3 до 6 лет,Полный день,,Veeam Software,Санкт-Петербург,"Since Veeam was formed in 2006, the company has continued to lead the industry in terms of growth and innovation. Delivering Availability for the Always On Enterprise™, in a short period of time Veeam has amassed more than 400,000+ customers across the globe and has been named a Leader in the Gartner Magic Quadrant for Data Center Backup and Recovery Software. With HQ in Baar, Switzerland Veeam has offices in 35+ countries all over the world with 4400+ employees. OverviewThe CRM System Administrator is responsible for all levels of Salesforce administration, including user training and supporting all Veeam users worldwide. In addition, the CRM System Administrator will be assigned special projects related to sales operations by the Director, Sales Operations. Responsibilities  Day to day administration of Salesforce CRM Developing and maintaining the functional areas of data management, forecasting, deal registration, contacts, leads, campaigns, opportunities, quotes, dashboards and reports and any other customization. Maintain user roles and profiles Perform data loading and merging / processing of duplicate records Develop and manage reports and dashboards Maintain territory management within Salesforce Create and maintain workflows, approval processes, and validation rules Assist in analyzing current sales processes and suggest improvements Identify Salesforce usage problems and craft technical /communication plans to remedy Help integrate new functionality from Salesforce releases and upgrades, including plugins Continuously improve user’s Salesforce experience; focusing on speed, efficiency and shortening the sales cycle Troubleshoot escalated issues and tickets with Salesforce.com  User Training  Train new and existing end users on the Salesforce CRM Present and inform on any new Salesforce functionality that lowers the sales cycle and improves efficiency of end users.  Qualifications  3+ years of IT work experience and 1+ year of CRM administration experience Good writing, presentation, communication and organization skills Fluent English Salesforce.com experience - preferred ADM201 certified - preferred.  We offer:  Excellent professional and career opportunities in the international team of talented and energetic people. Employment according to the Labor Code of the Russian Federation (all payments are fully &quot;white&quot; + 28-Day annual leave, etc) Competitive salary and regular pay rises Moving to Prague to work in the Czech Veeam R&amp;D office after passing the probation period. Veeam helps with applying for a work visa, offers a relocation package, Czech language courses and comprehensive support before and after the move. Flexible working schedule Generous benefits package from the very first day of your employment including: Premium health insurance program for you and your children 100% compensation payments for sick leave Professional training and education: unlimited access to e-library, professional courses and conferences, English classes Sports / fitness compensation. Active corporate life: release pizzas, NY Meal Benefit as a meal card with limit; fruits, cookies, coffee in the office.    Relocation package for candidates from another city: payment for tickets to St. Petersburg and one additional salary as a one-time payment."
Product Manager,https://hh.ru/applicant/vacancy_response?vacancyId=44634892,2021-07-14T17:53:16+0300,False,,,,От 3 до 6 лет,Удаленная работа,Product Management;MS SQL Server;Английский язык;,Smartcat,Москва,"We’re looking for a Product Manager to join the Smartcat team and improve the day-to-day product experience for all our customers. We need a user advocate who is passionate about making products better, and whose analytical thinking allows them to absorb the feedback, get to the bottom of a problem, and present unambiguous solutions that align with the overall product roadmap. An ideal candidate not only knows how to build great UX, but also works with data to gather insights, and has a technical background to be able to speak developers&#39; language and understand the technical complexity of the product. Mission Smartcat develops collaboration software that allows a multi-sided marketplace of brands, agencies, and freelance linguists to translate content together. Your mission will be to increase our platform adoption and satisfaction across all user roles, ultimately making our product the go-to TMS/CAT solution on the market, and to make tens of thousands of Smartcat customers’ project managers and hundreds of thousands of freelancers more productive and happy. Your outcomes   Collect and process information from all the relevant sources (customer feedback and requests, ux improvement ideas, etc.). Use data and customer development to prioritize it, build and maintain your team&#39;s backlog.   Use data to identify user journeys and bottlenecks, then measure how the implemented changes improve the user experience and conversion rates along their journey.   Work with designers and software developers to plan the development sprints, track the execution and help the team deliver results on time.   Requirements   Ability to deeply understand the Smartcat product strategy and the platform’s functionality. We are building a market network for the global language industry, while engaging several sides of the marketplace and running several products combined in the all-in-one platform offering.   At least 5 years of experience working as a product manager or a product owner.   Experience working with software developers and driving product development from inception and design to delivery and analytics.   Fluent Russian and English, both written and spoken.   Exceptional communication skills to interact with colleagues, customers, and partners.   Growth-oriented mindset.   Integrity, full commitment, and a strong sense of ownership.   Experience working in a highly intense startup environment, requiring extreme focus, a sense of urgency, and persistence to break through.   Openness to feedback and alternative opinions and ideas.   Comfortable working with remote teams across time zones.   Easy-going personality, high tolerance to cultural differences.   Why joining Smartcat might be your best move so far   The ongoing rise of the content economy is causing a massive shift in the language industry. All today’s megatrends — big data, artificial intelligence, machine learning — are converging in it at lightning speed. Smartcat’s disruptive business model taps into this $50b industry with a market network where buyers and suppliers connect, collaborate, and leverage our free-to-use workflow SaaS. The next decade will be the era of market networks and reinventing the $10 trillion service economy, and we’re pioneering this global transformation in all things language-related.   You will enjoy building with us. You will drive changes in how an old-fashioned global language industry operates while improving how hundreds of thousands of people work, and millions of people exchange knowledge and ideas in the world.   While the language industry is big and fragmented enough to keep us busy building a billion-dollar company in the next few years, we are already seeing how the network naturally expands to adjacent language and content-related verticals, expanding our TAM and making our journey even more exciting.   We are a global team of 100+ enthusiastic people, with hubs in Boston, Amsterdam, Limassol, Moscow, and Hong Kong — and our users and partners are scattered all around the globe. We’re eager to succeed and transform the world of language services for the better. We grow aggressively while preserving our culture of empathy. As diverse as we are, we love working and having fun together, and we’re sure you’ll love working with us too.   Smartcat is backed by Matrix Partners, FJ Labs, and other top VC firms focusing on SaaS and marketplace startups (you might recognize names like HubSpot, Zendesk, Uber, Stripe, RigUp and Quora in their portfolios). This helps us innovate at a fast pace and learn from top professionals in other industries.  "
Мастер маникюра,https://hh.ru/applicant/vacancy_response?vacancyId=46273515,2021-07-15T16:16:47+0300,False,20000,70000,RUR,От 1 года до 3 лет,Полный день,Пользователь ПК;Работа в команде;Грамотная речь;Деловое общение;Грамотность;,Beauty bar No Name (ИП Бахматова Олеся Владимировна),Пермь,"Обязанности:  аппаратный и комбинированный маникюр, стерилизация инструментов предоставление хорошего сервиса, вежливое обращение  Требования:  опыт работы мастером маникбра от 6 месяцев уверенное владение техникой аппаратного или комбинированного маникюра плюс покрытие гель лаком Любовь к людям, коммуникабельность Вежливость  Условия:  Гибкий график работы Рассмотрим также студентов !но !!! с опытом работы и желанием развиваться. Оплачиваемое обучение Минимальная зп 20 000 "
React Native Engineer - Clojure,https://hh.ru/applicant/vacancy_response?vacancyId=46233086,2021-07-20T12:43:19+0300,False,,,,Нет опыта,Полный день,JavaScript;Android;Английский язык;GraphQL;iOS;,Urbest,Санкт-Петербург,"Urbest We are a tech company focused on building a collaborative tool for facilities, maintenance and services. At Urbest, we believe that everyone can contribute to improving their environment through small actions that, when put together, make significant improvements for a whole community. To achieve this, we have built a digital platform so that everyone can interact with others through their preferred means of communication. We believe that the simplicity and efficiency of the product is paramount for our users.   Product Engineering team: We look for engineers with a strong eye for detail and humble approach to problem solving. Supportive and being able to work effectively in teams is also a must. We look for collaborators who are strong on their own and want to grow and help push the team to new heights. We have a varied stack and our core application is built in Clojure. On top of this we work with the latest technologies such as React Native, Postgres, Docker and AWS to name a few. Our tech team organises itself in an organic and efficient way to work, whilst each member takes a lot of responsibility for the end to end delivery of a core service/feature. As a Front-End focused engineer, we expect you to have a great knowledge of Javascript modern frameworks (React or similar) - Clojure/ClojureScript knowledge and experience is a bonus. We build our web applications using React (reagent) and our mobile applications in React Native. You might already be an expert in React for web or React Native or both! We aspire for our front-end engineers to work across all our frontends and there is opportunity to move across in other area of the stack. Your code is clean, maintainable, and readable - and you won’t be afraid of creating documentation where it’s needed. Requirements :  You’re a keen full-stack engineer with a great knowledge of modern Javascript You know React (or another modern framework) or React Native and have used it in production. You’re passionate about the web, Android and iOS surfaces You have or want to build a great knowledge of GraphQL You love to test and know tools like jest, faker, detox and cypress for testing You’re interested in full-stack modern cloud development and are comfortable diving into back-end code to find a bug or assist another engineer. Technology is your strength but you’ll bring more than just your technical expertise to the table - you’re obsessed with building an easy to use and great product experience for users and helping them achieve better outcomes  Conditions :   Flexible working hours, but minimum of 35 per week.   Evolving role with growth   Perks and bonuses and potential to try new technologies  "
Unity 3D developer (mobile RTS),https://hh.ru/applicant/vacancy_response?vacancyId=46117954,2021-07-09T12:57:34+0300,False,,,,От 1 года до 3 лет,Удаленная работа,C++;Разработка компьютерных Игр;С#;Unity;Android;ООП;,Хайпмастерс,Санкт-Петербург,"Миссия Hypemasters – создавать легендарные игры, задающие тренды в своих жанрах. Мы хотим, чтобы в наши игры играли годами игроки по всему миру. Мы работаем над классической RTS в сеттинге WW2 на мобильные устройства. И сейчас команде нужен опытный программист, который смог бы вести сложные задачи (например, взаимодействие клиентской и серверной части). Игра разрабатывается на Unity, а miltiplayer часть делается на Photon Quantum - будущему члену команды предстоит работать с этими двумя системами в связке. Также, мы ищем человека, которому нравится мидкор и жанр стратегий в реальном времени. У будущего коллеги хотим видеть умение работать независимо, брать ответственность за полную реализацию фичи и стремление делать законченный и качественный продукт. Команда сейчас состоит из 24-х человек и строится по принципу меритократии идей - в игру можно привнести много идей и предложений. Будем рады видеть инициативность и в работе с геймдизайном. Нам не важно в каком ты городе или стране - работать можно как из офиса в СПБ, так и удаленно. Главное для нас - это любовь к своему делу и желание делать лучшее, что есть в мире. Это то, что нас объединяет. Задачи:  Разработка клиентской части сетевой мобильной игры Реализация игровой бизнес-логики Реализация меты игры Оптимизация для мобильных устройств  Требования:  Опыт программирования на C# и Unity от четырех лет Опыт создания сетевых мобильных real-time игр Знание принципов синхронизации сетевых игр и понимание сетевой архитектуры Уверенное знание ООП, паттернов проектирования Знание структур и алгоритмов обработки данных Знание особенностей производства графического контента для игр Опыт работы с командой программистов Умение разбираться в чужом коде Знание математической базы для работы в 3D пространстве Знание работы системы UI в Unity Умение разрабатывать shaders  Будет плюсом:  Опыт работы с Photon Quantum или Photon Опыт разработки RTS или схожих сетевых игр Умение разрабатывать shaders GLES 2.0 / 3.0, Metal &amp; Vulkan Понимание принципов анимации  Мы предлагаем:  Работу над легендарными играми в международной компании Трудоустройство по ТК РФ, белую зарплату Работу с топовыми специалистами игрового рынка (ex-CM, WG, Nekki, Playrix, Sperasoft, FB - you name it! У нас работают лучшие из лучших) Меритократия идей - все идеи оцениваются исключительно с точки зрения соответствия ценностям и целям проекта; в игровой команде все равны Культура роста - тебя ждут амбициозные цели и культура, которая постоянно провоцирует рост Возможность работать удаленно ( ты всегда можешь выбрать удобный для себя формат работы) "
PR-менеджер,https://hh.ru/applicant/vacancy_response?vacancyId=46144616,2021-07-21T08:38:50+0300,False,70000,100000,RUR,От 3 до 6 лет,Полный день,Наличие контактов с журналистами;Анализ PR стратегии конкурентов;Работа со СМИ;Работа в команде;Закупка товаров и услуг;,Like Центр,Москва,"В команду Like Центра требуется PR-менеджер. Основной продукт: онлайн и офлайн образование в сфере предпринимательства и личностного развития. Like Центр — ведущая технологическая образовательная компания для предпринимателей. В экосистему Like Центра входит инвестиционный фонд, собственная LSM-платформа и сеть коворкингов Names. Работая в нашей команде, Вы получаете возможность взаимодействовать с творческими и интересными людьми, а также возможность получить профессиональное обучение и развитие. Обязанности:  Коммуникация с журналистами профильных СМИ, новыми медиа и лидерами мнений. Работа с текстами: редактирование лонгридов, подготовка пресс-релизов и комментариев. Участие в разработке PR-стратегии, генерация инфоповодов и их отработка. Взаимодействие с партнерами. Подготовка Q&amp;A, подготовка спикеров к интервью, сопровождение на ТВ-, и радиоэфиры.  Требования:  Опыт пиара в сферах: IT, бизнеса, образования от 3-х лет. Готовность самостоятельно вести спецпроекты. Умение самостоятельно анализировать большие объемы информации и готовить на их основе материалы для СМИ Опыт работы в коммуникационном агентстве приветствуется.  Работая в Like Центре, по словам действующих сотрудников, ты получаешь:   Возможность создавать качественный продукт, которым будешь гордиться;   Топовую среду для развития и неограниченные возможности для профессионального роста;   По-домашнему теплую атмосферу Like Family, крутую команду, помощь и поддержку коллег и руководства;   Конкурентную заработную плату, оклад + KPI по итогам месяца;   Win-win — взаимовыгодное сотрудничество;   Уровень заработной платы обсуждается с итоговым кандидатом;   Работу в комфортном офисе в «Москва-Сити». Возможна удаленная работа.  "
Test manager,https://hh.ru/applicant/vacancy_response?vacancyId=45571409,2021-07-08T09:57:37+0300,False,,,,От 1 года до 3 лет,Полный день,Leadership Skills;Английский язык;Team management;Project management;MS PowerPoint;,Bell Integrator,Москва,"BI Telecom https://www.bi-telco.ru/ - is a Russian system integrator company. While BI Telecom may be a new name, we have been around for over 18 years and nowadays we are an Amdocs company https://www.amdocs.com/about. We are exclusively focused on the needs of the communications market, with the ability to leverage many years of global expertise, providing you with the combination of local talent backed by a global powerhouse. International distributed team with development centers in Israel, Cyprus, India and Russia. We are looking for Test manager with experience in Telecom domain who will be responsible for test team management, test design, testing process setup and adjustment, reporting, test execution across all the phases of project lifecycle. We offer • Competitive salary and bonuses • Professional learning and certifications, participation in IT conferences and events • English classes • Corporate Benefits • Support of remote work • Comfortable Moscow &amp; Penza Offices What will your job look like? • You will provide estimations of efforts, duration, and schedule of test activities across all test stages of the project lifecycle. • You will plan, organize, and control all project test activities (functional, integrational, automation, regression etc.) • You will participate in status meetings with business and IT. Required: • 3+ years of experience in software testing. • 1+ years of experience in test team management. • Strong knowledge of software testing theory, techniques, approaches and tools, and ability to select the most appropriate for the project. • Higher education in math, physics, or computer science. • English: upper intermediate or higher. • Knowledge of SW development methodologies (SCRUM, Waterfall etc.). • Knowledge of test automation and load/performance testing. • Knowledge of estimation techniques. • Knowledge of test metrics and KPI. • Problem-solving skills and ability to find solutions. • Leadership skills and good communication skills. Is a plus: • Experience in MS Project is a strong plus. • Experience in BSS/OSS stack. • Knowledge of continuous integration &amp; delivery (CI/CD)"
Fintech Product Manager,https://hh.ru/applicant/vacancy_response?vacancyId=44879805,2021-07-14T17:53:16+0300,False,,,,От 3 до 6 лет,Удаленная работа,Product Management;Microsoft Visual Studio;MS SQL Server;Английский язык;Fintech;,Smartcat,Москва,"Smartcat is the operating system for the global translation industry. Our team believes that the world becomes ever-more connected and interdependent. The borders that prevent people from trading, working together, and exchanging knowledge and innovations erode over time. That is the future we want to live in. Our mission is to speed up the pace at which that happens, building the best platform for Connected Translation. We don’t believe automation will render language professionals obsolete. Instead, we place powerful software into the hands of the millions of people working to globalize their own industries, plug them into our global supply network, and enable continuous delivery of multilingual content. With tens of thousands of customers and hundreds of thousands of freelancers translating together on Smartcat, we are well on our way. Mission Smartcat develops collaboration software that allows a multi-sided marketplace of brands, agencies, and freelance linguists to translate content together. Supported by our integrated payment and translation automation engines, our suite becomes the central hub for localization work. Your mission will be to leverage our unique vertical SaaS combined with the industry-tailored fintech component, develop the financial offering, and bring us above 1 billion dollars in yearly transactions volume in 3–3.5 years. Your outcomes    Complete the Smartcat fintech component strategy and roadmap, and own it going forward while increasing LTV and making the product more likely to be used indefinitely.   Own the financial services revenue objective, achieve 33% QoQ growth in Q1 2021 and maintain it throughout the following two years.   Build and champion the process of revenue expansion based on customer usage data and proactive recommendation of next-level fintech products.   Requirements   Outstanding achievement as a product manager for fintech, b2b SaaS, or marketplace platforms with a focus on product-led growth.   Ability to deeply understand the Smartcat product strategy and the platform’s functionality. We are building a market network for the global language industry while engaging several sides of the marketplace and running several products combined in the all-in-one platform offering.   Fluent English, both written and spoken.   Exceptional communication skills to interact with colleagues, customers, and partners.   Growth-oriented mindset.   Aggressive drive for growth and a high tolerance for uncertainty and risk.   Exceptional commitment to evidence- and data-informed decision making.   Integrity, full commitment, and a strong sense of ownership.   Readiness to work in a highly intense startup environment, requiring extreme focus, a sense of urgency, and persistence to break through.   Openness to feedback and alternative opinions and ideas.   Comfortable working with remote teams across time zones.   Easy-going personality, high tolerance to cultural differences.   Why joining Smartcat might be your best move so far   The ongoing rise of the content economy is causing a massive shift in the language industry. All today’s megatrends — big data, artificial intelligence, machine learning — are converging in it at lightning speed. Smartcat’s disruptive business model taps into this $50b industry with a market network where buyers and suppliers connect, collaborate, and leverage our free-to-use workflow SaaS. The next decade will be the era of market networks and reinventing the $10 trillion service economy, and we’re pioneering this global transformation in all things language-related.   You will enjoy building with us. You will drive changes in how an old-fashioned global language industry operates while improving how hundreds of thousands of people work, and millions of people exchange knowledge and ideas in the world.   While the language industry is big and fragmented enough to keep us busy building a billion-dollar company in the next few years, we are already seeing how the network naturally expands to adjacent language and content-related verticals, expanding our TAM and making our journey even more exciting.   We are a global team of 100+ enthusiastic people, with hubs in Boston, Amsterdam, Limassol, Moscow, and Hong Kong — and our users and partners are scattered all around the globe. We’re eager to succeed and transform the world of language services for the better. We grow aggressively while preserving our culture of empathy. As diverse as we are, we love working and having fun together, and we’re sure you’ll love working with us too.   Smartcat is backed by Matrix Partners, FJ Labs, and other top VC firms focusing on SaaS and marketplace startups (you might recognize names like HubSpot, Zendesk, Uber, Stripe, RigUp and Quora in their portfolios). This helps us innovate at a fast pace and learn from top professionals in other industries.   We are looking for someone who will become a part of the executive team and play a critical role in the most exciting part of our journey from a post-Series B startup to a company exceeding $1b in GMV. Our journey isn’t for the faint of heart. You need to be an extremely fast learner to bring value to our users and the industry as a whole. You need to see the big picture and execute strategies that significantly increase shareholder value over time. We need a sharp mind who can stay two steps ahead on the road with us. We’ve got lots of success to share if you’re ready for it.  "
Преподаватель английского языка для детей,https://hh.ru/applicant/vacancy_response?vacancyId=46229291,2021-07-20T11:29:22+0300,True,20000,50000,RUR,От 1 года до 3 лет,Полный день,Английский язык;Коммуникативные навыки;,Helen Doron,Краснодар,"We are a team of dedicated teachers. We believe that   language is a magnificent gift   learning is fascinating and should be fun for the students   educating young kids enriches their lives and brightens their futures   everyone deserves support and appreciation   bringing up people who care will change the world   We are highly trained professionals. We follow international methodology of Helen Doron featuring a range of effective programmes for children aged from 3 months to 19 years based on:   communicative approach   use of music and games   positive motivation   values of friendship, equality, environmental awareness   Our teachers are provided with detailed lesson plans for all the classes with a wealth of ideas and age-appropriate tasks and have access to a wide range of unique teaching materials. They feel constant support of the management team with ongoing consultations and training readily available. All Helen Doron teachers are a part of a vibrant inspirational worldwide community. If you   LOVE working with kids   are creative and enthusiastic   believe in making a better world through education   have mastered English at the level of C1 or higher   are ready to have fun!   Join our Helen Doron team! Our school offers a free 5-day training in the methodology with an international teacher trainer and at least two years of guaranteed employment to successful candidates. As well as   legal papers organised and social insurance provided   regular payments with no delays   individual schedule and workload adjusted to your needs   Interested? Here is the plan: 1. Please name the learning center you would like to work at in your cover letter.At the moment we have open positions at the following addresses: Юбилейный, Платановый бульвар, 4,Центральный, Железнодорожная улица, 2/1,Энка, ул. Покрышкина, д. 4/9Яблоновский, ул. Гагарина, 190/2 к.3, new center, opening in August Сочи, ул. Войкова, д. 27 2. Fill in the questionnaire. 3. Wait for our manager to contact you and arrange an appointment, receive the presentation task. 4. Visit our school for an interview and your presentation. Meet us, feel welcome, get feedback and ideas for a short lesson. 5. Present at a real lesson for our students! 6. Settle the details with our manager and sign-up for the training."
Инженер-программист R&D (Phoenixon Controls),https://hh.ru/applicant/vacancy_response?vacancyId=44467840,2021-07-15T10:28:43+0300,False,2500,5800,USD,От 1 года до 3 лет,Полный день,Английский язык;Пользователь ПК;C#;C++;Разработка ПО;,Торговый Отдел Посольства Республики Корея,Москва,"РЕЗЮМЕ РАССМАТРИВАЮТСЯ ТОЛЬКО НА АНГЛИЙСКОМ ЯЗЫКЕ Внимание: работа с переездом в Республику Корея - город Хвасон, провинция Кёнгидо.   Company Name: Phoenixon Controls. The company is specialized in battery solution for electric vehicles and energy storage systems. Web: phoenixon.com Industry Type: electrical equipment Position: R&amp;D engineer Job Details:  Working with programming language such as C/C++, C#; This role may include domestic/international travel; Collaboration with technicians &amp; mechanics to determine solutions to observed issues.  Mandatory Qualifications:  Bachelor&#39;s degree in engineering or a related technical discipline; C#, C++; At least 1 year of experience in elecric vehicle charger development; Strong knowledge of battery behavior; English (Native, Fluent), Korean (Fluent, Intermediate).  Conditions:  Working Days: 5 days per week. Working Hours: 8 hours per day. Working Place (Location): South Korea, Hwasung, Gyonggi-Do. Annual salary: from 30 000 - 70 000 USD. The Term of Contract:  12 months (possible to discuss the period). Insurance, meals and house are provided.    Название компании: Phoenixon Controls. Направление детальности: электрическое оборудование Позиция: R&amp;D инженер Описание работы:  Работа с такими языками программирования, как - C / C ++, C #; Позиция может включать внутренние / международные поездки; Сотрудничество с техническими специалистами и механиками для определения решений наблюдаемых проблем.  Обязательные требования:  Степень бакалавра по направлению - Инженер или смежной технической дисциплины; C #, C ++; Не менее 1 года опыта в разработке зарядных устройств для электрических транспортных средств; Хорошее знание поведения аккумуляторов; Обязательное условие - знание английского (родной, свободный) или корейского (свободный, средний) языков.  Условия работы:  Рабочие дни: 5 дней в неделю. Рабочие часы: 8 часов в день. Место: Республика Корея, город Хвасон, провинция Кёнгидо. Годовая зарплата: от 30 000 до 70 000 USD. Срок контракта: 12 месяцев. Предоставляются страховка, питание и жилье. "
"Senior Consultant (Fraud Investigation, Forensic)",https://hh.ru/applicant/vacancy_response?vacancyId=45653653,2021-07-08T19:26:28+0300,False,,,,От 1 года до 3 лет,Полный день,Audit Expert;Business English;Fraud Investigation;,KPMG,Москва,"KPMG’s Investigation Services team works closely with member firm clients to understand investigation objectives and coordinate our approach to utilize the appropriate resources.   Participation in the following assignments:  Investigation of fraud cases, analyzing financial and business operations of companies, their business processes and management from the perspective of financial fraud; Reviewing financial and other documents to detect potentially suspicious transactions; Providing assistance in asset tracing and consulting clients on potential asset recovery options; Interviewing various parties in the course of fraud investigations; Preparation of documents containing vital information that may be used as evidence in litigation; Collecting and analyzing financial and operating data from public information sources; Providing fraud risk management; Conducting assessments of clients’ anti-fraud policies and procedures, in line with international standards; Preparation of client deliverables, reports, proposals, contracts and other project-related documentation as well as marketing materials; Supervising work of junior staff, coaching and mentoring.  To fill the role the candidate is expected to meet the following requirements:  Completed university degree; 1-2 years of experience in external audit within an advisory firm or 1-2 years of experience in internal audit function of business entities (preferably non-FS); Good knowledge of accounting and financial statements, fundamentals of tax legislation; Good knowledge of key Russian, US, UK, European and global regulatory bodies and of international acts covering anti-money laundering and anti-bribery and corruption (FCPA, UK Bribery Act and local Russian legislation), as well as current enforcement patterns by regulators and governments in these areas; Fluent English; Strong analytical skills; Attention to detail; Ability to work under tight deadlines and multitask; Good organizational and teamwork skills.    We offer:   Dynamic international environment, with a great team of dedicated professionals and innovation leaders within one of the most world-known names in Consulting;   Challenging assignments and transparent path of career and professional growth;   Fair compensation and social package;   International assignment opportunities  "
Event - менеджер / Менеджер сообщества в коворкинге,https://hh.ru/applicant/vacancy_response?vacancyId=46415991,2021-07-21T14:04:53+0300,False,33000,37000,RUR,От 1 года до 3 лет,Полный день,Организация мероприятий;Организаторские навыки;Креативность;Работа в команде;Деловая коммуникация;Навыки переговоров;Тайм-менеджмент;Грамотность;Управление временем;Пользователь ПК;,УК НЭЙМС,Тюмень,"NAMES - это сеть коворкингов, созданных для профессионального развития своих резидентов, где они работают, живут, общаются, учатся в среде, которая поддерживает и помогает. Наша миссия: Мы создаем пространства для работы и развития, без границ и расстояний (Проект Аяза Шабутдинова, подробнее: https://vk.com/names.works) Что мы даем:   Работу в центре Тюмени   Официальное трудоустройство и отличная зарплата   Бесплатный кофе для бодрости   Комфортное рабочее место   График работы 5\2   Новые знакомства и подписчики   Профессиональный и карьерный рост   Возможность участия в создании самого крупного сообщества предпринимателей в РФ   Постоянное движение и развитие с крутой командой и сильным лидером   Возможность влиять на будущее своего города   Твои знания и опыт:   Опыт организации обучающих и развлекательных мероприятий от 6 мес   В административной должности - не менее 1 года   Умение работать с большим потоком людей и информации   Опыт работы в клиентском сервисе   Успешный опыт ведения переговоров и работы со сложными ситуациями   Знание новых технологий, умение пользоваться любой техникой   Грамотная речь   Проведение мероприятий   Что нужно делать:   Организация обучающих и развлекательных мероприятий   Организация программы трекинга   Изучать и предлагать интересные для сообщества мероприятия   Составлять календарный план мероприятий, вовремя анонсировать и отслеживать его выполнение   Отслеживать и влиять на показатели удовлетворенности резидентов   Проводить переговоры об условиях проведения мероприятий для сообщества   Заполнять документы, отчеты   Обеспечивать полную организационную и техническую готовность площадки к мероприятиям   Взаимодействовать с резидентами по всем вопросам проведения мероприятий, работы коворкинга   Вести статистику мероприятий, посещаемости и спроса на различные виды мероприятий, работать с обратной связью   Поддерживать активность чатов, писать посты с информацией и голосованием   Координация и проведение мероприятий   Ты можешь организовать мероприятие любого формата - для тебя нет преград! Ты активный, уверенный и знаешь рынок бизнес - образования как свои пять пальцев! Ты всегда изучаешь новое и мечтаешь стать частью большой мощной команды! Чувствуешь что это твое? Скорее откликайся!    "
Системный администратор,https://hh.ru/applicant/vacancy_response?vacancyId=46255714,2021-07-15T09:53:47+0300,False,,,,От 1 года до 3 лет,Полный день,Active Directory;DHCP;Windows Server 2003;Windows Server 2008 R2;Настройка почтовых серверов;,Чебоксарский Городской Молочный Завод,Чебоксары,"Обязанности:   Обеспечение бесперебойной работы локальных сетей организации, серверов, сетевых устройств.   Инсталляция и настройка системного программного обеспечения.   Регистрация пользователей локальной сети и почтового сервера, назначение идентификаторов и паролей.   Установка прав доступа и контроль за использованием сетевых ресурсов.   Обеспечение своевременного копирования, архивирования данных.   Работа с системными базами данных.   Техническая и программная поддержка пользователей, консультирование пользователей по вопросам работы в локальной сети и программах общего назначения.   Выявление ошибок пользователей и программного обеспечения, их устранение.   Организация сопровождения договоров со сторонними организациями, предоставляющими услуги по коммуникационному, программному и аппаратному оснащению организации.   Устранение аварийных ситуаций, связанных с повреждением программного обеспечения и баз данных.   Организация ремонта средств вычислительной техники с привлечением специализированных организаций.   Осуществление контроля за монтажом оборудования локальной сети специалистами сторонних организаций.   Уверенная работа с:  ADDS (Active Directory Domain Services) - настройка с нуля DHCP (Dynamic Host Configuration Protocol) - настройка с нуля DNS (Domain Name System) - настройка с нуля DFS (Distributed File System) - поддержка VLAN (виртуальная локальная компьютерная сеть) - настройка с нуля Виртуализацией Hyper-V Операционными системами Windows - 7/10, Windows Server - 2016 Kaspersky Security Center v11  Требования:   Опыт работы в аналогичной должности от 2 лет Знания: Windows, SQL, 1С, ITIL, Service Desk, серверное оборудование, сетевое оборудование НР.  Условия:  График работы 5/2 с 8.00 до 17.00; Корпоративная мобильная связь; Трудоустройство по ТК РФ. "
Преподаватель английского языка,https://hh.ru/applicant/vacancy_response?vacancyId=45320228,2021-07-08T22:05:46+0300,False,62000,,RUR,От 3 до 6 лет,Гибкий график,знание методик преподавания английского языка;Опыт работы;Опрятный внешний вид;Грамотная речь;Критическое мышление;Коммуникабельность;Стремление к развитию;Навыки переговоров;Английский язык;Пользователь ПК;Креативность;Ориентация на результат;,ЧОУ ДО Детский клуб Семья,Краснодар,"В связи с расширением Детский образовательный центр Family name ищет сотрудника на должность Преподавателя английского языка. Обязанности:  Преподавать английский язык (в группах и индивидуально) ; Проводить диагностику знаний английского языка; Проводить открытые уроки для родителей; Общение с родителями, умение донести информацию об ученике; Вести ведомость присутствия детей на занятиях; Мотивировать детей на изучение иностранного языка, прививать любовь к английскому.  Требования:  Опыт работы с детьми с различным уровнем подготовки (приветствуется наличие копий сертификатов учеников, сдававших Кембриджские экзамены); Владеть различными современными эффективными методиками преподавания английского, искать и внедрять новейшие методики преподавания; Высшее образование; Умение грамотно излагать свои мысли, доносить идеи до руководства; Тесно работать в команде, выдерживать сроки подготовки детей к экзаменам; Приветствуется наличие второго иностранного языка и возможность его преподавания – французский, испанский, итальянский и т.д.); Любить свое Дело и постоянно развиваться самому!  Условия работы  Гибкий график работы: 5 дней в неделю, суббота, воскресенье – выходные; Зарплата от 50 000р.; Работа на территории центра; Душевные совещания, дружный, отзывчивый коллектив со своими традициями и ценностями.   "
Cyber Security Incident Response Analyst,https://hh.ru/applicant/vacancy_response?vacancyId=46092476,2021-07-20T12:54:47+0300,False,,,,Нет опыта,Полный день,,SOVA CAPITAL LIMITED,Москва,"SOVA Capital Limited is an FCA authorised and regulated broker based in London. We offer institutional and corporate clients a full range of investment brokerage services, including independent research, securities trading, electronic and high-touch execution and public capital markets financing. Now we&#39;re looking to recruit a Cyber Security Incident Response Analyst on a full time, permanent basis to join the existing international team. What you&#39;ll do as a ‘Cyber Security Incident Response Analyst’ in the Cyber Security Department at SOVA Capital: Use data collected from a variety of cyber defence tools (e.g., IDS alerts, firewalls, network traffic logs) to analyse events that occur within their environments for the purposes of mitigating threats. Test, implement, deploy, maintain, and administer the infrastructure hardware and software. Investigate, analyse, and respond to cyber incidents within the network environment or enclave. Functions:  Develop content for cyber defence tools Characterise and analyse network traffic to identify anomalous activity and potential threats to network resources Document and escalate incidents that may cause ongoing and immediate impact to the environment Perform event correlation using information gathered from a variety of sources within the enterprise to gain situational awareness and determine the effectiveness of an observed attack Plan and recommend modifications or adjustments based on exercise results or system environment Receive and analyse network alerts from various sources within the enterprise and determine possible causes of such alerts Use cyber defence tools for continual monitoring and analysis of system activity to identify malicious activity Determine tactics, techniques, and procedures (TTPs) for intrusion sets Conduct research, analysis, and correlation across a wide variety of all source data sets (indications and warnings) Validate intrusion detection system (IDS) alerts against network traffic using packet analysis tools Identify network mapping and operating system (OS) fingerprinting activities Monitor external data sources (e.g., cyber defence vendor sites, Computer Emergency Response Teams, Security Focus) to maintain currency of cyber defence threat condition and determine which security issues may have an impact on the enterprise Coordinate with Cyber Defence Analysts to manage and administer the updating of rules and signatures (e.g., intrusion detection/protection systems, antivirus, and content blacklists) for specialised cyber defence applications Perform system administration on specialised cyber defence applications and systems (e.g., antivirus, audit and remediation) or Virtual Private Network (VPN) devices, to include installation, configuration, maintenance, backup, and restoration Build, install, configure, and test dedicated cyber defence hardware Implement Risk Management Framework (RMF)/Security Assessment and Authorisation (SA&amp;A) requirements for dedicated cyber defence systems within the enterprise, and document and maintain records for them Perform real-time cyber defence incident handling (e.g., forensic collections, intrusion correlation and tracking, threat analysis, and direct system remediation) tasks to support deployable Incident Response Teams (IRTs) Collect intrusion artefacts (e.g., source code, malware, Trojans) and use discovered data to enable mitigation of potential cyber defence incidents within the enterprise Monitor external data sources (e.g., cyber defense vendor sites, Computer Emergency Response Teams, Security Focus) to maintain currency of cyber defense threat condition and determine which security issues may have an impact on the enterprise  Qualifications:  Knowledge of cyber security and privacy principles Knowledge of authentication, authorisation, and access control methods Knowledge of cryptography and cryptographic key management concepts Knowledge of network access, identity, and access management (e.g., public key infrastructure, Oauth, OpenID, SAML, SPML) Knowledge of network traffic analysis methods Knowledge of new and emerging information technology (IT) and cybersecurity technologies Knowledge of how traffic flows across the network (e.g., Transmission Control Protocol [TCP] and Internet Protocol [IP], Open System Interconnection Model [OSI], Information Technology Infrastructure Library, current version [ITIL]) Knowledge of system and application security threats and vulnerabilities (e.g., buffer overflow, mobile code, cross-site scripting, Procedural Language/Structured Query Language [PL/SQL] and injections, race conditions, covert channel, replay, return-oriented attacks, malicious code) Knowledge of key concepts in security management (e.g., Release Management, Patch Management) Knowledge of Virtual Private Network (VPN) security Knowledge of what constitutes a network attack and a network attack’s relationship to both threats and vulnerabilities Knowledge of system administration, network, and operating system hardening techniques Knowledge of cyber attack stages (e.g., reconnaissance, scanning, enumeration, gaining access, escalation of privileges, maintaining access, network exploitation, covering tracks) Knowledge of encryption methodologies Knowledge of signature implementation impact for viruses, malware, and attacks Knowledge of OSI model and underlying network protocols (e.g., TCP/IP) Knowledge of relevant laws, legal authorities, restrictions, and regulations pertaining to cyber defense activities Knowledge of Personally Identifiable Information (PII) data security standards Knowledge of Intrusion Detection System (IDS)/Intrusion Prevention System (IPS) tools and applications Knowledge of network protocols such as TCP/IP, Dynamic Host Configuration, Domain Name System (DNS), and directory services Knowledge of web filtering technologies Knowledge of basic system, network, and OS hardening techniques Knowledge of test procedures, principles, and methodologies (e.g., Capabilities and Maturity Model Integration (CMMI)) Knowledge of transmission records (e.g., Bluetooth, Radio Frequency Identification (RFID), Infrared Networking (IR), Wireless Fidelity (Wi-Fi). paging, cellular, satellite dishes, Voice over Internet Protocol (VoIP)), and jamming techniques that enable transmission of undesirable information, or prevent installed systems from operating correctly Knowledge of the common networking and routing protocols (e.g. TCP/IP), services (e.g., web, mail, DNS), and how they interact to provide network communications  Conditions:   Full-time job   Permanent contract   Competitive salary   Comfortable office   Social package    "
Product Designer,https://hh.ru/applicant/vacancy_response?vacancyId=44885860,2021-07-14T17:53:16+0300,False,,,,От 3 до 6 лет,Удаленная работа,UX;Microsoft Visual Studio;UI;Design;,Smartcat,Москва,"Smartcat is the operating system for the global translation industry. Our team believes that the world becomes ever-more connected and interdependent. The borders that prevent people from trading, working together, and exchanging knowledge and innovations erode over time. That is the future we want to live in. Our mission is to speed up the pace at which that happens, building the best platform for Connected Translation. We don’t believe automation will render language professionals obsolete. Instead, we place powerful software into the hands of the millions of people working to globalize their own industries, plug them into our global supply network, and enable continuous delivery of multilingual content. With tens of thousands of customers and hundreds of thousands of freelancers translating together on Smartcat, we are well on our way. Design at Smartcat The Design team works across many types of product initiatives at Smartcat — from our brand voice and websites to events, web and mobile products, primary qualitative and quantitative research, and even printed publications. Since Smartcat’s main audience is people who make translations, we agonize over and take pride in crafting user-friendly and user-focused experiences.Product Designer Mission You will do meaningful product design work at a highly admired product-driven company that&#39;s driving real change in the industry. We’re trying to make design a core foundation of our company&#39;s DNA. This means that you&#39;ll never have to justify the importance of design. Outcomes:   Work closely with engineers and product managers to define both the long-term strategy and the short-term tactics for our upcoming initiatives.   Work through design problems from beginning to end, translating insights from research and analytics into concepts that form disruptive new products and features, and design the detailed workflows and interactions required to make them a reality.   Collaborate with designers across the organization to raise the quality bar and continuously improve Smartcat’s design processes, principles, and tooling.   Sketch and prototype ideas to quickly assess their viability and design the fine-grained details of components, interactions, and transitions.   Partner with product managers to define and evolve product roadmaps.   Work closely with engineers as you build, iterate on, and ship ideas.   Partner closely with our user research team, drive and support UX research projects.   Understand the array of technical constraints, user goals, and business requirements that shape a product.   Requirements:   Experience designing digital products and systems, not just websites. You have helped ship products that solve real problems, and that people use.   An appreciation of the entire product development process, from problem solving and system modeling to detailed UI, visual, and interaction design.   Ability to design polished, high-fidelity mockups of your solutions using modern design tools such as Figma.   Ability to create interactive prototypes using tools like Figma, Framer.   Strong communication skills to help people across the company understand the rationale behind your proposals, and the complex nuances of design problems.   Motivated self-starter who can deeply collaborate with other disciplines including product management, engineering, research, and analytics.   Have 3+ years relevant design experience at a tech, product-driven company.   A data-driven approach. Ability to justify decisions using concrete metrics.   Integrity and full commitment.   Growth mindset.   Readiness to work in a highly intense startup environment requiring extreme focus, a strong sense of ownership, and persistence to breakthrough.   Openness to constructive feedback and the opinions and ideas of others.   Why joining Smartcat might be your best move so far   The ongoing rise of the content economy is causing a massive shift in the language industry. All today’s megatrends — big data, artificial intelligence, machine learning — are converging in it at lightning speed. Smartcat’s disruptive business model taps into this $50b industry with a market network where buyers and suppliers connect, collaborate, and leverage our free-to-use workflow SaaS. The next decade will be the era of market networks and reinventing the $10 trillion service economy, and we’re pioneering this global transformation in all things language-related.   You will enjoy building with us. You will drive changes in how an old-fashioned global language industry operates while improving how hundreds of thousands of people work, and millions of people exchange knowledge and ideas in the world.   While the language industry is big and fragmented enough to keep us busy building a billion-dollar company in the next few years, we are already seeing how the network naturally expands to adjacent language and content-related verticals, expanding our TAM and making our journey even more exciting.   We are a global team of 100+ enthusiastic people, with hubs in Boston, Amsterdam, Limassol, Moscow, and Hong Kong — and our users and partners are scattered all around the globe. We’re eager to succeed and transform the world of language services for the better. We grow aggressively while preserving our culture of empathy. As diverse as we are, we love working and having fun together, and we’re sure you’ll love working with us too.   Smartcat is backed by Matrix Partners, FJ Labs, and other top VC firms focusing on SaaS and marketplace startups (you might recognize names like HubSpot, Zendesk, Uber, Stripe, RigUp and Quora in their portfolios). This helps us innovate at a fast pace and learn from top professionals in other industries.   We are looking for someone who will become a part of the executive team and play a critical role in the most exciting part of our journey from a post-Series B startup to a company exceeding $1b in GMV. Our journey isn’t for the faint of heart. You need to be an extremely fast learner to bring value to our users and the industry as a whole. You need to see the big picture and execute strategies that significantly increase shareholder value over time. We need a sharp mind who can stay two steps ahead on the road with us. We’ve got lots of success to share if you’re ready for it.        "
Head of Compliance (Moscow),https://hh.ru/applicant/vacancy_response?vacancyId=46090461,2021-07-08T14:39:14+0300,False,,,,Нет опыта,Полный день,,SOVA CAPITAL LIMITED,Москва,"SOVA Capital Limited is an FCA authorised and regulated broker based in London. We offer institutional and corporate clients a full range of investment brokerage services, including independent research, securities trading, electronic and high-touch execution and public capital markets financing. Now we&#39;re looking to recruit a Head of Compliance (Moscow) on a full time, permanent basis to join the existing international team. Overall Responsibilities: Managing the Compliance team in Moscow, this person will support the Chief Compliance Officer in fulfilling the objectives of the department, namely:  BAU Activities – ensure performance of business as usual monitoring, controls and oversight activities as part of the firm’s systems and controls, including investigations; Ad Hoc Tasks / Projects – improve the adequacy, effectiveness and efficiency of the firm’s systems and controls where required, including in response to new laws and regulations; Compliance Monitoring Programme – ensure periodical monitoring and assessing the adequacy and effectiveness of the measures and procedures put in place to prevent and detect any risk of non-compliance with laws and regulations; Ad Hoc Advice – advise the business and support areas in carrying out their duties to comply with regulatory requirements; and Training and Stakeholder Management – maintain the awareness of regulatory requirements among all staff of Sova Capital Limited (the “Firm”), provide training (and ensure completion thereof) where necessary.  Specific Responsibilities: Managing the Compliance team in Moscow, ensuring fulfilment of department objectives, and where necessary:  Assign duties within the team as recorded on the BAU Activities listing and Compliance Monitoring Programme. Provide day-to-day compliance coverage for CMO and Research teams’ activities. Ensure the Firm’s compliance with applicable sanctions legislation, sanction monitoring system development and further improvement. Assign tasks and duties within the Moscow Compliance team to ensure adequate daily coverage in the areas of ABC compliance, large holdings monitoring and Russian Personal Data Protection. Conduct AML, sanctions and other compliance relevant trainings for the Firm employees. Assist in the on-going maintenance and development of Compliance policies and procedures. Manage, respond and monitor ad hoc queries from all business departments in relation to the areas of coverage. Identify and review all emerging or changing legal and regulatory requirements relating to the areas of coverage, advise and ensure the team and business are aware of such changes and, where possible, recommend and support the implementation of the required changes. Share best practice with Compliance colleagues on matters stemming from and in relation to the review process and findings, where appropriate. Ensure on-going professional development of Moscow Compliance team members. Provide the Chief Compliance Officer with Management Information pertaining to KPIs/KRIs, ad hoc tasks / projects and the outcome of review activities (and any notable findings). Lead ad hoc projects, including those related to New Business and Products. Mentor Moscow Compliance team members. Escalate to the senior management and/or Chief Compliance Officer any issues that require time sensitive resolution. Cross-train team members to ensure key tasks could be covered during absence. Improve the adequacy, effectiveness and efficiency of the Firm’s systems and controls where required, including in response to new laws and regulations. Participate in meetings/forums organised by financial services trade and professional organisations and internally as appropriate. Stay abreast of regulatory changes and industrial developments that can impact the business lines and compliance and where appropriate, undertake scope and impact analysis.  Key Requirements:  Ensure that conduct is “Fit and Proper” at all times. Maintain a high level of competency, with Continued Professional Development (CPD). Complete mandatory training in accordance with the firm’s business activities and FCA regulations, including attending training courses as appropriate and as agreed with the Head of Compliance Moscow as part of the annual performance appraisal (learning and development plan). Be aware of and comply with all applicable FCA regulations and guidelines. Have a clear understanding of Sova’s policies and procedures. Ensure compliance with the content and spirit of policies, procedures and agreements, challenging constructively to improve these where appropriate. Ensure internal policies and procedures, and regulatory guidelines and requirements are met and fully complied with. Ensure appropriate escalation and action is taken over any issues identified that are suspicious; and/or suggest the occurrence of fraud, corruption, bribery, money laundering, market abuse, or any other form or financial crime; and/or indicate a significant risk to Sova’s business activities and/or reputation. Liaise and co-ordinate with other departments, such as Legal, Operations and Risk management to ensure swift negotiation and execution of any agreements that are required. Disclose appropriately any information of which the regulators would reasonably expect notice. Demonstrate initiative, assertiveness and ownership of responsibilities. Be able to influence the business to further improve the Compliance culture within the firm. Behave professionally to protect the firm’s brand and reputation. Act at all times ethically and with integrity in every professional situation. Treat colleagues and external providers with dignity, respect and courtesy. Constantly seeks to improve your understanding of the Firm, and encourage this in others. Honour promises and commitments made to others, to do the right thing even when difficult and not to yield to pressure to show bias or manipulate others. Avoid situations and actions considered inappropriate or which present a conflict of interest. Promote firm’s culture and participate in firm-wide initiatives  Continuing Professional Development (CPD):  Improve knowledge in the areas of coverage, other compliance concepts e.g. Market Abuse, Conflict of Interests, Product Governance and Financial Promotions. Pass additional relevant Thomson Reuters on-line trainings. Participate in the relevant seminars conducting by regulator, stock exchange and other vendors used in daily function support.  Goals / Objectives:  Ensure that the business covered controlled effectively and complies with the relevant requirements and standards of the regulation. Complete 100% compliance on-line and off-line trainings by set deadlines. Work towards zero regulatory and compliance breaches.  Conditions:   Full-time job;   Permanent contract;   Competitive salary;   Comfortable office;   Social package.  "
Младший Digital Mаркетолог,https://hh.ru/applicant/vacancy_response?vacancyId=44940439,2021-07-21T10:03:43+0300,True,50000,,RUR,Нет опыта,Полный день,Маркетинговый анализ;Сбор и анализ информации;Аналитические способности;MS Excel;Digital Marketing;Product Marketing;SQL;Python;growth;Google Analytics;Яндекс.Метрика;Google AdWords;Яндекс.Директ;power bi;Tableau;trello;slack;Управление проектами;Английский язык;Контекстная реклама;Интернет-реклама;Internet Marketing;Навыки презентации;,Гигант,Москва,"Привет! Если ты ждал знак, то вот он :) Гигант - это активно растущий стартап, который уже нашел PMF, получил инвестиции от Авито и сфокусировался на многократном росте. Для пользователей - мы сервис быстрого поиска подработки в удобное время и рядом с домом. Для бизнеса - платформа для поиска линейных исполнителей на короткое время. В нашей команде уже более 150 человек, а подрабатывают через нас тысячи. И это только начало :) Поэтому, если такие ценности как: Честность, Любознательность, Взаимоуважение и Амбициозность тебе близки - сейчас самое время присоединиться! Чем предстоит заниматься: Самостоятельно решать и сапортить решение взрослых задачек Growth &amp; Marketing команд. Это про кратный рост эффективности, принятие решений на основе данных, продуктовые и маркетинговые гипотезы, цифры, цифры и еще раз цифры. Будет быстро и сложно! Будет очень много новой информации. Будет много задач из серии: собери табличку, построй сводную, зарисерч, прокастдевь, разбери джобы, организуй встречу, запроджекти, причеши, автоматизируй и т.д. Что это даст тебе: Невероятную возможность участвовать во всех бизнес процессах компании и напрямую влиять на рост бизнеса. А значит получить шанс пройти карьерный путь, который у большинства занимает многие годы, за 10-15 месяцев. Получить ту самую насмотренность, стать T-shaped и осознанно выбрать будущую специализацию - growth, marketing, product, analytics, you name it! И между делом приложить руку к истории с потенциалом больше, чем у Яндекс.Такси :) Наставничество, воркшопы, курсы, конфы и книги - как само собой разумеющееся. Требования:   Здравый смысл и желание работать головой, а не руками   Гиперответственность и четкий тайм менеджмент   Любовь к таблицам и цифрам. Excel и Spreadsheets - твои любимые игрушки   Знание английского на уровне B1+. Большая часть учебного контента будет на английском   Опыт в NoCode интеграциях и прочие прелести современного IT, где &quot;даже моя бабушка может запилить приложулю&quot;   Слова метрики, конверсия, CAC, ROI, LTV и ретеншен не вызывают страха (как минимум можешь быстро загуглить и разобраться к чему это все)   (не обязательно) Python, SQL и прочие страшные слова дают плюс в карму и однозначное преимущество, если за словами есть еще и опыт   Условия:  Офигенная команда экспертов в продукте, маркетинге, аналитике, разработке и бизнесе  Возможность совмещать работу в офисе в Москве/СПб и дома   Полностью белая ЗП   Оплата от 50% до 100% курсов, вебинаров и прочей пользы   Возможность присоединиться к &quot;единорогу&quot; почти на самом старте  "
"Программист-разработчик (AI, Big Data)",https://hh.ru/applicant/vacancy_response?vacancyId=41840255,2021-07-15T10:28:43+0300,False,2083,4416,USD,От 3 до 6 лет,Полный день,Python;Java;Linux;Unix;C++;,Торговый Отдел Посольства Республики Корея,Москва,"РЕЗЮМЕ РАССМАТРИВАЮТСЯ ТОЛЬКО НА АНГЛИЙСКОМ ЯЗЫКЕ Внимание: работа с переездом в Республику Корея. PLEASE SEND YOUR ENGLISH CV   Company Name: Thinkforbl Company Thinkforbl is a software engineering consulting company. Recently, they have been striving to secure AI smart livestock technology related to improvement the productivity of livestock(beef cow, dairy cow, pig) and disease detection and prevention. Industry Type: Computer programming, consultancy and related activities Position: Developer Job Details: For company&#39;s AI Development team the following skills are needed:   a Ph.D. recipient in the relevant field or associated certificate holder;  Experience in development in cloud service environments such as AWS / Azure / GCP; Experience with Python, C/C++, or Java development; Experience in AI engine development, AI algorithm, big data processing; Experience in Unix/Linux environment, distributed or parallel systems, deep learning, machine learning; High knowledge of data structure, algorithms, OOP, and design patterns; Understanding, Analysis, Logic, Judgment, and Expression. Skills in Design Patterns, Refactoring, and Unit Test Frameworks. Knowledge of basic computer theories such as OS,Network, Data Structure, etc. Practical skills in Quality and Testing or is willing to apply them.    Mandatory Qualifications:  Master&#39;s degree in Computer Science(AI, Big Data); At least 3 years of experience; English (Fluent).  Conditions:  Working Days: 5 days per week. Working Hours: 8 hours per day. Working Place (Location): South Korea, Seoul. Annual salary: from 25 000 - 53 000 USD. The Term of Contract: 12 months (possible to discuss the period). Insurance is provided. "
Scrum Master (Montenegro),https://hh.ru/applicant/vacancy_response?vacancyId=46023235,2021-07-06T16:42:48+0300,False,,,,Нет опыта,Полный день,Atlassian Jira;Английский язык;Coaching;Leadership Skills;Atlassian Confluence;,LIBERTEX,Москва,"Description Libertex is an international financial services group specializing in online trading and investment. It was founded as a brokerage firm in 1997 and has since grown into a diverse group of companies, brokers, dealers, educational and IT-development centers which allows the group to operate globally, target 27 countries and serve clients from 120 countries. The company has received more than 100 international awards and recognitions including, most recently, being named “Best Trading Platform 2020” by World Finance Magazine and “Best FX Broker Europe 2020” by Forex Report. Job Overview Scrum Masters are servant leaders and coaches for a Squad. They help educate the team in Scrum, Extreme Programming (XP), Kanban, and SAFe, ensuring that the agreed Agile process is being followed. The Scrum Master primary responsibility is assisting the self-organizing, self-managing team achieve its goals. Scrum Masters do this by teaching and coaching team practices, implementing and supporting Agile and Lean principles and practices, identifying and eliminating impediments, and facilitating flow.  Exhibit Lean-Agile leadership Support the team rules Facilitate the team’s progress toward team goals Lead team efforts in relentless improvement Facilitate meetings Support the Product Owner Eliminate impediments Promote SAFe quality practices Build a high-performing team Protect and communicate Responsibilities on the train Coordinate with other teams Facilitate preparation and readiness for ART events Support estimating  Requirements:   Experience playing the Scrum Master role for at least 2 years for a software development team Good skills and knowledge of servant leadership, facilitation, situational awareness, conflict resolution, continual improvement, empowerment, and increasing transparency Knowledge of numerous well documented patterns and techniques for filling in the intentional gaps left in the Scrum approach (example: numerous Burndown techniques, numerous Retrospective formats, handling bugs, etc.) The ability to distinguish between what &quot;is Scrum&quot; what is &quot;not Scrum&quot; Certified in relevant Project and Agile certifications English: Fluent Knowledge of JIRA/Confluence is an advantage  As a plus:  Experience being on multiple Scrum teams in a variety of different contexts (different team sizes, different organizations, different cultures, co-located vs. distributed, etc.) Track record of continued and recent education in Scrum, including training, conferences, user groups, self study, etc. Knowledge of other approaches discussed in the Agile space: XP, Kanban, Crystal, FDD, etc. Knowledge and/or experience with widely successful Agile techniques: User Stories, ATDD, TDD, Continuous Integration, Continuous Testing, Pairing, Automated Testing, Agile Games Applicable knowledge of the technologies used by the team Previous experience as a collaborative leader    Benefits:   Work in the reliable and stable well-known company European Office (Montenegro, Podgorica) Payment of relocation and organization of the legalization for employees and their families Competitive salary Medical insurance for all family members We compensate you once a year flight home 21 working days of annual leave plus 14 days public holidays Work in the friendly professional team Unique international corporate culture "
Инженер (оборудование - Phoenixon Controls),https://hh.ru/applicant/vacancy_response?vacancyId=44700070,2021-07-15T10:28:44+0300,False,2500,5800,USD,От 1 года до 3 лет,Полный день,Английский язык;Пользователь ПК;Hardware;,Торговый Отдел Посольства Республики Корея,Москва,"РЕЗЮМЕ РАССМАТРИВАЮТСЯ ТОЛЬКО НА АНГЛИЙСКОМ ЯЗЫКЕ Внимание: работа с переездом в Республику Корея - город Хвасон, провинция Кёнгидо.   Company Name: Phoenixon Controls. The company is specialized in battery solution for electric vehicles and energy storage systems. Web: phoenixon.com Industry Type: electrical equipment Position: Hardware engineer Job Details:  Work with various development teams, hardware engineers to stage, document, test and maintain the on site hardware and softwar lab environment. Collaboration with technicians &amp; mechanics to determine solutions to observed issues.  Mandatory Qualifications:  Bachelor&#39;s degree in electronic engineering or a related technical discipline; At least 1 year of experience in elecric vehicle charger development; Strong knowledge of battery behavior; English (Native, Fluent), Korean (Fluent, Intermediate).  Conditions:  Working Days: 5 days per week. Working Hours: 8 hours per day. Working Place (Location): South Korea, Hwasung, Gyonggi-Do. Annual salary: from 30 000 - 70 000 USD. The Term of Contract:  12 months (possible to discuss the period). Insurance and meals are provided.    Название компании: Phoenixon Controls. Направление детальности: электрическое оборудование Позиция: Инженер (аппаратное оборудование) Описание работы:  Общение с группами разработчиков и инженеров по аппаратному обеспечению для подготовки, документирования, тестирования и обслуживания аппаратной среды и лабораторной среды программного обеспечения. Сотрудничество с техническими специалистами и механиками для определения решений наблюдаемых проблем.  Обязательные требования:  Степень бакалавра по направлению - Инженер или смежной технической дисциплины; Не менее 1 года опыта в разработке зарядных устройств для электрических транспортных средств; Хорошее знание поведения аккумуляторов; Обязательное условие - знание английского (родной, свободный) или корейского (свободный, средний) языков.  Условия работы:  Рабочие дни: 5 дней в неделю. Рабочие часы: 8 часов в день. Место: Республика Корея, город Хвасон, провинция Кёнгидо. Годовая зарплата: от 30 000 до 70 000 USD. Срок контракта: 12 месяцев. Предоставляются страховка и питание. "
Младший аналитик данных,https://hh.ru/applicant/vacancy_response?vacancyId=44490685,2021-07-06T17:40:10+0300,False,,,,От 1 года до 3 лет,Полный день,Python;Django Framework;Английский язык;Data Mining;Microsoft Visual Studio;,"Программный Продукт, ИТ-компания",Москва,"Обязанности:  Решать практические NLP-задачи для русского языка: NER, тематическое моделирование, суммаризация текстов Разрабатывать ML/DL решения для кластеризации, классификации текстов и извлечения информации Создавать и оптимизировать алгоритмы для обработки текстов Подготовка датасетов, предобработка данных  Требования:  знание основ NLP (named entity recognition, information extraction, text summarization, topic modelling, language detection и др.) и машинного обучения Python 3.6+ умение применять библиотеки для обработки данных (sklearn, pandas, numpy, scipy, gensim) умение применять библиотеки для работы с текстами (pymorphy2, pymystem3, spacy) опыт работы с любым векторным представлением слов (word2vec, fasttext, ELMO, BERT) опыт работы с любым DL-фреймворком (Tensorflow Keras / PyTorch).  Будет плюсом:  профильное высшее образование/студент последнего курса (техническое/компьютерная лингвистика) базовые навыки backend разработки с помощью Flask/Django git опыт работы с БД (SQL/NoSQL)  Условия:  работа в крупной компании, занимающей лидирующие позиции на рынке разработки ПО в России; развивающая эко-среда проектного офиса в кругу единомышленников и близких по духу сотрудников; возможность участвовать в перспективных социально значимых проектах федерального масштаба; ранжированные программы ДМС с полным пакетом медицинских услуг; услуги штатного психолога, терапевта и массажиста; система грейдов и бенефитов; программы внутреннего и внешнего профессионального обучения и сертификации; широкий перечень корпоративных программ лояльности (фитнес, мобильная связь, изучение английского языка по корпоративным ценам); разнообразные корпоративные активности (тимбилдинги, витаминные дни, детские мероприятия, регулярные турниры по киберспорту, шахматам, настольному теннису, футболу и волейболу); современный комфортабельный офис (бизнес-центр класса В+) в шаговой доступности от ст. метро Парк Победы/Фили. "
E-Commerce Marketing Intern,https://hh.ru/applicant/vacancy_response?vacancyId=46374439,2021-07-20T12:25:59+0300,False,,,,Нет опыта,Полный день,Multitasking;MS PowerPoint;Business Development;Presentation skills;Organization Skills;,Diageo,Москва,"At Diageo, we’re the custodians of globally-recognised, timeless brands. With names such as Baileys, Guinness, Gordon’s and Johnnie Walker, we boast a deep and rich history of great character and outstanding products. We’re also the leading beverage alcohol company in every region of the world. We source, produce and deliver 6.5 billion litres every year across 180 markets globally. So, as you can imagine, this isn’t a typical or ordinary start to your career. Our aim is to make Diageo the best performing, most trusted and respected consumer products company in the world. To get there, we need driven, enthusiastic and passionate teams across every area of our business. That’s where you come in. With us, there’s the chance to join a dynamic community of individuals who genuinely love their work. We offer the perfect blend of local and global projects to take part in, so whether it’s sales, marketing, supply, finance or HR, there’s a world of opportunity waiting for you here. With us, character is everything. It was the launchpad of our business and it’s vital to our success today. It means bold decision-making, great standards and a restless commitment to be the best. If you share our vision, join the team.   About the Role The person in this role is required to support a few of e-comm projects from the early stages:   Content management process which includes content creation, storage, keeping it up-to-date and customizations for our partners across Eastern Europe   Set-up the most efficient way of e-comm content exchange with customers   Online shelf monitoring   Sales &amp; Customer Activations teams support with content Presentations creation   Agencies management   You will be required to manage multitasking job in a very progressive and booming area of e-commerce in Eastern Europe (TOP-priority Markets are Russia, Ukraine, Israel, Romania, Czech Republic).   E-commerce is completely new for Diageo and fast changing world of technologies and insights so you should be ready to work in high-speed mode and to build the processes from scratch.     About You We are looking for open-minded and proactive person, who has passion for development in different areas such as data processions and management, processes set-up and communication. You should be also curious about E-Comm, technologies, marketing and able to work with a big amount of data. If you are still not sure about the area of further development this role would be a great chance to understand what is data management, marketing and sales in e-commerce and project management and then to decide where to move forward. Experience required/Skills/capabilities/Languages.   Graduate in Economics/Mathematics/Sociology   Fluent English speaker is a must   Brilliant Excel skills are required especially for content management and customizations   Confident user of Power Point   Strong presentation skills would be an advantage   Experience in data management/e-commerce would be an advantage but not a must   Strong interpersonal communicator   It will be temporary project for 6 months.      "
Web-разработчик,https://hh.ru/applicant/vacancy_response?vacancyId=41840218,2021-07-15T10:28:43+0300,False,2083,4416,USD,От 3 до 6 лет,Полный день,Английский язык;Web Application Development;,Торговый Отдел Посольства Республики Корея,Москва,"РЕЗЮМЕ РАССМАТРИВАЮТСЯ ТОЛЬКО НА АНГЛИЙСКОМ ЯЗЫКЕ Внимание: работа с переездом в Республику Корея. PLEASE SEND YOUR ENGLISH CV   Company Name: Thinkforbl Company Thinkforbl is a software engineering consulting company. Recently, they have been striving to secure AI smart livestock technology related to improvement the productivity of livestock(beef cow, dairy cow, pig) and disease detection and prevention. Industry Type: Computer programming, consultancy and related activities Position: Developer Job Details: For company&#39;s Web and Service Development team the following skills are needed:  Ability to develop a Web-based Back-end System; High understanding of Cloud Platforms and Architectures; Capabilities for Database Design Mobile Development Proficiency in Cross-platform, Native and Hybrid Web. Understanding, Analysis, Logic, Judgment, and Expression. Skills in Design Patterns, Refectoring, and Unit Test Frameworks. Knowledge of basic computer theories such as OS,Network, Data Structure, etc. Practical skills in Quality and Testing or is willing to apply them.    Mandatory Qualifications:  Bachelor degree in Computer Science; At least 3 years of experience; English (Fluent).  Conditions:  Working Days: 5 days per week. Working Hours: 8 hours per day. Working Place (Location): South Korea, Seoul. Annual salary: from 25 000 - 53 000 USD. The Term of Contract: 12 months (possible to discuss the period). Insurance is provided. "
CRM Software Analyst (Montenegro),https://hh.ru/applicant/vacancy_response?vacancyId=46023719,2021-07-06T16:50:43+0300,False,,,,От 1 года до 3 лет,Полный день,Salesforce;Английский язык;UML;SQL;CRM;,LIBERTEX,Москва,"Description Libertex is an international financial services group specializing in online trading and investment. It was founded as a brokerage firm in 1997 and has since grown into a diverse group of companies, brokers, dealers, educational and IT-development centers which allows the group to operate globally, target 27 countries and serve clients from 120 countries. Through its proprietary mobile and online trading platforms, Libertex offers trading in Forex, crypto, stocks, CFDs, futures, funds and indices. The company has received more than 100 international awards and recognitions including, most recently, being named “Best Trading Platform 2020” by World Finance Magazine and “Best FX Broker Europe 2020” by Forex Report. The Group continues to build upon this foundation and invest in emerging opportunities. As Libertex moves into the future, it will continue to invest in human resources, technology, and infrastructure enabling it to continue being a leader in the financial services industry. Requirements  Experience with Salesforce or other CRM systems Experience in collecting and analyzing requirements Strong communication skills Strong skills in technical writing (short, clear, complete texts) Analytical skills. You will need to operate at different abstraction levels Troubleshooting skills Modeling (UML or BPMN). (Sequence diagram, Activity diagram). Understanding the difference between sequence diagram and activity diagram, between functional and non-functional requirements and between get and post requests  Highly desirable:  Experience as Salesforce Analyst/Admin/Developer OR experience as Java Developer Experience with both Classic and Lightning UI, Salesforce integrations, Communities, Sales Cloud, Service Cloud, APEX, process automation tools (WFR, PB, flows, approval processes) High level of technical understanding within the Salesforce platform and its capabilities Understanding Salesforce objects relationships Experience of composing user guides and technical documentation Fluent in Russian English no less than Upper-Intermediate  Nice-to-have:  Salesforce certification Experience with SQL (SOQL), PostgreSQL  Benefits  Work in a dynamic and fast-paced international company Beautiful emerging European destination (Montenegro, Podgorica) Low cost of living Generous relocation package Competitive tax free salary Comprehensive medical insurance for all family members Annual reimbursement of flight home for employee and family 21 working days of annual leave plus 14 days public holidays Fun and friendly professional environment Use of leading technologies and modern business practices such as Agile Excellent training and development opportunities Rapidly expanding global footprint "
Sales Director,https://hh.ru/applicant/vacancy_response?vacancyId=46390452,2021-07-20T18:06:34+0300,False,3500,5000,USD,От 3 до 6 лет,Удаленная работа,Team management;Sales Management;Business Development;Sales Planning;Teambuilding;,ElectroNeek,Москва,"About ElectroNeek ElectroNeek is a rapidly-scaling SaaS company in the Robotic Process Automation space. Having graduated from Y Combinator in the winter 2020 batch, we’ve grown incredibly quickly to 200+ clients, and 70+ globally distributed employees. Founded by pioneers in the RPA space, with deep experience in the domain, we’re backed by market-leading investors, including 645 Ventures and SOMA Capital. We’re anticipating continued and dramatic growth through 2021, as we are enabling unfettered access to the benefits of intelligent hyperautomation, without the typical enterprise-level costs and headcount. We were recently named G2’s momentum leader in the RPA space for 2021 - 2 quarters running! Our team has garnered a host of accolades; in just one short year we’ve made our way up the charts to become a top-ranked intelligent automation solution in the US, as ranked by both G2 and Capterra/Gartner. ________________________________ Our explosive growth has opened up a host of new opportunities; we are presently seeking an experienced sales leader for our North American Account Executive team, in order to further shepherd our team through our next phase of rapid growth and expansion. You will have access to a cutting-edge sales stack, and have the opportunity to create and define process in a rapidly-scaling, global firm, working with one of the most quickly-growing technologies on the market. As we approach our Series A, we have a well-defined ICP, blue ocean, an underserved target market, and a sales playbook that is beginning to show repeatability and scalability. Your oversight will ensure that we execute flawlessly. The Role: As our Head of Sales for North America, you will be responsible for leading and mentoring our current team of 4 in-region Account Executives, from the translation of strategic narrative into execution playbooks, through to daily call coaching in our conversation intelligence (Gong) platform, with the overarching goal of reaching monthly, quarterly, and annual activity and revenue targets. You will tailor the playbooks to our various customer and partner constituencies, hire, onboard, and train future team members (anticipated growth is to 8-10 AEs by end of ‘21,) oversee usage of all sales tools to corporate standards, and overall enable our velocity sales motion to work at maximum efficacy by eliminating friction points in real time. Ideal candidates for this position have borne the responsibility of owning “the number” for all of North America in an early-stage, rapidly-scaling SaaS startup, and have true passion for this dynamic, demanding, and incredibly rewarding phase in a company’s growth curve. With deep early-stage company experience in our executive team, you will be incredibly well-supported, but will bring a spark of perseverance, indomitable will, and rigorous detail orientation in order to foster our market-beating growth.  Responsibilities:   Maintain impeccable process oversight for all aspects of the sales cycle, from first meetings and demonstrations, through to POCs, building a business case, and contract execution.   Rigorously and religiously maintain our CRM - you believe it’s the ultimate source of truth, and are able to wield the SFDC reporting tab in order to garner real-time insights about the health of the overall team and market. You’re fanatical about helping your team understand the importance of complete, accurate data here, and you simply don’t end a business day without ensuring CRM is up-to-the-minute.   Leverage our sales tools to ensure the team is operating efficiently and maximizing the potential of every interaction - you can seamlessly translate our strategic objectives into tactical daily guidance for the team, based on insights you are garnering from the sales stack.   Rapidly digest and understand our GTM, ICP, and TAM, and translate these top-level concepts into actionable motions for the team.   Develop the best sales culture in SaaS; celebrate the wins, learn from everything else, and never stop helping your team learn and grow. You are always coaching, with hands-on training and mentoring where you deem it necessary, and fostering an environment with high expectations made possible by best-in-class training and enablement.   Develop incredibly productive cross-functional relationships across the organization, from finance, to hr, marketing, support, and product. You support and enable your peers, and they in turn will hold your hand as we strive to run up the mountain together.   You own the overall KPI metrics; from top to bottom, for your team. Your ability to understand what actions to take, based upon the story the data is telling you, is critical.   This is an outcomes-based role, but your expertise on the requisite methodologies to get the team there is what is going to drive day-to-day success. You’ve been in that seat, and you still hone your own skills to remain sharp, even though this is a dedicated management role.   You have experience in formal sales methodologies. Which one isn’t so important as having a clear vision of how to manage an opportunity from open to close, and the management of a team with a high volume of said opportunities.   Work closely with customer success to actualize our land and expand philosophy; increased consumption of ElectroNeek products truly does enable increased success for our partners and clients. You passionately believe and execute upon this.   You will work with a team of account executives distributed across North America. Your ability to create and foster relationships and culture with your team in a remote-first environment is a critical element of success.   You’re always recruiting, and building your network to have the next great hire at the ready.   Hard skills and qualifications:   Bachelor&#39;s Degree.   3+ years experience leading a Sales team in a SaaS startup, with ownership of the full North American market.   At least 4 years of experience as a quota-carrying individual contributor, with a preference for “velocity” sales cycles.   Experience selling development tools or environments is a strong plus   You have deep experience working with the channel, from VARs through to MSPs.   You have a social graph, and are highly comfortable with a “public-facing” management role; you’re equally at-home running a pipeline meeting, hosting an ElectroNeek webinar, or being at a tradeshow booth.   Exemplary written and verbal skills; you can extemporize on-demand when needed, both in internal and external meetings.   Strong organizational skills with the ability to deliver on multiple projects simultaneously.   Demonstrated ability to be cross-functional, and work together with various stakeholders to drive outcomes.   Superb interpersonal skills, ability to quickly build rapport over Zoom with anyone you’re speaking with.   Comfortable working in a remote and independent environment.   We offer:   A fully-remote, tech-enabled environment. Work from anywhere in the US / Canada (we are recruiting for roles in all time zones.).   An exceptionally tight-knit team of friendly colleagues   Opportunity to work with an internationally-distributed team   Rapid advancement and promotion opportunities  "
Senior Product Designer,https://hh.ru/applicant/vacancy_response?vacancyId=44886600,2021-07-14T17:53:16+0300,False,,,,От 3 до 6 лет,Удаленная работа,UX;Leadership Skills;Product Management;Microsoft Visual Studio;UI;,Smartcat,Москва,"Smartcat is the operating system for the global translation industry. Our team believes that the world becomes ever-more connected and interdependent. The borders that prevent people from trading, working together, and exchanging knowledge and innovations erode over time. That is the future we want to live in. Our mission is to speed up the pace at which that happens, building the best platform for Connected Translation. We don’t believe automation will render language professionals obsolete. Instead, we place powerful software into the hands of the millions of people working to globalize their own industries, plug them into our global supply network, and enable continuous delivery of multilingual content. With tens of thousands of customers and hundreds of thousands of freelancers translating together on Smartcat, we are well on our way. Design at Smartcat The Design team works across many types of product initiatives at Smartcat — from our brand voice and websites to events, web and mobile products, primary qualitative and quantitative research, and even printed publications. And since Smartcat’s main audience is other people who make translations, we agonize over and take pride in crafting user-friendly and user-focused experiences.The Design team works across many types of product initiatives at Smartcat — from our brand voice and websites to events, web and mobile products, primary qualitative and quantitative research, and even printed publications. And since Smartcat’s main audience is other people who make translations, we agonize over and take pride in crafting user-friendly and user-focused experiences.  Senior Product Designer Mission The Product Design team ensures Smartcat&#39;s products address meaningful, important problems, solving these problems in intuitive and innovative ways. Our team advocates for great products from a deep understanding of user needs, constantly raising the bar on consistency, usability, and delight. We do this through the practice of UX design, the development of design systems and tooling, product writing, and design research. We’re looking for a talented and experienced Senior Product Designer to help turn our mission from vision to reality. You&#39;ll design the product development lifecycle — from new disruptive ideas all the way to detailed interactions and polished visuals. We’re trying to make design a core foundation of our company&#39;s DNA. This means that you&#39;ll never have to justify the importance of design. Outcomes:   Act as a leader within the Product Design team, collaborating with other designers to make their work and the whole team better   Work through design problems from beginning to end: translating research insights into ideas that form disruptive new products and features, then designing the workflows and detailed interactions to realize them   Sketch and prototype ideas to quickly access viability, and design the fine grained details of interactions   Iterate based on feedback from the whole team   Work closely with engineers as they build and ship ideas   Own the success or failure of their design work and initiate design and engineering sprints to improve shipped work   Requirements:   Experience designing digital products and systems, not just websites. You have helped ship products that solve real problems, and that people use.   Experience designing experiences that people can access on any type of device: desktop, tablet, phone   An appreciation of the entire product development process, from problem solving and system modelling, through to detailed UI, visual, and interaction design.   Ability to design polished, high-fidelity mockups of your solutions using modern design tools such as Figma.   Ability to create interactive prototypes using tools like Figma, Framer.   Excellent communicator of design work and your rationale behind proposals   Excellent self starter who can deeply collaborate with engineers   Have 4+ years relevant design experience at a tech, product-driven company   A data-driven approach. Ability to justify decisions using concrete metrics   Integrity and full commitment   Growth mindset   Readiness to work in a highly intense startup environment requiring extreme focus, a strong sense of ownership, and persistence to breakthrough   Openness to constructive feedback and the opinions and ideas of others   Why joining Smartcat might be your best move so far   The ongoing rise of the content economy is causing a massive shift in the language industry. All today’s megatrends — big data, artificial intelligence, machine learning — are converging in it at lightning speed. Smartcat’s disruptive business model taps into this $50b industry with a market network where buyers and suppliers connect, collaborate, and leverage our free-to-use workflow SaaS. The next decade will be the era of market networks and reinventing the $10 trillion service economy, and we’re pioneering this global transformation in all things language-related.   You will enjoy building with us. You will drive changes in how an old-fashioned global language industry operates while improving how hundreds of thousands of people work, and millions of people exchange knowledge and ideas in the world.   While the language industry is big and fragmented enough to keep us busy building a billion-dollar company in the next few years, we are already seeing how the network naturally expands to adjacent language and content-related verticals, expanding our TAM and making our journey even more exciting.   We are a global team of 100+ enthusiastic people, with hubs in Boston, Amsterdam, Limassol, Moscow, and Hong Kong — and our users and partners are scattered all around the globe. We’re eager to succeed and transform the world of language services for the better. We grow aggressively while preserving our culture of empathy. As diverse as we are, we love working and having fun together, and we’re sure you’ll love working with us too.   Smartcat is backed by Matrix Partners, FJ Labs, and other top VC firms focusing on SaaS and marketplace startups (you might recognize names like HubSpot, Zendesk, Uber, Stripe, RigUp and Quora in their portfolios). This helps us innovate at a fast pace and learn from top professionals in other industries.   We are looking for someone who will become a part of the executive team and play a critical role in the most exciting part of our journey from a post-Series B startup to a company exceeding $1b in GMV. Our journey isn’t for the faint of heart. You need to be an extremely fast learner to bring value to our users and the industry as a whole. You need to see the big picture and execute strategies that significantly increase shareholder value over time. We need a sharp mind who can stay two steps ahead on the road with us. We’ve got lots of success to share if you’re ready for it.  "
"Backend/Fullstack разработчик (C#, .Net Core, JS, Vue.js)",https://hh.ru/applicant/vacancy_response?vacancyId=44598488,2021-07-08T17:33:45+0300,False,,250000,RUR,От 3 до 6 лет,Удаленная работа,C#;ASP.NET;.NET Core;SQL;API;,Russ Outdoor,Москва,"Russ Outdoor - крупнейший оператор наружной рекламы в России. У нас есть собственная разработка ПО для различных проектов и нужд компании. Мы не ИТ-компания, у нас нет прописанных до мельчайших моментов процессов, которые надо строго соблюдать, мы не работаем по конкретной методологии. У нас больше свободы + масштабный проект + поддержка бизнеса + амбициозные цели на развитие. Мы ищем backend разработчика (уровня middle и выше) с опытом программирования на C#, .Net Core для работы над новым проектом, связанным с публикацией видео-контента на цифровых рекламных щитах. Обязательные требования: опыт разработки с использованием c#, mvc/core asp.net. Желателен опыт работы со следующими технологиями (не обязательно со всеми): reactive extensions, immutable collections, dependency injection/ioc, cross process communication (named pipes/wait handles/shared memory); direct3d (11.1, hlsl, texture compression), direct2d, directWrite; Что касается soft-skills, мы ожидаем максимальной самостоятельности и проактивности. Мы всегда рады новым идеям, свежему взгляду, открыты к новому опыту. Условия:  возможен удаленный формат работы адрес офиса: БЦ Riga Land, 9км Новорижского шоссе, есть корпоративный транспорт от м.Строгино и Щукинская, от ж\д станции Красногорская, бесплатная парковка для сотрудников оформление по ТК РФ, белая зарплата до 230 тысяч рублей на руки (по результатам собеседования), ДМС "
Junior Product manager,https://hh.ru/applicant/vacancy_response?vacancyId=44940321,2021-07-21T10:03:47+0300,True,50000,,RUR,От 1 года до 3 лет,Полный день,Маркетинговый анализ;Сбор и анализ информации;Аналитические способности;MS Excel;Digital Marketing;Product Marketing;SQL;Python;growth;Google Analytics;Google AdWords;Яндекс.Директ;Internet Marketing;Контекстная реклама;Яндекс.Метрика;Навыки презентации;Управление проектами;power bi;Tableau;trello;slack;Английский язык;,Гигант,Москва,"Привет! Если ты ждал знак, то вот он :) Гигант - это активно растущий стартап, который уже нашел PMF, получил инвестиции от Авито и сфокусировался на многократном росте. Для пользователей - мы сервис быстрого поиска подработки в удобное время и рядом с домом. Для бизнеса - платформа для поиска линейных исполнителей на короткое время. В нашей команде уже более 150 человек, а подрабатывают через нас тысячи. И это только начало :) Поэтому, если такие ценности как: Честность, Любознательность, Взаимоуважение и Амбициозность тебе близки - сейчас самое время присоединиться! Чем предстоит заниматься: Самостоятельно решать и сапортить решение взрослых задачек Growth &amp; Marketing команд. Это про кратный рост эффективности, принятие решений на основе данных, продуктовые и маркетинговые гипотезы, цифры, цифры и еще раз цифры. Будет быстро и сложно! Будет очень много новой информации. Будет много задач из серии: собери табличку, построй сводную, зарисерч, прокастдевь, разбери джобы, организуй встречу, запроджекти, причеши, автоматизируй и т.д. Что это даст тебе: Невероятную возможность участвовать во всех бизнес процессах компании и напрямую влиять на рост бизнеса. А значит получить шанс пройти карьерный путь, который у большинства занимает многие годы, за 10-15 месяцев. Получить ту самую насмотренность, стать T-shaped и осознанно выбрать будущую специализацию - growth, marketing, product, analytics, you name it! И между делом приложить руку к истории с потенциалом больше, чем у Яндекс.Такси :) Наставничество, воркшопы, курсы, конфы и книги - как само собой разумеющееся. Требования:   Здравый смысл и желание работать головой, а не руками   Гиперответственность и четкий тайм менеджмент   Любовь к таблицам и цифрам. Excel и Spreadsheets - твои любимые игрушки   Знание английского на уровне B1+. Большая часть учебного контента будет на английском   Опыт в NoCode интеграциях и прочие прелести современного IT, где &quot;даже моя бабушка может запилить приложулю&quot;   Слова метрики, конверсия, CAC, ROI, LTV и ретеншен не вызывают страха (как минимум можешь быстро загуглить и разобраться к чему это все)   (не обязательно) Python, SQL и прочие страшные слова дают плюс в карму и однозначное преимущество, если за словами есть еще и опыт   Условия:   Офигенная команда экспертов в продукте, маркетинге, аналитике, разработке и бизнесе   Возможность совмещать работу в офисе в Москве/СПб и дома   Полностью белая ЗП   Оплата от 50% до 100% курсов, вебинаров и прочей пользы   Возможность присоединиться к &quot;единорогу&quot; почти на самом старте  "
Middle Data Scientist / ML-engineer (NLP),https://hh.ru/applicant/vacancy_response?vacancyId=45704018,2021-07-21T10:15:54+0300,False,100000,200000,RUR,От 1 года до 3 лет,Удаленная работа,NER;sentence encoder;deeppavlov;production-ready code;dialogue systems;dialogue state tracking;,РЕ:ПОИНТ,Новосибирск,"Привет! Мы - компания Re:point, продуктовая IT- компания. Работаем на российском и зарубежном рынке с 2012 года. Сейчас мы разрабатываем несколько инновационных продуктов для фармацевтического ритейла с использованием алгоритмов машинного обучения. Используются технологии в области CV &amp; Speech-to-Text с последующей обработкой и визуализацией данных в статистических панелях. NLP работает с результатом обработки STT (диалоги в аптеках), основная задача - это извлечение именованных сущностей из текстов фармацевтического содержания. Сейчас мы ищем опытного инженера для работы с естественным языком.   Обязанности:   Предобработка текстового описания товара (очистка, токенизация, лемматизация);   Предобработка результатов мультиязычного STT;   Извлечение именованных сущностей и ключевых слов;   Морфологический, синтаксический анализ;   Требования:   Умение писать production-ready код в Python;   Опыт работы с классическим ML алгоритмами и библиотеками (sklearn/scipy/pandas/numpy stack);   Опыт работы с алгоритмами и библиотеками машинного обучения в NLP (с некоторыми из представленных): nltk, deeppavlov, spacy, gensim и Named Entity. Recognition (в особенности DrugNER);   Опыт работы с русским языком:   морфология: pymorphy2;   парсеры грамматик: Tomita parser, yargy.     Опыт обучения глубоких нейронных сетей с использованием фреймворков Tensorflow, Keras, PyTorch на собственных данных.   Векторизация: bow, tf-idf, sentence-encoder.   Дистрибутивная семантика: word2vec, fasttext, и др.   Контроль версий: git.     Будет плюсом:   Разработка диалоговых систем;   Опыт работы с базами данных;   Опыт подготовки web-сервисов для ML-моделей;   Опыт работы с моделями text-to-text (T5).   Участие и победы в Kaggle.   Условия:   Удаленная работа;   Официальное оформление по ТК РФ;   Конкурентная, &quot;белая&quot; ЗП;   Гибкое начало и окончание рабочего дня;   Работа в продуктовой команде, ревью;   Конференции, митапы, учебные курсы за счет компании;   Открытое к диалогу руководство;   Возможность влиять на развитие продукта и компании.  "
Technical Support Engineer,https://hh.ru/applicant/vacancy_response?vacancyId=44108294,2021-07-14T10:11:46+0300,False,,,,От 1 года до 3 лет,Удаленная работа,Linux;Monitoring;Troubleshooting;Atlassian Jira;Asterisk;Zabbix;,IDT Technologies,Санкт-Петербург,"IDT is looking for a Technical Support Engineer. The main role in this position is to proactively monitor and resolve all production alerts within IDT’s Global network. As a part of IDT Team you will:  Proactively monitor all production networks, applications, and services. Respond to &amp; resolve alerts/alarms according to standard operating procedures. Track all issues in a ticketing system. Escalate alerts/issues to the appropriate Support team and work with Support team towards a timely resolution.  We would like to see:  Excellent monitoring / troubleshooting skills. Working knowledge of Windows and Linux OS, Networks. Working knowledge of issues/ticket track system. Good English (both oral and written) – B2+  It&#39;s a plus if you have:  Knowledge of Cisco or Juniper network devices. Knowledge of Cloud Computing. Knowledge of SIP, VoIP.  Work schedule:  From Monday to Friday (changeable schedule, without night shift). 1st shift: 7am - 4pm | 2d shift: 2 pm - 11pm (UTC +3 MSK).  We offer you:  A really exciting and challenging job and talented people around. Competitive salary and growth opportunities. Good hardware. Remote work opportunity! 26 vacation days &amp; 5 fully covered sick days without sick leave required per year. Professional training, seminars, and conferences compensation. Sports activities reimbursement. Medical insurance. Superb corporate English lessons.  About Us: IDT Technologies is a part of IDT Corporation – an American telecommunications company founded in 1990 and headquartered in Newark, New Jersey. Today it is an industry leader in prepaid communication and payment services and one of the world&#39;s largest international voice carriers. We are listed on the NYSE, employ over 1300 people across 20+ countries, and have revenues in excess of $1.5 billion. Net2Phone is a rapidly growing global provider of unified cloud communications solutions. It was named ‘VoIP Supplier of the Year’ by the Telecom Consulting Group in 2018. TCG is one of the largest and experienced agencies in the US with over 3400 agents. Its cloud communication solution provides an integrated communications suite featuring powerful collaboration tools such as voice, messaging, chat, unlimited domestic and international calling to 23+ countries. Net2Phone’s commitment to TCG includes rapid quote turn-around, industry-leading SPIFFs, and evergreen residuals."
Salesforce Developer (Relocation to Latvia),https://hh.ru/applicant/vacancy_response?vacancyId=46048444,2021-07-07T12:32:14+0300,False,,,,От 3 до 6 лет,Полный день,Git;JavaScript;CSS;Jenkins;HTML;,CUSTOMERTIMES,Москва,"Customertimes Corp. Customertimes is a cloud consulting and system integrator group working in the USA, Russia and 50+ other countries all over the world. We work with the world&#39;s largest software vendors like Salesforce, SAP, Pega, as well as provide in-house developments for large and medium-sized companies. About us:  Official reseller Partner More than 1050 high-level professionals (developers, QA engineers, UI/UX designers, consultants, business analysts, architects and managers who have accumulated unique knowledge and experience in cloud solutions) 8 offices around the world (Moscow, New York, London, Paris, Toronto, Kiev, Minsk and Riga) Many customers with world-famous names Brilliant and constantly improvement development process with using agile, CI/CD, code review, auto-notifications, code quality control systems etc.  We invite Experienced Developer to our Product Department (CT Software) for participating in the development of our Products (Hi-Tech Cloud Enterprise Solutions). Responsibilities:  Development new features (backend and frontend parts) with using Apex, Lightning Web Components, JavaScript, HTML, CSS Bug fixing Writing Unit Tests Decomposition and estimating of tasks Participation in designing solutions and making architectural decisions Code Review  Skills:  English: intermediate or better 3+ years of experience in commercial development (Enterprise or WEB) with using Apex or one of other OOP languages (Java, C#, Python, PHP etc.) Web development skills: JavaScript, HTML, CSS Experience of using at least one frontend framework (Lightning Web Components, Angular, React, Vue etc.) In-depth understanding of OOP, SOLID, Design Patterns, clean code, refactoring and working with tech debts Experience with SOAP and REST web services Software version control (GIT or other)  Nice-to-Have Skills:  Salesforce DX CI/CD, Jenkins, Docker Heroku  We offer Professional growth:  Immersion in the newest sphere of knowledge - cloud computing Certification at the expense of the company Internal and external professional education English language courses The young, strong, and friendly team of excellent professionals  Social package:  Competitive compensation depending on experience and skillset Flexible working hours in schedule 5/2 Vacation 31 days Registration under the RF Labour Code Voluntary Medical insurance Corporate sport activities and discounts on sport     "
Regular/Senior BI Analyst (Remote),https://hh.ru/applicant/vacancy_response?vacancyId=46328508,2021-07-19T10:15:54+0300,False,,,,От 1 года до 3 лет,Удаленная работа,,Luxoft,Москва,"Project Description: The corporate Reporting department covers company-wide Tableau reporting and data analysisCross-locations project team - Moscow, Saint Petersburg, Omsk Responsibilities: Client-facing:∙ Regular syncs with customers on backlog prioritization, blockers, and fast-tracks resolving∙ New requirements management: collecting and merging requirements from different customer groups∙ Proactive research for new demand finding within a CompanyTableau reports development:∙ Preparation of data sources &amp; setting up development task for the DWH team∙ Draft version design &amp; development and UAT with a customer∙ Setting up interactive elements in dashboards (actions, parameters-switchers, etc.)∙ Visibility permissions management (row-level security) inside a report∙ Technical documentation preparation∙ Release preparation and presenting for end-users (50+ participants)Tableau server administration:∙ Controlling permissions on a site - project - workbook levels (~3000 users)∙ Creating rules for auto-updated user groups∙ Managing available license pool (viewers, explorers, creators, etc.)∙ Background tasks monitoring (extracts, subscriptions, etc.)∙ Tableau adoption &amp; user&#39;s behaviour monitoring (via in-built and custom tools) Mandatory Skills Description: Requirements:∙ Bachelor&#39;s Degree or higher in economics / mathematics / engineering / computer science∙ Strong experience working with MS Excel∙ Strong data analysis skills∙ Good presentation and data visualization skills∙ Great attention to details, structured and analytical approach, critical and logical thinking∙ 1 year of reporting experience with any of BI tools Tableau, Qlik, Power BI or other (Tableau is a plus)∙ At least basic level of SQL Nice to Have Skills: Practical experience with namely Tableau  "
Младший Digital Mаркетолог,https://hh.ru/applicant/vacancy_response?vacancyId=44939259,2021-07-21T10:04:28+0300,True,50000,,RUR,Нет опыта,Полный день,Маркетинговый анализ;Сбор и анализ информации;Аналитические способности;MS Excel;Digital Marketing;Product Marketing;SQL;Python;growth;Google Analytics;Яндекс.Метрика;Google AdWords;Яндекс.Директ;power bi;Tableau;trello;slack;Управление проектами;Английский язык;Контекстная реклама;Интернет-реклама;Internet Marketing;Навыки презентации;,Гигант,Санкт-Петербург,"Привет! Если ты ждал знак, то вот он :) Гигант - это активно растущий стартап, который уже нашел PMF, получил инвестиции от Авито и сфокусировался на многократном росте. Для пользователей - мы сервис быстрого поиска подработки в удобное время и рядом с домом. Для бизнеса - платформа для поиска линейных исполнителей на короткое время. В нашей команде уже более 150 человек, а подрабатывают через нас тысячи. И это только начало :) Поэтому, если такие ценности как: Честность, Любознательность, Взаимоуважение и Амбициозность тебе близки - сейчас самое время присоединиться! Чем предстоит заниматься: Самостоятельно решать и сапортить решение взрослых задачек Growth &amp; Marketing команд. Это про кратный рост эффективности, принятие решений на основе данных, продуктовые и маркетинговые гипотезы, цифры, цифры и еще раз цифры. Будет быстро и сложно! Будет очень много новой информации. Будет много задач из серии: собери табличку, построй сводную, зарисерч, прокастдевь, разбери джобы, организуй встречу, запроджекти, причеши, автоматизируй и т.д. Что это даст тебе: Невероятную возможность участвовать во всех бизнес процессах компании и напрямую влиять на рост бизнеса. А значит получить шанс пройти карьерный путь, который у большинства занимает многие годы, за 10-15 месяцев. Получить ту самую насмотренность, стать T-shaped и осознанно выбрать будущую специализацию - growth, marketing, product, analytics, you name it! И между делом приложить руку к истории с потенциалом больше, чем у Яндекс.Такси :) Наставничество, воркшопы, курсы, конфы и книги - как само собой разумеющееся. Требования:   Здравый смысл и желание работать головой, а не руками   Гиперответственность и четкий тайм менеджмент   Любовь к таблицам и цифрам. Excel и Spreadsheets - твои любимые игрушки   Знание английского на уровне B1+. Большая часть учебного контента будет на английском   Опыт в NoCode интеграциях и прочие прелести современного IT, где &quot;даже моя бабушка может запилить приложулю&quot;   Слова метрики, конверсия, CAC, ROI, LTV и ретеншен не вызывают страха (как минимум можешь быстро загуглить и разобраться к чему это все)   (не обязательно) Python, SQL и прочие страшные слова дают плюс в карму и однозначное преимущество, если за словами есть еще и опыт   Условия:   Офигенная команда экспертов в продукте, маркетинге, аналитике, разработке и бизнесе   Возможность совмещать работу в офисе в Москве/СПб и дома   Полностью белая ЗП   Оплата от 50% до 100% курсов, вебинаров и прочей пользы   Возможность присоединиться к &quot;единорогу&quot; почти на самом старте  "
AdOps Manager,https://hh.ru/applicant/vacancy_response?vacancyId=46022238,2021-07-06T16:27:26+0300,False,,,,От 3 до 6 лет,Полный день,Английский язык;Analytical skills;Firebase;Admob;Mopub;Amazon;Programmatic advertising;Advertising;,TheSoul Publishing (AdMe),Екатеринбург,"TheSoul Publishing is one of the largest digital media publishers in the world producing entertaining and positive online content for more than 1 billion followers around the world. We are the company behind wildly successful DIY channel 5-Minute Crafts, the inspirational and creative channel Bright Side, and a wide portfolio of additional popular channels across YouTube, Facebook, TikTok, Instagram, and more.   We were named &quot;Digital Studio of the Year&quot; at the recent 2021 Digiday Video &amp; TV Awards and continue to garner recognition from the Webby, Shorty, and Streamy awards. With a highly-creative team of 1700 spread across 70 countries, we continue to expand to match the rapid growth and success of the company. We’re looking for a Senior Ad Operations Manager (Applications) with expertise in mobile applications ad monetization who will be passionate about leading this subject, applying new skills and jumping in wherever needed to ensure campaign success.   Location: Limassol, Cyprus / Remote Responsibilities:   Become a leading subject matter expert in mobile in-app ad monetization.   Monitor, optimize and increase ad revenue, eCPM, impressions and fill rates among all our apps.   Keep track of revenue and other significant KPIs.   Run A/B tests to optimize ad network-based monetization efforts.   Propose improvements and innovative ways on how to increase revenue, viewability and other essential metrics.   Day-to-day yield optimization techniques across all monetization partners.   Requirements to the candidates:   3+ years of professional experience.   Degree in tech would be a plus.   Professional knowledge of app environment and ecosystem, app monetisation, analysis, ad setup.   Experience in app monetisation in media/games on the publisher’s side.   Knowledge of Firebase, GA, Mopub, Admob, Facebook, Amazon etc   Fluent English   We offer:   A competitive salary and benefits;   Location – Limassol or remote working in a European time zone;   Great opportunities to grow and develop your skills in an international and creative team.   We appreciate your interest in our roles and the company. Your CV will be reviewed carefully by our team, and if we are ready to move forward with your application, one of our recruiters will contact you and explain the next steps. ​ TheSoul Publishing is an equal opportunity employer and we are committed to creating an inclusive environment for all employees. We celebrate diversity and we do not discriminate based upon race, color, religion, gender, gender identity, national origin, citizenship, age, disability, sexual orientation, marital status, or any other characteristic protected by law. We care about the privacy of our candidates and all the data you provide to us is maintained in a secure manner and kept confidential.    "
Бухгалтер на первичную документацию,https://hh.ru/applicant/vacancy_response?vacancyId=46205353,2021-07-13T14:41:46+0300,False,25000,,RUR,От 1 года до 3 лет,Полный день,Статистика;Бухгалтерская отчетность;Кассовые операции;,Бухгалтер групп,Ижевск,"В СВЯЗИ С РАСШИРЕНИЕМв офис города Ижевска требуются:- Бухгалтер на первичную документацияОфис в центре города, карьерный рост, дружный коллектив.К ЗП положены премии, надбавки.Отпуска оплачиваютсяТрудоустройство официальное.Немного о компании: АУТСОРСИНГпервый офис был открыт в 2011 году в г. Ижевсксейчас мы находимся помимо Ижевска, в Москве и Московской области.В числе наших клиентов такие компании как Лайк Центр, Names, Кодкласс и другие.Сейчас компания быстро развивается и расширяет свой спектр услуг.Если ты не боишься:- работы- большого количества информации- развиваться в бухгалтерии- прокачать знания в налогах!!!! то скорее отправляй свое резюме на почтуМы ждем именно тебя!Скучно тебе не будет! Обязанности:- контроль и запрос первичных документов;- ввод первичной документации в базу 1С;- отражение реализации в 1С;- Авансовые отчеты, банк, касса;Требования:- Опыт работы не менее 1 года;- Умение работать в программах 1С-Бухгалтерия, интернет-банке, офисных программах;- умение пользоваться компьютерными программами, справочно-правовыми системами, оргтехникой, и т.п.- грамотная письменная и устная речьУсловия:Официальное трудоустройство, согласно ТК РФ- карьерный рост- много практики- дружный коллективМесто работыИжевск, ул Кирова, д 142"
AdOps Manager,https://hh.ru/applicant/vacancy_response?vacancyId=46022237,2021-07-06T16:27:26+0300,False,,,,От 3 до 6 лет,Полный день,Английский язык;Analytical skills;Firebase;Admob;Mopub;Amazon;Programmatic advertising;Advertising;,TheSoul Publishing (AdMe),Краснодар,"TheSoul Publishing is one of the largest digital media publishers in the world producing entertaining and positive online content for more than 1 billion followers around the world. We are the company behind wildly successful DIY channel 5-Minute Crafts, the inspirational and creative channel Bright Side, and a wide portfolio of additional popular channels across YouTube, Facebook, TikTok, Instagram, and more.   We were named &quot;Digital Studio of the Year&quot; at the recent 2021 Digiday Video &amp; TV Awards and continue to garner recognition from the Webby, Shorty, and Streamy awards. With a highly-creative team of 1700 spread across 70 countries, we continue to expand to match the rapid growth and success of the company. We’re looking for a Senior Ad Operations Manager (Applications) with expertise in mobile applications ad monetization who will be passionate about leading this subject, applying new skills and jumping in wherever needed to ensure campaign success.   Location: Limassol, Cyprus / Remote Responsibilities:   Become a leading subject matter expert in mobile in-app ad monetization.   Monitor, optimize and increase ad revenue, eCPM, impressions and fill rates among all our apps.   Keep track of revenue and other significant KPIs.   Run A/B tests to optimize ad network-based monetization efforts.   Propose improvements and innovative ways on how to increase revenue, viewability and other essential metrics.   Day-to-day yield optimization techniques across all monetization partners.   Requirements to the candidates:   3+ years of professional experience.   Degree in tech would be a plus.   Professional knowledge of app environment and ecosystem, app monetisation, analysis, ad setup.   Experience in app monetisation in media/games on the publisher’s side.   Knowledge of Firebase, GA, Mopub, Admob, Facebook, Amazon etc   Fluent English   We offer:   A competitive salary and benefits;   Location – Limassol or remote working in a European time zone;   Great opportunities to grow and develop your skills in an international and creative team.   We appreciate your interest in our roles and the company. Your CV will be reviewed carefully by our team, and if we are ready to move forward with your application, one of our recruiters will contact you and explain the next steps. ​ TheSoul Publishing is an equal opportunity employer and we are committed to creating an inclusive environment for all employees. We celebrate diversity and we do not discriminate based upon race, color, religion, gender, gender identity, national origin, citizenship, age, disability, sexual orientation, marital status, or any other characteristic protected by law. We care about the privacy of our candidates and all the data you provide to us is maintained in a secure manner and kept confidential.    "
Senior Product Manager,https://hh.ru/applicant/vacancy_response?vacancyId=43808548,2021-07-21T14:06:51+0300,False,,,,Более 6 лет,Удаленная работа,Leadership Skills;Agile Project Management;Team management;Business Development;Product Management;,ALM Works,Санкт-Петербург,"Who are we? ALM Works is an established software company that focuses on developing best-in-class applications to empower project managers. Our flagship product, Structure for Jira, is one of the most popular applications on the Atlassian Marketplace. We have the privilege of serving more than 4,000 customers, many of which are among most well-known companies in the world: NASA, Google, Adobe, Intel, Sony, Disney, Netflix, Toyota, Twitter - to name just a few. We are a small company with proven success record and big plans. We are expanding our team of passionate, tenacious, and solution-driven individuals in Saint-Petersburg. What is the job? We are looking for an experienced Product Manager to play a critical role in creating best-in-class software products for project management. You will build on the success of our existing products, and shape our new products and the future of our company. You will be in direct contact with our customers around the world, both from the well-known big companies and small startups. You will work directly with our talented engineering and UI/UX teams. As a senior product manager, you&#39;ll contribute to the overall product management practices in the company and the way we do things. We expect you to learn from us and us to learn from you. In order to be successful in this position, you will need to have strong communication skills, ability to express thoughts clearly and concisely; fanatical attention to detail; analytical mindset, strong skills in working with data and metrics; creativity and the ability to think strategically. This position does not involve people and project management. What are the requirements?  At least 5 years of experience in software At least 2 years of experience as a product manager, business analyst Excellent written and spoken English BS degree or equivalent Technical background, you will have to learn quickly complex concepts and tools Good understanding of traditional and agile project management practices Strong plus: experience of working in Atlassian ecosystem Strong plus: experience as a project manager in a software development or other IT team  What are the responsibilities?  Implementing company&#39;s strategic direction by expanding existing and developing new products Owning a product&#39;s roadmap and backlog Understanding the pain points and problems of our users Achieving and retaining product-market fit Working with user feedback Conducting user interviews, other product management techniques that make sense for our products Knowing everything about our competitors and how to position our products in a unique way Defining and refining features, finding a solution to a user&#39;s problem and working out the details Working closely with the UI/UX team to create efficient and pixel-perfect user interfaces Mentoring and helping junior product managers Supporting business teams as a subject matter expert Collaborating with business leadership and product stakeholders  What do we offer?  A highly collaborative culture based on honesty, respect, and kindness.  Working in a team of dedicated professionals   Ability to contribute to new products which will be used by thousands of people   Competitive salary (in the 90th percentile)   After 9 months: quarterly bonus based on the financial performance of the company   Productive and very informal working environment at the “Times” business center (м. Лесная, Петроградская) (*right now working remotely due to COVID-19)   Reserved parking   Flexible schedule, paid sick/personal leaves   Opportunity to work full time remotely   Premium medical insurance   English lessons/fitness 50% reimbursement   Opportunity to communicate with customers around the world and present the projects to the public on the Internet and at trade shows and conferences  Company paid trips to conferences, trade shows, and corporate retreats.  How to apply Please send us your resume with a cover letter (in English) outlining your prior experience and a few suggestions of how you could apply it at ALM Works."
Бизнес-ассистент коммерческого директора,https://hh.ru/applicant/vacancy_response?vacancyId=46074819,2021-07-20T09:45:18+0300,False,,,,От 1 года до 3 лет,Полный день,MS PowerPoint;Английский язык;Креативность;Подготовка презентаций;Навыки презентации;,Like Центр,Москва,"В команду Like Центра требуется Бизнес-ассистент коммерческого директора. Основной продукт: онлайн и офлайн образование в сфере предпринимательства и личностного развития. Like Центр — ведущая технологическая образовательная компания для предпринимателей. В экосистему Like Центра входит инвестиционный фонд, собственная LSM-платформа и сеть коворкингов Names. Работая в нашей команде, Вы получаете возможность взаимодействовать с творческими и интересными людьми, а также возможность получить профессиональное обучение и развитие. Обязанности:  Ведение операционной работы; Создание отчетов; Подготовка презентаций; Генерация идей; Заполнение закрывающих документов.  Требования:  Опыт работы на позиции бизнес-ассистента (от 6 месяцев); Возможность работать в офисе компании.  Работая в Like Центре, по словам действующих сотрудников, ты получаешь:   Возможность создавать качественный продукт, которым будешь гордиться;   Топовую среду для развития и неограниченные возможности для профессионального роста;   По-домашнему теплую атмосферу Like Family, крутую команду, помощь и поддержку коллег и руководства;   Конкурентную заработную плату, оклад + KPI по итогам месяца;   Win-win — взаимовыгодное сотрудничество;   Уровень заработной платы обсуждается с итоговым кандидатом;   Работу в комфортном офисе в «Москва-Сити». Возможна удаленная работа.      "
Postdoctoral Associate In Microwave Photonics,https://hh.ru/applicant/vacancy_response?vacancyId=43836555,2021-07-12T11:16:58+0300,False,,,,От 1 года до 3 лет,Полный день,Analytical skills;Mathcad;Английский язык;,Университет ИТМО,Санкт-Петербург,"DESCRIPTION The international research team at the Department of Physics and Engineering of ITMO University in St. Petersburg (Russia) is seeking a brilliant and highly motivated Postdoctoral Associate to join our team for innovative studies on microwave photonics and wireless power transfer. The research collaboration aims to invent novel approaches to efficient wireless power transfer by getting inspiration from recent advances in photonics and metamaterials. The Post Doctoral Associate is expected to conduct high-quality research tasks, which entails:  Design, simulate, and evaluate microwave metasurfaces, metamaterials, resonators, and antennas. Development of new ideas for highly efficient WPT systems. Participate in other cutting-edge research projects on photonics and metasurfaces.  The position will be initially filled for 3 years, renewable yearly with a possible extension. The contract includes fringe benefits such as health insurance. The postdoc will work under the supervision of Prof. Polina Kapitanova. REQUIREMENTS We expect the candidate to fulfill the following requirements:  successfully completed Ph.D. (electrical engineering, applied physics, optics) within past 5 years or be close to its accomplishment; strong qualification and skills in analytical/numerical modeling of electromagnetic systems; hands-on experience in microwave engineering; excellent publication record demonstrating the ability of independent research; fluency in spoken and written English.  We also expect that the candidate will share our values of academic freedom, collaborative research environment, and respect of colleagues, disregard their formal position, age, gender, race, ethnic or religious background. ABOUT OUR TEAM The Department of Physics and Engineering and is actively developing an international research center in optics and photonics, condensed matter physics, and microwave physics. Launched in 2000 under the Russian Federation program of excellence, today, it hosts more than 300 researchers working in 5 international laboratories keeping the leading positions among Russian research institutions. To conduct experiments in the radio-frequency and microwave ranges, the team has the following major equipment:  anechoic chamber (dimensions: 9m x 5m x 4m); 3-coordinate precision near-field scanner; Agilent Technologies PNA E8362C Vector Network Analyzer (10 MHz-20 GHz); Agilent Technologies PNA E8362C Vector Network Analyzer Calibration Kit (10 MHz - 20 GHz); Agilent HP 83020A signal amplifier (2 GHz - 26 GHz); ultra-wideband antennas TMA 1.0-18.0 KV (750 MHz - 18 GHz); azimuthal rotary device.  For prototyping of antennas and resonators of the radio-frequency range of wavelengths, the team has auxiliary equipment:  CNC engraving-milling machine HIGH-Z S-1400; 3-axis CNC Milling and drilling machine; guillotine shears; soldering robot EVERPRECISION EP-SR; 3D printer.  APPLICATION The position will be open until a suitable candidate is found. Candidates may apply before obtaining their Ph.D. degrees. The application should contain:  cover letter stating your research experience and current research interest and motivation; CV; list of publications; names of two referees. "
Senior AdOps Manager,https://hh.ru/applicant/vacancy_response?vacancyId=46022234,2021-07-06T16:27:26+0300,False,,,,От 3 до 6 лет,Полный день,Английский язык;Analytical skills;Firebase;Admob;Mopub;Amazon;Programmatic advertising;Advertising;,TheSoul Publishing (AdMe),Москва,"TheSoul Publishing is one of the largest digital media publishers in the world producing entertaining and positive online content for more than 1 billion followers around the world. We are the company behind wildly successful DIY channel 5-Minute Crafts, the inspirational and creative channel Bright Side, and a wide portfolio of additional popular channels across YouTube, Facebook, TikTok, Instagram, and more.   We were named &quot;Digital Studio of the Year&quot; at the recent 2021 Digiday Video &amp; TV Awards and continue to garner recognition from the Webby, Shorty, and Streamy awards. With a highly-creative team of 1700 spread across 70 countries, we continue to expand to match the rapid growth and success of the company. We’re looking for a Senior Ad Operations Manager (Applications) with expertise in mobile applications ad monetization who will be passionate about leading this subject, applying new skills and jumping in wherever needed to ensure campaign success.   Location: Limassol, Cyprus / Remote Responsibilities:   Become a leading subject matter expert in mobile in-app ad monetization.   Monitor, optimize and increase ad revenue, eCPM, impressions and fill rates among all our apps.   Keep track of revenue and other significant KPIs.   Run A/B tests to optimize ad network-based monetization efforts.   Propose improvements and innovative ways on how to increase revenue, viewability and other essential metrics.   Day-to-day yield optimization techniques across all monetization partners.   Requirements to the candidates:   3+ years of professional experience.   Degree in tech would be a plus.   Professional knowledge of app environment and ecosystem, app monetisation, analysis, ad setup.   Experience in app monetisation in media/games on the publisher’s side.   Knowledge of Firebase, GA, Mopub, Admob, Facebook, Amazon etc   Fluent English   We offer:   A competitive salary and benefits;   Location – Limassol or remote working in a European time zone;   Great opportunities to grow and develop your skills in an international and creative team.   We appreciate your interest in our roles and the company. Your CV will be reviewed carefully by our team, and if we are ready to move forward with your application, one of our recruiters will contact you and explain the next steps. ​ TheSoul Publishing is an equal opportunity employer and we are committed to creating an inclusive environment for all employees. We celebrate diversity and we do not discriminate based upon race, color, religion, gender, gender identity, national origin, citizenship, age, disability, sexual orientation, marital status, or any other characteristic protected by law. We care about the privacy of our candidates and all the data you provide to us is maintained in a secure manner and kept confidential.    "
IT Technician,https://hh.ru/applicant/vacancy_response?vacancyId=46022003,2021-07-18T16:23:54+0300,True,,,,От 1 года до 3 лет,Полный день,Mac Os;Английский язык;Customer Service;Customer Support;Helpdesk;,International School of Moscow,Москва,"The International School of Moscow was established in April 2007 in response to the demands and expressions of interest from the international community of Moscow. Since December 2017 ISM became a part of the Nord Anglia Education family of schools. Nord Anglia Education (NAE) is the world’s leading premium schools organisation, with campuses located across dozens of countries in the Americas, Europe, China, Southeast Asia, India and the Middle East. Together, our schools educate tens of thousands of students from kindergarten through to the end of secondary school. We are driven by one unifying philosophy: we are ambitious for our schools, students, teachers, staff and communities, and we inspire every child who attends an NAE school to achieve more than they ever imagined possible. Every parent wants the best for their child — so do we. NAE schools deliver high quality, transformational education and ensure excellent academic outcomes by going beyond traditional learning. Our global scale enables us to recruit and retain world-leading teachers and to offer unforgettable experiences through global and regional events, while our engaging learning environments ensure all of our students love coming to school. Founded in 1972 in the United Kingdom, the name Nord Anglia reflects the company’s beginnings in the north of England. NAE initially offered learning services such as English-as-a-foreign-language classes and grew during the 1980s by opening full-scale nurseries and kindergartens. In 1992, NAE opened its first international school, the British School of Warsaw. In the 2000s, the company began a strategic focus on premium international schools, with rapid growth in Asia, the Americas, China and across Europe and the Middle East. A truly international organisation, NAE now operates premium international schools worldwide. In July 2019, the company relocated its headquarters from Hong Kong to London, enabling even stronger growth in the future. Our schools Each Nord Anglia Education school is unique in character and designed to meet the needs of its community. We are united by our philosophy, to be ambitious for our students, our people and our family of schools. We believe that being part of our family of 73 schools gives them a special advantage. Working together, we can achieve more than we can individually. Our schools have access to a wide range of resources and support to enhance their success. We also create unique opportunities to benefit our students and people, such as the Global Campus, Nord Anglia University, and our collaborations with The Juilliard School, MIT, UNICEF and King’s College London. About the role Line manager: Head of IT Main responsibilities:  Track all issues in a ticketing system; Formalisation of tasks and requests from users;   Provide day-to-day support for employees and clients with technical issues in a professional manner; Escalate alerts/issues to appropriate internal teams and work with them towards a timely resolution; Monitor and manage servers statuses and health, network connectivity; Preparing equipment for new employees and clients Mac / Windows systems and software; Diagnostics and recovery of Mac devices; Resolving problems related to the network in desktop operating systems; Inventory of tech equipment; Consultation of employees on the work of services; Standard application functionality user trainings; Write instructions for users and tech support staff; Setup of printers, scanners etc; Work on internal IT projects.  Requirements:  Work experience of more than 2 years in a similar position or in related fields; Knowledge of macOS and Windows at the administrator level; Strong skills in diagnostic and troubleshooting MacOS and Windows OS; Strong skills in peripheral equipment (printers, scanners, storage and etc); Basic knowledge of networking; Skills in using network diagnostic utilities; Persistent in resolving issues (ability to find the best solutions); Reading and understanding technical instructions and documentation; Strong logical thinking and analytical skills; Customer focus and friendliness in communication with people; Willingness to educate the users; Ready to learn, desire for self-development; Punctuality; Independence; Responsibility; Good English and Russian speaking/writing skills; Dress code; Russian citizenship or eligibility to work in Russia.  Selection Process At Nord Anglia Education we are committed to providing a world class, safe, happy environment in which children and young people are able to thrive and learn. We are committed to safeguarding and promoting the welfare of all our pupils irrespective of race, ability, religion, gender or culture. All post holders in regulated activity (having regular unsupervised contact with children) are subject to appropriate national and international vetting procedures including satisfactory criminal record checks from both your country of residence/birth and any country of residence within the last 10 years."
Senior Core Network Engineer (IMS / CSCF / VoIP / SBC / SSS / SIP) in Moscow,https://hh.ru/applicant/vacancy_response?vacancyId=44126349,2021-07-12T15:51:09+0300,False,,,,Более 6 лет,Полный день,,ZTE Corporation,Москва,"ZTE is looking for the Senior Core Engineer. Location is in Moscow with business trips around Russia Responsibilities:   Work with IMS,CSCF,VoIP,SBC,SSS,SIP Configuration, Feature Testing, Troubleshooting. Protocol Specifications and Analysis   End to end testing of VoLTE network deployment in identified markets.   The task requires IP tracing in a complex network and multi-protocol analysis   Requirements:   Knowledge of Mobility and LTE architecture   Experience with SIP protocol and IMS based services   Experience with SS7 tracing, ability to discuss, identify and name the notes in a typical SIP call flow and the notes in an IMS/Application Server platforms and the function of each note.   Ability to document the test cases and be responsible for cleaning up discrepancies and ambiguity in the test.   Including validation with architects to ensure the correct call flow, clearly and accurately document and discuss the discrepancies, anomalies or issues with the test case.   Language English (Intermediate)   Wireless Mobility Network Experience Domain knowledge   Packet Analysis for VoLTE (or VOIP) Protocols Wireless domain of LTE, 3G, 3G+PacketCore, /UMTS/LTE   LTE, UMTS and GSM/GPRS Call flows   Network topology &amp; various interfaces   Protocol testing of UMTS/LTE   Understanding of call processes between End to End system testing   Ready for business trips   We offer:  Competitive salary Working in international company "
Attribution Technical Product Manager (Montenegro),https://hh.ru/applicant/vacancy_response?vacancyId=46023336,2021-07-06T16:45:31+0300,False,,,,От 1 года до 3 лет,Полный день,Английский язык;Team management;Teamleading;Scrum;Business English;,LIBERTEX,Санкт-Петербург,"Description Libertex is an international financial services group specializing in online trading and investment. It was founded as a brokerage firm in 1997 and has since grown into a diverse group of companies, brokers, dealers, educational and IT-development centers which allows the group to operate globally, target 27 countries and serve clients from 120 countries. The company has received more than 100 international awards and recognitions including, most recently, being named “Best Trading Platform 2020” by World Finance Magazine and “Best FX Broker Europe 2020” by Forex Report. Job Overview We are looking for a Technical Product Manager to join our Technical Product Management team who will collaborate with the Information Technology Department and support company growth by improving the company&#39;s marketing attribution services (stakeholders are internal departments and other development teams). Requirements What Will You Do?  Being a part of the Technical Product Management team you will work with Business-owners; Enterprise Architecture team; IT delivery &amp; Operation teams and it’s Technical Product Managers to define the future of all marketing attribution related services, its related features, enablers, and user-stories (formalize requirements as a list of features and define acceptance criteria per feature/enabler). You will prioritize them, in alignment with the company strategy. Ensure scalability and stability for all services under your responsibility, as requested by the company’s growth plan. Develop technical product documentation including product vision, strategy, roadmap. High-level functional and non-functional requirements. Conduct technical solution discovery in collaboration with the Enterprise Architecture team and subject domain experts.   Catalogue decisions and organize information to share among the IT Department.  Delivery and Execution  Ensure that features/enablers in the Product Backlog are refined down to user-stories and have an estimation by the development team Ensure the development team understands requirements of the user-story and it’s acceptance criteria in the Team Backlog Manage a feature/enabler delivery according to roadmap and stakeholder. expectations by using agile methodologies and frameworks (Scrum, SAFe) Conduct a feature demo to stakeholders in collaboration with the development team Ensures that product functionality and performance meet the criteria of the technical product metrics  People  Help the Team Leader / Scrum-Master to identify gaps in work processes or team&#39;s knowledge/competency impacted product performance/metrics and ensure that they are completed.  What we need from you (Key Skills Required)  College Degree or higher. 2 years of experience as an agile Product Management in software development (microservices). Basic understanding of marketing attribution products and processes. Ability to prioritise features based on their impact and business value. Understanding of the work frontend and backend services, REST API, microservices. Ability to write product documentation (specification, requirements, instructions, product strategy and roadmap). Clear communication skills &amp; the ability to build strong coworking relationships; Languages: Advanced English level (must), Intermediate Russian (desired).  Benefits  Work in a dynamic and fast-paced international company Beautiful emerging European destination (Montenegro, Podgorica) Low cost of living Generous relocation package Competitive tax free salary Comprehensive medical insurance for all family members Annual reimbursement of flight home for employee and family 21 working days of annual leave plus 14 days public holidays Fun and friendly professional environment Use of leading technologies and modern business practices such as Agile Excellent training and development opportunities Rapidly expanding global footprint "
Night Manager,https://hh.ru/applicant/vacancy_response?vacancyId=46325721,2021-07-19T09:29:06+0300,False,,,,От 3 до 6 лет,Сменный график,,Four Seasons,Москва,"Your main responsibilities as a Night Manager will be to supervise the Employees of the entire Hotel during the overnight shift. You will work closely with the Employees from all departments to assure that standards are being met. Night Manager is the direct supervisor of the Front Desk during the overnight shift, responds to a wide variety of guest requests by accurately assessing the guest needs and requests and then adding personal recommendations and touches to achieve maximum customer satisfaction while complying with all Four Seasons’ policies. Responsibilities:  Manages the activities at the Front Desk during the overnight shift. Frequently tours the hotel and monitors the activities of all other departments. Monitors their activities to assure that standards are being met, staff is being supported and guest needs are being met. Personally handles all guest relocations according to established guidelines. Resolves customer complaints from all areas of the hotel, handling all guest interactions with the highest level of hospitality and professionalism, accommodating special requests whenever possible; assists customers in all inquiries in connection with hotel services, hours of operations, key hotel personnel, in-house events, directions, etc. Responds to all guest requests in an accurate and timely manner. Reviews late arrivals, next day early arrivals and departures to plan for the next day’s activities. Coordinates arrivals, departures and billing requirements. Assures that all financial and credit procedures are followed. Takes action in all matters related to the safety, security, satisfaction and well being of hotel guests and employees without requiring special direction. Responds swiftly and effectively in any hotel emergency or safety situation. Checks guest in and out in an efficient and friendly manner, using guest name whenever possible. Assures that guest is assigned type of room requested and the correct rate is charged. Works harmoniously and professionally with co-workers and supervisors. Checks Staff facilities such as Locker Rooms and Staff Dining Room to assure that they are operating at Four Seasons standards. Works closely with Security Staff to handle any guest emergency or safety concerns  Requirements:  3 years of equivalent experience is required. Good knowledge of hotel structure. Requires knowledge or the ability to operate reservations system. Requires reading, writing and oral proficiency in the English language.  Conditions:  Opportunity to join great friendly team of professionals within the legendary international hotel brand Competitive salary Attractive benefits package High corporate culture Career opportunity Corporate trainings "
Programmer,https://hh.ru/applicant/vacancy_response?vacancyId=38179243,2021-07-12T07:36:57+0300,False,,,,От 1 года до 3 лет,Удаленная работа,,Xored,Томск,"A talented programmer Things we don&#39;t look for  It doesn&#39;t matter whether you know Java or C++ and etc. In fact, you either don&#39;t know Nim, but we have project including it. On the other hand, if you happen to know Scala or Clojure properly, we would like to hire you skipping any interviews, but we have to interview you to make sure you are not a programming hipster after all. Actually, we are not interested in a number of technologies you know or have ever used. They will certainly matter, but they are not required. What we do is creating technologies from a scratch; naturally, you cannot be expected to have them in your set of skills. However, if you have ever made or taken part in building a widely recognized piece of code, like Hibernate, Maven, Spring Framework, or Eclipse, we add you to payroll the next day you wrote to us. We are equally not interested in any degrees and education certificates. That does not imply us being a bunch of unintelligent dimwits. The thing is that we believe education and intelligence are not synonymous. We do have a couple of PhDs, though. We have no interest in your race, gender or sexual preferences. Though, we do have a couple of, you know.  Things we actually care about  Basics of programming are imperative. You don&#39;t have to have Knuth at the tip of your tongue, but some bits of Wirth&#39;s Algorithms + Data Structure are not supposed to be an epiphany either. Profound knowledge of object-oriented programming is another must have. Instead of listening about design patterns, we&#39;d rather see a fine example of your design. You should follow new trends, but be not obsessed with them. Those who think Java and C++ are the supreme of programming evolution should stop reading this, it&#39;s highly unlikely we hire you. On the other hand, we ready to believe in J2EE and ASP.NET being the best if you can ground it. Not having ever fancied Cloud, NoSQL, or highly scalable architectures would be considered as a drawback. To cut a long story short, just tell us something new, captivating and having practical value, and we will definitely find common ground. You should know how to make things and show results. We won&#39;t read blunt CV lines, that have nothing behind them. Give us something tangible; namely, either products you have done (even if it is a college project) or articles written about your works. If there is no trace of your code to be found on the Internet, what is the point you working anyway? By the way, a good article written by you or a witty idea said on a forum are worth mentioning too.  What we offer   Interesting and various work in creating tools for development and modeling (mostly in Java Stack). Work integrated into worldwide software development process, and consequently awareness of the latest trends and achievements in Software development world. Your code will be used by thousands people around the globe. We appreciate innovations, and we have no managers to limit us technologically. The only managers we have are engineers too. We would give a try to a new technology or an organization solution, if you have any to suggest. The only thing that can keep a lid on your profession growth is your skills.       "
Senior AdOps Manager,https://hh.ru/applicant/vacancy_response?vacancyId=46022235,2021-07-06T16:27:26+0300,False,,,,От 3 до 6 лет,Полный день,Английский язык;Analytical skills;Firebase;Admob;Mopub;Amazon;Programmatic advertising;Advertising;,TheSoul Publishing (AdMe),Санкт-Петербург,"TheSoul Publishing is one of the largest digital media publishers in the world producing entertaining and positive online content for more than 1 billion followers around the world. We are the company behind wildly successful DIY channel 5-Minute Crafts, the inspirational and creative channel Bright Side, and a wide portfolio of additional popular channels across YouTube, Facebook, TikTok, Instagram, and more.   We were named &quot;Digital Studio of the Year&quot; at the recent 2021 Digiday Video &amp; TV Awards and continue to garner recognition from the Webby, Shorty, and Streamy awards. With a highly-creative team of 1700 spread across 70 countries, we continue to expand to match the rapid growth and success of the company. We’re looking for a Senior Ad Operations Manager (Applications) with expertise in mobile applications ad monetization who will be passionate about leading this subject, applying new skills and jumping in wherever needed to ensure campaign success.   Location: Limassol, Cyprus / Remote Responsibilities:   Become a leading subject matter expert in mobile in-app ad monetization.   Monitor, optimize and increase ad revenue, eCPM, impressions and fill rates among all our apps.   Keep track of revenue and other significant KPIs.   Run A/B tests to optimize ad network-based monetization efforts.   Propose improvements and innovative ways on how to increase revenue, viewability and other essential metrics.   Day-to-day yield optimization techniques across all monetization partners.   Requirements to the candidates:   3+ years of professional experience.   Degree in tech would be a plus.   Professional knowledge of app environment and ecosystem, app monetisation, analysis, ad setup.   Experience in app monetisation in media/games on the publisher’s side.   Knowledge of Firebase, GA, Mopub, Admob, Facebook, Amazon etc   Fluent English   We offer:   A competitive salary and benefits;   Location – Limassol or remote working in a European time zone;   Great opportunities to grow and develop your skills in an international and creative team.   We appreciate your interest in our roles and the company. Your CV will be reviewed carefully by our team, and if we are ready to move forward with your application, one of our recruiters will contact you and explain the next steps. ​ TheSoul Publishing is an equal opportunity employer and we are committed to creating an inclusive environment for all employees. We celebrate diversity and we do not discriminate based upon race, color, religion, gender, gender identity, national origin, citizenship, age, disability, sexual orientation, marital status, or any other characteristic protected by law. We care about the privacy of our candidates and all the data you provide to us is maintained in a secure manner and kept confidential.    "
Ассистент в Growth team,https://hh.ru/applicant/vacancy_response?vacancyId=44940264,2021-07-21T10:03:51+0300,True,50000,,RUR,Нет опыта,Полный день,Маркетинговый анализ;Сбор и анализ информации;Аналитические способности;MS Excel;Digital Marketing;Product Marketing;SQL;Python;growth;Google Analytics;Яндекс.Метрика;Яндекс.Директ;Google AdWords;power bi;Tableau;trello;slack;Управление проектами;Английский язык;Контекстная реклама;Интернет маркетинг;Интернет-реклама;Навыки презентации;,Гигант,Москва,"Привет! Если ты ждал знак, то вот он :) Гигант - это активно растущий стартап, который уже нашел PMF, получил инвестиции от Авито и сфокусировался на многократном росте. Для пользователей - мы сервис быстрого поиска подработки в удобное время и рядом с домом. Для бизнеса - платформа для поиска линейных исполнителей на короткое время. В нашей команде уже более 150 человек, а подрабатывают через нас тысячи. И это только начало :) Поэтому, если такие ценности как: Честность, Любознательность, Взаимоуважение и Амбициозность тебе близки - сейчас самое время присоединиться! Чем предстоит заниматься: Самостоятельно решать и сапортить решение взрослых задачек Growth &amp; Marketing команд. Это про кратный рост эффективности, принятие решений на основе данных, продуктовые и маркетинговые гипотезы, цифры, цифры и еще раз цифры. Будет быстро и сложно! Будет очень много новой информации. Будет много задач из серии: собери табличку, построй сводную, зарисерч, прокастдевь, разбери джобы, организуй встречу, запроджекти, причеши, автоматизируй и т.д. Что это даст тебе: Невероятную возможность участвовать во всех бизнес процессах компании и напрямую влиять на рост бизнеса. А значит получить шанс пройти карьерный путь, который у большинства занимает многие годы, за 10-15 месяцев. Получить ту самую насмотренность, стать T-shaped и осознанно выбрать будущую специализацию - growth, marketing, product, analytics, you name it! И между делом приложить руку к истории с потенциалом больше, чем у Яндекс.Такси :) Наставничество, воркшопы, курсы, конфы и книги - как само собой разумеющееся. Требования:   Здравый смысл и желание работать головой, а не руками   Гиперответственность и четкий тайм менеджмент   Любовь к таблицам и цифрам. Excel и Spreadsheets - твои любимые игрушки   Знание английского на уровне B1+. Большая часть учебного контента будет на английском   Опыт в NoCode интеграциях и прочие прелести современного IT, где &quot;даже моя бабушка может запилить приложулю&quot;   Слова метрики, конверсия, CAC, ROI, LTV и ретеншен не вызывают страха (как минимум можешь быстро загуглить и разобраться к чему это все)   (не обязательно) Python, SQL и прочие страшные слова дают плюс в карму и однозначное преимущество, если за словами есть еще и опыт   Условия:  Офигенная команда экспертов в продукте, маркетинге, аналитике, разработке и бизнесе  Возможность совмещать работу в офисе в Москве/СПб и дома   Полностью белая ЗП   Оплата от 50% до 100% курсов, вебинаров и прочей пользы   Возможность присоединиться к &quot;единорогу&quot; почти на самом старте  "
Organization Development Specialist / Специалист по организационному развитию,https://hh.ru/applicant/vacancy_response?vacancyId=42524770,2021-07-19T10:48:24+0300,False,,,,От 3 до 6 лет,Полный день,MS PowerPoint;MS Excel;Organizational planning;Organizational Design;Organizational Development;Business English;Organizational Structure;MS Visio;Compensation & Benefits;,KAZ Minerals Russia LLC,Москва,"RESPONSIBILITIES:  Develop job descriptions for the Company&#39;s employees and Policies for the Company&#39;s structural subdivisions; Participate in the drafting of regulatory documents in the field of organizational development; Analyze Company’s organizational structure, generate improvement proposals, including: Common approach to build structural divisions, hierarchy and names of the positions; Approval of the proposals received from the divisions to apply eventual changes to the organizational structure; Participate in the personnel-related expense prediction for long-term period, analyze headcount forecasts, perform express evaluation and preliminary grading of different positions; Participate in the description of the Company&#39;s business processes and formulate proposals for their optimization.  REQUIREMENTS:  Higher education (economic, technical);  At least 3 years of experience of organizational planning work;   Preferably from 2 years of job experience in mining sector;   Proficient computer skills: Microsoft Office (Word, Excel, Power Point), Visio - Advanced level;   English language level from Upper-Intermediate.   CONDITIONS:  Direct contract with KAZ Minerals Russia LLC; Work schedule: 5 days on/ 2 days off; Competitive salary and benefits; Medical insurance; Location: Moscow "
Senior Core Network Engineer (IMS / CSCF / VoIP / SBC / SSS / SIP) in Moscow,https://hh.ru/applicant/vacancy_response?vacancyId=44126352,2021-07-12T15:51:09+0300,False,,,,Более 6 лет,Полный день,,ZTE Corporation,Краснодар,"ZTE is looking for the Senior Core Engineer. Location is in Moscow with business trips around Russia Responsibilities:   Work with IMS,CSCF,VoIP,SBC,SSS,SIP Configuration, Feature Testing, Troubleshooting. Protocol Specifications and Analysis   End to end testing of VoLTE network deployment in identified markets.   The task requires IP tracing in a complex network and multi-protocol analysis   Requirements:   Knowledge of Mobility and LTE architecture   Experience with SIP protocol and IMS based services   Experience with SS7 tracing, ability to discuss, identify and name the notes in a typical SIP call flow and the notes in an IMS/Application Server platforms and the function of each note.   Ability to document the test cases and be responsible for cleaning up discrepancies and ambiguity in the test.   Including validation with architects to ensure the correct call flow, clearly and accurately document and discuss the discrepancies, anomalies or issues with the test case.   Language English (Intermediate)   Wireless Mobility Network Experience Domain knowledge   Packet Analysis for VoLTE (or VOIP) Protocols Wireless domain of LTE, 3G, 3G+PacketCore, /UMTS/LTE   LTE, UMTS and GSM/GPRS Call flows   Network topology &amp; various interfaces   Protocol testing of UMTS/LTE   Understanding of call processes between End to End system testing   Ready for business trips   We offer:  Competitive salary Working in international company "
Senior AdOps Manager,https://hh.ru/applicant/vacancy_response?vacancyId=46022236,2021-07-06T16:27:26+0300,False,,,,От 3 до 6 лет,Полный день,Английский язык;Analytical skills;Firebase;Admob;Mopub;Amazon;Programmatic advertising;Advertising;,TheSoul Publishing (AdMe),Калининград,"TheSoul Publishing is one of the largest digital media publishers in the world producing entertaining and positive online content for more than 1 billion followers around the world. We are the company behind wildly successful DIY channel 5-Minute Crafts, the inspirational and creative channel Bright Side, and a wide portfolio of additional popular channels across YouTube, Facebook, TikTok, Instagram, and more.   We were named &quot;Digital Studio of the Year&quot; at the recent 2021 Digiday Video &amp; TV Awards and continue to garner recognition from the Webby, Shorty, and Streamy awards. With a highly-creative team of 1700 spread across 70 countries, we continue to expand to match the rapid growth and success of the company. We’re looking for a Senior Ad Operations Manager (Applications) with expertise in mobile applications ad monetization who will be passionate about leading this subject, applying new skills and jumping in wherever needed to ensure campaign success.   Location: Limassol, Cyprus / Remote Responsibilities:   Become a leading subject matter expert in mobile in-app ad monetization.   Monitor, optimize and increase ad revenue, eCPM, impressions and fill rates among all our apps.   Keep track of revenue and other significant KPIs.   Run A/B tests to optimize ad network-based monetization efforts.   Propose improvements and innovative ways on how to increase revenue, viewability and other essential metrics.   Day-to-day yield optimization techniques across all monetization partners.   Requirements to the candidates:   3+ years of professional experience.   Degree in tech would be a plus.   Professional knowledge of app environment and ecosystem, app monetisation, analysis, ad setup.   Experience in app monetisation in media/games on the publisher’s side.   Knowledge of Firebase, GA, Mopub, Admob, Facebook, Amazon etc   Fluent English   We offer:   A competitive salary and benefits;   Location – Limassol or remote working in a European time zone;   Great opportunities to grow and develop your skills in an international and creative team.   We appreciate your interest in our roles and the company. Your CV will be reviewed carefully by our team, and if we are ready to move forward with your application, one of our recruiters will contact you and explain the next steps. ​ TheSoul Publishing is an equal opportunity employer and we are committed to creating an inclusive environment for all employees. We celebrate diversity and we do not discriminate based upon race, color, religion, gender, gender identity, national origin, citizenship, age, disability, sexual orientation, marital status, or any other characteristic protected by law. We care about the privacy of our candidates and all the data you provide to us is maintained in a secure manner and kept confidential.    "
Community Associate,https://hh.ru/applicant/vacancy_response?vacancyId=45985527,2021-07-20T16:30:23+0300,False,,70000,RUR,Нет опыта,Полный день,Teambuilding;Teamleading;Time management;MS PowerPoint;Negotiation skills;Teamplayer;Customer Service;Administrative Support;Английский язык;,WeWork,Москва,"About Us WeWork began in 2010 with a vision to build the first global physical platform designed to bring people together. Today, we offer access to a desk, an office, a headquarters, or an entire building in hundreds of cities around the world; with over a third of the Fortune 500 companies being part of the WeWork community. About the Opportunity As a Community Associate, you’ll be the primary point of contact for the Community and act as the “face” of WeWork! You will report to your building each day to support the Community Management team to achieve the following:   Build a welcoming and collaborative community environment amongst our members through events and building relationships between members!   Ensure that your building is fully operational and processes are running efficiently.   Drive growth and promotion of WeWork-provided service offerings.   Take direction from the Community Lead and the Community Manager to support the Community Team as necessary.   All of this while illustrating WeWork’s core values and working towards achieving our mission.   In this role, you’ll: Front Desk Management:   Cover the front desk during the building’s set business hours and be an on-site point of contact, easily located on the member floor or at Community Bar.   Greet members and guests with a warm and welcoming demeanor.   Ensure all visiting guests are in accordance with WeWork’s guest policy by ensuring all guests properly sign-in via Welkio iPad.   Learn the names of members and guests with the goal of building relationships in order to facilitate the sense of Community WeWork is known for.   Anticipate member and guest needs before they arise using relevant information collected about members to enhance and personalize their experience.   Ensure building Specific forms are up to date including pet forms, filming requests, bike room requests, etc.   Keep the front desk clean and organized.   Notify members of any food deliveries and couriers.   Answer any questions from members and guests related to the building including way-finding, policies and procedures, community etiquette, etc.   Events and Membership Engagement:   Provide feedback on programming types (based on member makeup) and evaluate events based on attendance, satisfaction, and impact on the appropriate event team.   Consistently celebrate members’ successes and milestones through gifts and notes.   Distribute all necessary info to promote the event including the creation and posting of weekly events poster and individual event posters.   Ensure building-specific operational requirements are met for each event (elevators, HVAC, etc).   Input notes into Spacestation or equivalent system about Members.   Identify and execute opportunities to connect members with each other.   Know and recommend local restaurants, food delivery services, catering options, team outing venues, post office, shipping center, supply store, etc.   Be active on the WeWork member network to engage members.   Know and explain WeWork policies and procedures and communicate, inform, and update members on building issues.   Ensure music levels and activations are appropriate to the daypart and occasion.   Write and send broadcasts relating to building updates.   Building Operations and Management:   Receive, process, sort, and organize all mail.   Locate and issue post via the regional system to members upon request.   Keep the mailroom organized and clean.   Return to Sender’ for unidentified mail and former member mail after 30 days of no-pick up.   Ensure courier parcels have all the correct details for scheduled pick-ups.   Investigate, escalate, and resolve ‘lost’ packages.   Know and explain WeWork policies and procedures around mail and mailroom.   Track, audit, and organize keys collected and distributed.   Manage keycard stock and request new inventory as needed.   Collect keys and key cards upon move-out.   Review location and how to use each piece of Emergency Equipment.   Provide support for an automated coffee machine for guests and members.   About You We’d love to hear from you if you meet the qualifications below:   College graduate with a four-year degree preferred, but not required.   Customer service and/or sales experience a plus.   Must have strong verbal and written communication skills.   Outstanding interpersonal and multitasking skills.   Demonstrate integrity, dependability, responsibility, accountability, self-awareness, work ethic, and compassion.   Passion for entrepreneurial communities.   Passion and understanding of WeWork’s mission and values.   Proficient in basic computer skills.   Life at WeWork Just as we empower our community, we believe in empowering our team to create their own life’s work. We move fast and challenge each other, but we always make sure we look out for one another. Our culture and values are what make working here rewarding. We are an equal opportunity employer and value diversity at our company. We do not discriminate on the basis of race, religion, color, national origin, gender, sexual orientation, age, marital status, veteran status, or disability status. Learn more about diversity at WeWork here."
Backend Software Engineer (Ruby),https://hh.ru/applicant/vacancy_response?vacancyId=45644933,2021-07-19T14:04:16+0300,False,,200000,RUR,От 3 до 6 лет,Удаленная работа,Java;Linux;SQL;Английский язык;IoT;Ruby;Ruby On Rails;SCALA;PostgreSQL;,Sense AI Pte Ltd,Москва,"Ищем серверного разработчика в IoT стартап, связанный с безопасностью домов и помещений. Обнаруживаем и различаем движение, анализируя изменения в характеристиках распространения WiFi сигналов. Без камер, ﻿датчиков движения, ﻿датчиков открытия окон и тд. Интересно? Пишите, расскажем подробней. Работа в многонациональной команде. Основной язык общения — английский. Желательно иметь хотя бы 4 часа пересечения по рабочим часам с Сингапуром. Who We Are We are a small company founded by industry veterans. Our founders have proven skills in IoT ideation and software development. Prior to nami, they built one of the top 10 global Wi-Fi certified IoT brands, with millions of connected products deployed over four continents. Their previous product was named the best smart LED light bulb by the Wirecutter. nami will go to market in summer 2021 with our consumer brand, Bolo, and expect professional/consumer OEM partners to launch our “Powered by nami” products in 2022. What You’ll Do  Design, develop, and maintain our cloud system with the focus on availability, security, low latency; Collaborate closely with firmware and mobile developers to delivers a great experience to our customers; Take responsibility for the operations of the software in production; Improve and clean up our codebase whenever there is an opportunity; Squash software bugs;  If the following describes you even partially, we&#39;d love to talk:  You have experience in writing working software in Ruby (Ruby on Rails); You are passionate about high-quality software products; Working as part of a team is important to you; You are an effective communicator in English (written and verbal); You used SQL and you may even like it; You are able to adapt quickly to changing requirements and work with a bit of ambiguity.  Any of The Following Will Be a Plus  Hands-on experience with JVM ecosystem for server development, and familiarity with Java, Scala, or Kotlin; Have an eye towards the future of IoT, home security and home automation; Familiarity with design patterns; Hands-on experience with software operations: deployment, CI/CD pipelines, monitoring; Hands-on experience with automated testing; Hands-on experience with message queues; Understanding of web application vulnerabilities and security; Understanding of networking protocols: low-level (TCP, UDP, IP) and application-level (HTTP, DNS); Familiarity with public-key cryptography and infrastructure; You know your way around Linux.  What We Offer  A multicultural environment that promotes a healthy work-life balance; An attractive remuneration package; 15 days of annual leave; A talented team from all over the world to work with; Working with cutting-edge IoT and Smart Home technologies (Matter, Thread, Wi-Fi Sensing); Flexible work-from-home arrangements during and after the pandemic. Our team is global and remote, so we will not be bringing everybody to the office full-time when COVID restrictions are lifted. "
Senior Java Software Engineer (remote),https://hh.ru/applicant/vacancy_response?vacancyId=45509128,2021-07-12T17:46:58+0300,False,,,,От 3 до 6 лет,Удаленная работа,Java;SQL;Microservices;Git;,IDT Technologies,Калуга,"We&#39;re looking for a Senior Java Software Engineer.You will work in the team based in Minsk and USA which has advanced experience in VoIP and works on the one of our flagship product - Net2Phone. At this position you will:  Participate in the design and architecting of full stack transactional web enterprise systems that work on premise, AWS and GCP. Implement aforementioned design. Document the service architecture in order to support internal integrations for digital interfaces and business analytics. Write clean, DRY and modular code, providing proper documentation when necessary. Extend team tools and capabilities to support the ability to perform rapid prototyping.  We want you to have:  Minimum 4 years of experience with Java. Hands-on experience with large-scale products. Understanding of database technologies: No-SQL (MongoDB, DynamoDB) and relational (MySQL, PostgreSQL, etc). General knowledge about Apache Kafka or Apache Pulsar. Experience with Microservices programming pattern. Experience in writing technical design documents. Knowledge of asynchronous programming. Experience with SCRUM / Agile methodology. Willingness to learn and explore new technologies. Git: merge, rebase, cherry-pick should be fluent. Good English level – B1 or higher.  It would be a nice bonus:  Experience with cloud infrastructure (AWS, Google Cloud, Azure, Heroku, etc.). Experience in B2C or B2B telecommunications. A degree in computer science. Deep understanding of database technologies: No-SQL (MongoDB, DynamoDB) and relational (MySQL, PostgreSQL, etc). Deep understanding of how Apache Kafka or Pulsar work.  We offer you:  A really exciting and challenging job and talented people around. Competitive salary and growth opportunities. Good hardware. Modern office with free parking in the very center of Minsk. Remote work opportunity! 26 vacation days &amp; 5 fully covered sick days without sick leave required per year. Professional training, seminars, and conferences compensation. Superb corporate English lessons.  About us:IDT Technologies is a part of IDT Corporation – an American telecommunications company founded in 1990 and headquartered in Newark, New Jersey. Today it is an industry leader in prepaid communication and payment services and one of the world&#39;s largest international voice carriers. We are listed on the NYSE, employ over 1300 people across 20+ countries and have revenues in excess of $1.5 billion.Net2Phone is a rapidly growing global provider of unified cloud communications solutions. It was named ‘VoIP Supplier of the Year’ by the Telecom Consulting Group in 2018. TCG is one of the largest and experienced agencies in the US with over 3400 agents. Its cloud communication solution provides an integrated communications suite featuring powerful collaboration tools such as voice, messaging, chat, unlimited domestic and international calling to 23+ countries. Net2Phone’s commitment to TCG includes rapid quote turn-around, industry-leading SPIFFs, and evergreen residuals."
Sales Support Specialist (customer administration support),https://hh.ru/applicant/vacancy_response?vacancyId=45978984,2021-07-05T15:03:40+0300,False,,,,От 1 года до 3 лет,Полный день,Английский язык;MS PowerPoint;Salesforce;Грамотность;Business English;sales support;Financial Management;Business Administration;Billing;,London Stock Exchange Group,Москва,"Refinitiv is now a part of London Stock Exchange Group (LSEG). LSEG is a leading global financial markets infrastructure and data provider headquartered in the United Kingdom, with significant operations in 70 countries across EMEA, North America, Latin America and Asia Pacific. We employ 25,000 people globally, more than half located in Asia Pacific. Responsibilities: You will be responsible for customer administration support for the clients and their Sales Partners from LSEG Sales &amp; Account Management team Responsibilities:   Work closely with the credit management team to escalate non payment issues with client   Manage to resolution all queries from the client, correct escalation of issue   Work closely with the client to provide initial administration guidance into large scale client projects e.g. product migrations, client mergers &amp; large client rollouts   Conduct proactive client engagement though Quality Checks, Account Reviews, Order Process Reviews, Satisfaction Surveys etc.   Work with the Account Team, Client and Order Mgmt Specialists to support the DAD process, helping with any escalations and installed position validations   Work directly with clients to determine how our order to cash process can be enhanced, understanding their current and future requirements and communicating these as strategic input into Customer Administration service improvement programs   Provide support to Account Managers in any migration process as well as with other strategic initiatives and campaigns   Assist clients in ordering add on services for information terminals/systems including exchanges through direct interaction with the clients, identification of required services and processing relevant order forms/requests, including communication with the third party representatives if necessary   Provide all required support to Account management in performing KYC checks, including collection of the information from the client and communication with relevant internal teams   Work in Russian CRM system(customers and contacts creation (data privacy law)   Fully coverage with Genesis( trials, documentation, ELM, processing)   Work with CRM systems: 1) Open opportunities on provided from AMs information (cancel-correct close and exp revenue dates, users, w/l reasons, commentaries, competitors). 2) CAA creation to process new sales, cancellations, free trials, OF creations, billing, address change, name change, users swap 3) Create new contacts if necessary.   Requirements:  Higher education - economic/ finance; 2+ years experience in business administration support /sales support administration; Ability to quickly become proficient end user of CRM Systems (preferably Salesforce Trust); English - Upper -Intermediate level (written is a must); Computer literacy (MS Excel, Word, Power Point, CRM Systems and Genesis– will be advantage).  Conditions:  International, ever-changing, dynamic environment FinTech start-up approach with the stability and gravitas of a global established company presented in 70 countries E-learning platform, a range of workshops and international projects Structured training and buddy support Health insurance "
Camp Counselor English (вожатый),https://hh.ru/applicant/vacancy_response?vacancyId=45938716,2021-07-20T17:57:13+0300,False,60000,,RUR,Нет опыта,Вахтовый метод,Грамотная речь;Английский язык;MS PowerPoint;Time management;Teambuilding;,Люкс Инглиш,Москва,"Exciting news! Board games, sports, dancing, karaoke and many other activities. Does that sound like your kind of summer? We’re an international school of languages, organizing an English camp this summer, just outside of Moscow. We are super excited so as our kids. All we need for it to be a success is you.   There are 2 sessions this summer July 24 – August 6 August 8 – August 21 It’s an exciting adventure! There are no English lessons. Football, hugs, dancing, movies, debates, laughing, crying and everything in between. You can run your creativity wild in creating activities for kids. We have tons of equipment for and many years of experience organizing camps. If this makes you want to jump up and say “Hell, yeah!” then it’s strange we haven’t met yet…   Just want to point out the obvious and not so obvious when it comes to being a camp leader.  You stay focused on the job at all times. The second you switch off and decide to just relax and have some time for yourself, you get 10 kids that are bored, 2 that just got in a fight, 5 that need some games you promised to bring them and some that want to get some medicine for sore throat. It will take you a lifetime to undo all of it. You work in a team. You can be the greatest at everything… Unless you work with others, let them help you and help them as well, nothing gets done on time and with ease. This one is major. Love for kids. Right? Seems obvious but let me just reiterate this… you’re spending 14 days with kids. 24 hours each day. They will want to hug you, play with you, know your life story, do their hair your way and share their stories with you. Unless you get a kick from this, it will be hard. You are physically fit and active. You will be bent in every position possible, carry some kids because they love you so much and decide to pull on your arms and jump on your back. Football, volleyball, basketball, dance, you name it… Cancel your gym membership, you come back in the best shape possible after the camp. Your spoken English is great. English is the only language spoken in the camp except for very few situations.    Duties  Organize  What kids do from 8:00 a.m. to 10:00 p.m. is completely up to you. All sports, activities, crafts, meals, quiet hour, good nights and in-betweens YOU schedule for them.    Games and Activities   Board Games: We have a selection of about 100 board games in the camp. YOU should be able to learn a game, figure out the easiest way to explain the rules to kids, cheer them on, help with strategies and play the game with them. Sports: You should be able to conduct “standard” sports (basketball, soccer, volleyball and badminton) and competitions. Master Classes: Share some of your hobbies and talents with the kids. YOU don’t have to be great at it but passionate enough to get kids excited and teach it to them. Just to name a few: drawing, yoga, dancing, singing, acting, crafts, martial arts, etc…     Safety  The most important is obviously kids’ safety. We want them to come back super healthy and in one piece. YOU tell them how to dress for outside, activities without harm to their health, help resolving conflicts, get medical attention quickly if needed, safety in the swimming pool    Self-Organization  None of the above can happen without YOU being able to organize your day  Love for kids  Love kids and believe in them, regardless of their character and “peculiarities”   Rewards  Transfers to the camp, hotel accommodations and 4 meals a day are complimentary You get to spend your summer in a beautiful, secluded place with lots of water and greens Work with young, driven professionals Salary 30,000+ for 2 weeks    That’s about it. If the above is done and maintained, the camp is a breeze and it’s an absolute blast to be there! We are excited to go and to add a new member to the team so please send us your resume and start your cover letter with the words “It is strange we haven’t met yet…”.    "
Управляющий коворкингом,https://hh.ru/applicant/vacancy_response?vacancyId=45754739,2021-07-19T18:29:50+0300,False,60000,,RUR,От 1 года до 3 лет,Полный день,Управление персоналом;Ведение переговоров;Подбор персонала;Обучение персонала;Мотивация персонала;Планирование;Корпоративная культура;Управление отношениями с клиентами;Командообразование;Управление командой;Навыки переговоров;Ориентация на результат;Управление временем;Аттестация персонала;Управленческие навыки;Работа в команде;Деловое общение;Закупка товаров и услуг;Работа с поставщиками;Ведение документации;,УК НЭЙМС,Екатеринбург,"NAMES – это коворкинг для предпринимателей, построенный предпринимателями, проект Аяза Шабутдинова. Первый коворкинг открыт в Екатеринбурге в декабре 2019 года. Затем открыты коворкинги в Ижевске и Тюмени.  NAMES - это сеть коворкингов, созданных для профессионального развития своих резидентов, где они работают, общаются, учатся в среде, которая поддерживает. Это государство в государстве, где люди объединяются не по принципу географических границ, а по схожим взглядам и ценностям. Обязанности:  Организация и обеспечение эффективной деятельности коворкинга Обеспечение выполнения установленных финансовых планов и показателей коворкинга Управление персоналом (обучение, мотивация, контроль соблюдения стандартов) Взаимодействие с партнерами и поставщиками посредством личного общения, телефонных переговоров, электронной почты или социальных сетей Ведение документации по охране труда, кадровый учет Заключение сделок с юридическими лицами, проведение оплат, закупка инвентаря Контроль соблюдения стандартов сети Обеспечение высокого уровня удовлетворенности клиентов  Требования:  В руководящей должности - не менее 2 лет; Организация деятельности в сетевых проектах; Мотивация и обучение персонала; Подбор, оформление и аттестация персонала; В построении эффективной и стабильной команды; Умение работать с экономическими показателями; Ведение переговоров, работа с возражениями  Условия:  Работа в центре Екатеринбурга с панорамным видом Официальное трудоустройство и отличная зарплата Возможность участия в создании самой крупной сети в РФ и сообщества Постоянное движение и развитие с крутой командой и сильным лидером Возможность повлиять на будущее своего города  Если ты считаешь, что справишься и готов, с горящими глазами, ворваться в проект! Если любишь работать с людьми, изучать новое и брать на себя ответственность за принятые решения! Тогда ждем именно тебя!"
Programmer,https://hh.ru/applicant/vacancy_response?vacancyId=26299851,2021-07-12T07:37:26+0300,False,,,,От 1 года до 3 лет,Гибкий график,,Xored,Новосибирск,"A talented programmer Things we don&#39;t look for  It doesn&#39;t matter whether you know Java or C++ and etc. In fact, you either don&#39;t know Nim, but we have project including it. On the other hand, if you happen to know Scala or Clojure properly, we would like to hire you skipping any interviews, but we have to interview you to make sure you are not a programming hipster after all. Actually, we are not interested in a number of technologies you know or have ever used. They will certainly matter, but they are not required. What we do is creating technologies from a scratch; naturally, you cannot be expected to have them in your set of skills. However, if you have ever made or taken part in building a widely recognized piece of code, like Hibernate, Maven, Spring Framework, or Eclipse, we add you to payroll the next day you wrote to us. We are equally not interested in any degrees and education certificates. That does not imply us being a bunch of unintelligent dimwits. The thing is that we believe education and intelligence are not synonymous. We do have a couple of PhDs, though. We have no interest in your race, gender or sexual preferences. Though, we do have a couple of, you know.  Things we actually care about  Basics of programming are imperative. You don&#39;t have to have Knuth at the tip of your tongue, but some bits of Wirth&#39;s Algorithms + Data Structure are not supposed to be an epiphany either. Profound knowledge of object-oriented programming is another must have. Instead of listening about design patterns, we&#39;d rather see a fine example of your design. You should follow new trends, but be not obsessed with them. Those who think Java and C++ are the supreme of programming evolution should stop reading this, it&#39;s highly unlikely we hire you. On the other hand, we ready to believe in J2EE and ASP.NET being the best if you can ground it. Not having ever fancied Cloud, NoSQL, or highly scalable architectures would be considered as a drawback. To cut a long story short, just tell us something new, captivating and having practical value, and we will definitely find common ground. You should know how to make things and show results. We won&#39;t read blunt CV lines, that have nothing behind them. Give us something tangible; namely, either products you have done (even if it is a college project) or articles written about your works. If there is no trace of your code to be found on the Internet, what is the point you working anyway? By the way, a good article written by you or a witty idea said on a forum are worth mentioning too.  What we offer   Interesting and various work in creating tools for development and modeling (mostly in Java Stack). Work integrated into worldwide software development process, and consequently awareness of the latest trends and achievements in Software development world. Your code will be used by thousands people around the globe. We appreciate innovations, and we have no managers to limit us technologically. The only managers we have are engineers too. We would give a try to a new technology or an organization solution, if you have any to suggest. The only thing that can keep a lid on your profession growth is your skills. "
Frontend ClojureScript Software Developer,https://hh.ru/applicant/vacancy_response?vacancyId=45978592,2021-07-05T14:57:29+0300,False,,,,От 1 года до 3 лет,Удаленная работа,ClojureScript;React Native;,Urbest,Москва,"Urbest We are a tech company focused on simplifying building management. The goal of Urbest is to provide every user with a simple, intuitive and fast way to interact with his building in order to solve any issue/problem. At Urbest, we believe that everyone can contribute to improving their environment through small actions that, when put together, make significant improvements for a whole community. To achieve this, we have built a digital platform so that everyone can with others through their preferred means of communication. We believe that the simplicity and efficiency of an interface is an imperative for our users. Engineering: We look for engineers with a strong eye for detail and humble approach to problem solving. Supportive and being able to work effectively in teams is also a must. We have a varied stack and our core application is built in Clojure. On top of this we work with the latest technologies such as Postgres, Docker and AWS to name a few. Our tech team organises itself in an organic and efficient way to work, whilst each member takes a lot of responsibility for the end to end delivery of a core part/feature.   Responsibilities :  Building a low latency, high availability and scalable global platform Collaborate with software engineers, designers, to build and shape compelling user-facing products Be a valued member of an autonomous, multi-functional agile team Own and write maintainable code that will scale across a number of iOS, Android and Web related projects Architect efficient and reusable front-end systems that drive complex web applications.  Requirements :  You have at least 1 year production experience building products in ClojureScript JavaScript, React Native, Cypress and Detox experience is a bonus You love an environment focused on good Engineering practice, code reviews and regular pairing You are always happy to collaborate with others, guiding and mentoring where needed You have worked on full cycle product development and you are not afraid of deployment You are a highly driven problem solver and strive for building clean and user-focused experiences.  Conditions :   Flexible working hours, but minimum of 35 per week.   Evolving role with growth   Perks and bonuses and potential to try new technologies        "
Ассистент в отдел Маркетинга,https://hh.ru/applicant/vacancy_response?vacancyId=44940129,2021-07-21T10:03:58+0300,True,50000,,RUR,Нет опыта,Полный день,Маркетинговый анализ;Сбор и анализ информации;Аналитические способности;MS Excel;Digital Marketing;Product Marketing;SQL;Python;growth;Google Analytics;Google AdWords;Яндекс.Директ;Контекстная реклама;Яндекс.Метрика;power bi;Tableau;trello;slack;Управление проектами;Английский язык;Интернет-реклама;Навыки презентации;,Гигант,Москва,"Привет! Если ты ждал знак, то вот он :) Гигант - это активно растущий стартап, который уже нашел PMF, получил инвестиции от Авито и сфокусировался на многократном росте. Для пользователей - мы сервис быстрого поиска подработки в удобное время и рядом с домом. Для бизнеса - платформа для поиска линейных исполнителей на короткое время. В нашей команде уже более 150 человек, а подрабатывают через нас тысячи. И это только начало :) Поэтому, если такие ценности как: Честность, Любознательность, Взаимоуважение и Амбициозность тебе близки - сейчас самое время присоединиться! Чем предстоит заниматься: Самостоятельно решать и сапортить решение взрослых задачек Growth &amp; Marketing команд. Это про кратный рост эффективности, принятие решений на основе данных, продуктовые и маркетинговые гипотезы, цифры, цифры и еще раз цифры. Будет быстро и сложно! Будет очень много новой информации. Будет много задач из серии: собери табличку, построй сводную, зарисерч, прокастдевь, разбери джобы, организуй встречу, запроджекти, причеши, автоматизируй и т.д. Что это даст тебе: Невероятную возможность участвовать во всех бизнес процессах компании и напрямую влиять на рост бизнеса. А значит получить шанс пройти карьерный путь, который у большинства занимает многие годы, за 10-15 месяцев. Получить ту самую насмотренность, стать T-shaped и осознанно выбрать будущую специализацию - growth, marketing, product, analytics, you name it! И между делом приложить руку к истории с потенциалом больше, чем у Яндекс.Такси :) Наставничество, воркшопы, курсы, конфы и книги - как само собой разумеющееся. Требования:   Здравый смысл и желание работать головой, а не руками   Гиперответственность и четкий тайм менеджмент   Любовь к таблицам и цифрам. Excel и Spreadsheets - твои любимые игрушки   Знание английского на уровне B1+. Большая часть учебного контента будет на английском   Опыт в NoCode интеграциях и прочие прелести современного IT, где &quot;даже моя бабушка может запилить приложулю&quot;   Слова метрики, конверсия, CAC, ROI, LTV и ретеншен не вызывают страха (как минимум можешь быстро загуглить и разобраться к чему это все)   (не обязательно) Python, SQL и прочие страшные слова дают плюс в карму и однозначное преимущество, если за словами есть еще и опыт   Условия:  Офигенная команда экспертов в продукте, маркетинге, аналитике, разработке и бизнесе  Возможность совмещать работу в офисе в Москве/СПб и дома   Полностью белая ЗП   Оплата от 50% до 100% курсов, вебинаров и прочей пользы   Возможность присоединиться к &quot;единорогу&quot; почти на самом старте  "
Sales Manager / Hunter,https://hh.ru/applicant/vacancy_response?vacancyId=45714614,2021-07-20T09:59:47+0300,False,,,,От 3 до 6 лет,Полный день,Key Account Management;Business Development;Negotiation skills;Team management;Internet;,DHL Global Forwarding,Москва,"DHL Global Forwarding, worldwide logistic leader, offers a great career opportunity in Sales &amp; Marketing Department for experienced sales and industry experts. Overall role purpose:  To increase company’s volumes and profit by gaining new Strategic and Medium Size Customers and increasing share of wallet with existing accounts; To manage relationship with key existing and potential company’s customers; To gather customer, industry and market information to update and drive new logistics solutions for customers.  Reporting line: Sales Department Manager DHL Global Forwarding Russia. Main tasks and key responsibilities:  Actively hunting for new business, capture opportunities with current or prospective customers and handover the account after acquisition; Deliver customers portfolio budget, achieve individual quarterly individual sales target by maintaining a healthy pipeline, good contractual performance and proactive thinking; Manage relationship with assigned accounts and prospects; Seek and prospect for strategic customer targets to win new customers; Upsell additional services to the existing accounts to increase volume and sales revenue; Identify customer’s needs and supply chain strategy to proactively offer DHL logistics solutions by consultative selling on values; Work out account development plan for strategic customers, align actions within cross-functions and global/regional account management structure; Manage Quality Business Reviews with customers and align with cross-functions; Collect relevant customer information for the RFI/RFP/RFQ and prepare documents for customer implementation in order to ensure proper operational handover and implementation to meet customer expectations (SLA&#39;s &amp; SOP&#39;s) Meet and exceed all sales KPI’s as directed by the Sales and Marketing organization Incorporate daily use of the Global CRM platform to document sales activity and relevant customer business detail as well as operational systems in part of contractual and tariffs management.  Knowledge, Skills and Experience:  More than 2 years of relevant experience in freight forwarding industry, comprehensive sales experience; Excellent sales, communication and presentation skills; Ability to identify customer needs by gathering information and building long-term relationships, passion for selling; Comprehensive knowledge of airfreight freight forwarding, ocean freight, and multi modal transport industry is a plus; Results driven and good team player; Ability to work in multitask environment; Ability to hunt new customers using social media, present DHL capabilities and qualify customer needs through online meetings; Fluent English both oral and written; MS Office and especially Power Point advanced user; Driving license category B.  We offer:  Exciting role in the leading global Freight Forwarding Company- DHL Global Forwarding (Deutsche Post DHL Group forwarding division); Competitive salary - negotiated individually; Wide range of opportunitieas for professional development and personal growth; Corporate car and fuel card; Mobile sim-card; Medical, life &amp; accident insurance after the trial period (3 months); Health and wellbeing program, special offers from brand name fitness club networks; Office location in “Business Park Khimki” with own outside parking, canteens, cafes, shops, free gym area for cardio and functional training. "
It/GameDev Recruiter,https://hh.ru/applicant/vacancy_response?vacancyId=46137975,2021-07-11T11:28:39+0300,False,,,,От 1 года до 3 лет,Полный день,Английский язык;Corporate Events Organization;Internet;Recruitment;Формирование планов по подбору персонала;,Sperasoft,Санкт-Петербург,"This is an excellent opportunity for an experienced IT recruiter to join fast growing game development outsourcing company. Can you help us to take company to next level? Now is your chance to join an established team and carve a name for yourself! The existing HR team is friendly and enthusiastic so personality is an important factor.   Requirements:  2+ years of experience in recruitment: IT or gamedev area; Excellent knowledge of Internet and other sources for recruitment; Excellent knowledge of the labor code; Proven ability to handle multiple projects; Ability to work independently to achieve targets; Excellent communication skills; Strong organisation skills, attention to details; Advanced English; Experience of working in companies with western style of management will be a plus.    Responsibilities:  Gamedev recruitment all around the world; Hiring planning and reporting; Leading HR brand projects: partnership with Universities, Internship projects, gamedev and IT conferences; Newcomers adaptation; Conduct hiring and adaptation training events; Participation in other HR projects.    We offer:  Working with an international team of world class professionals on exciting and challenging projects; Relocation program for new hires; Learning &amp; Development opportunities – mentoring, lectures, participation at industry conferences and events; Medical Insurance package; Sensible flexible working hours; Breakfasts, snacks and fruits available during the day, tea and coffee machines; Friendly team and a friendly environment; Casual workplace environment in downtown St. Petersburg; including bicycle parking, gym, game and chill-out zones; Additional benefits – care bonus to cover health, educational and safety needs, three paid days without sick list during a year, corporate parties and team buildings, referral bonuses and many more others. "
Системный администратор ИКС,https://hh.ru/applicant/vacancy_response?vacancyId=45956150,2021-07-05T08:54:17+0300,False,58000,,RUR,От 3 до 6 лет,Полный день,VMware;Администрирование серверов Linux;FreeBSD;Zabbix;Hyper-V;,ГАУЗ Республиканская клиническая больница им.Н.А.Семашко,Улан-Удэ,"Обязанности: администрирование серверов и предоставляемых сервисов работа по заявкам пользователей резервное копирование: служб, конфигурационных файлов, виртуальных машин, физических серверов. Настройка планов обслуживания баз данных. техническое обслуживание серверной и телекоммуникационного оборудования в корпусах ведение документации (кабельные журналы, схемы кабельных трасс) техническое обслуживание серверной и телекоммуникационных шкафов в корпусах. Мониторинг инфраструктуры организации, предотвращение сбоев и устранение инцидентов. Парк АРМ более 600. Необходимые знания: Систем виртуализации: • VMware vSphere Hypervisor (на базе ESXi), так же vCenter Server; • Microsoft hyper-v на базе windows server 2008 R2/2012 R2; • Proxmox VE ver. 2.1 Знание операционных систем и служб: • FreeBSD o Firewall Packet Filtered; o Named; o Squid; o VPN MPD • Linux Ubuntu server 14 o Файловый сервер Samba; o Программный RAID основанный на драйвере mdadm; o OpenVPN; o OpenSwitch; o Zabbix (знать стек протоколов tcp/ip и SNMP) • CentOS o Служба центрального архива медицинских изображений dcm4chee • SLES 11 o Firewall • PfSence 2.4 • Windows Server 2008-2012 o Active Directory o DNS o DHCP o WDS o DFS o Служба терминальных подключений o Отказоустойчивый кластер (посредник подключений к удаленному рабочему столу) o RemoteApp o MS SQL server o 1c server o Openfire server   Навыки и умения конфигурирования коммутаторов 2 и 3 уровня: • Cisco switch и Cisco Router Wifi • Juniper • Mikrotik • OpenWRT • DDWRT Знание скриптовых языков: VBScript, JavaScript, WMI, Perl, Bash, sh. доп. сервисы, которые нужно будет понять и освоить: чат - openfire + miranda, wi-fi для пациентов на ubiquiti + pfSense, электронный документооборот WSS Docs, ЛИС - Акросс (на основе 1С), МИС &quot;Ариадна&quot;, DICOM сервер на основе dcm4chee, HWInspector server – Help Desk Бухгалтерия на 1С: БД на ms sql, антивирус Касперского KES  "
Ассистент в Growth team,https://hh.ru/applicant/vacancy_response?vacancyId=44939996,2021-07-21T10:04:09+0300,True,50000,,RUR,От 1 года до 3 лет,Полный день,Маркетинговый анализ;Сбор и анализ информации;Аналитические способности;MS Excel;Digital Marketing;Product Marketing;SQL;Python;Growth;Google Analytics;Google AdWords;Яндекс.Метрика;Яндекс.Директ;power bi;Tableau;trello;slack;Управление проектами;Английский язык;Контекстная реклама;Интернет-реклама;Internet Marketing;Навыки презентации;,Гигант,Санкт-Петербург,"Привет! Если ты ждал знак, то вот он :) Гигант - это активно растущий стартап, который уже нашел PMF, получил инвестиции от Авито и сфокусировался на многократном росте. Для пользователей - мы сервис быстрого поиска подработки в удобное время и рядом с домом. Для бизнеса - платформа для поиска линейных исполнителей на короткое время. В нашей команде уже более 150 человек, а подрабатывают через нас тысячи. И это только начало :) Поэтому, если такие ценности как: Честность, Любознательность, Взаимоуважение и Амбициозность тебе близки - сейчас самое время присоединиться! Чем предстоит заниматься: Самостоятельно решать и сапортить решение взрослых задачек Growth &amp; Marketing команд. Это про кратный рост эффективности, принятие решений на основе данных, продуктовые и маркетинговые гипотезы, цифры, цифры и еще раз цифры. Будет быстро и сложно! Будет очень много новой информации. Будет много задач из серии: собери табличку, построй сводную, зарисерч, прокастдевь, разбери джобы, организуй встречу, запроджекти, причеши, автоматизируй и т.д. Что это даст тебе: Невероятную возможность участвовать во всех бизнес процессах компании и напрямую влиять на рост бизнеса. А значит получить шанс пройти карьерный путь, который у большинства занимает многие годы, за 10-15 месяцев. Получить ту самую насмотренность, стать T-shaped и осознанно выбрать будущую специализацию - growth, marketing, product, analytics, you name it! И между делом приложить руку к истории с потенциалом больше, чем у Яндекс.Такси :) Наставничество, воркшопы, курсы, конфы и книги - как само собой разумеющееся. Требования:   Здравый смысл и желание работать головой, а не руками   Гиперответственность и четкий тайм менеджмент   Любовь к таблицам и цифрам. Excel и Spreadsheets - твои любимые игрушки   Знание английского на уровне B1+. Большая часть учебного контента будет на английском   Опыт в NoCode интеграциях и прочие прелести современного IT, где &quot;даже моя бабушка может запилить приложулю&quot;   Слова метрики, конверсия, CAC, ROI, LTV и ретеншен не вызывают страха (как минимум можешь быстро загуглить и разобраться к чему это все)   (не обязательно) Python, SQL и прочие страшные слова дают плюс в карму и однозначное преимущество, если за словами есть еще и опыт   Условия:  Офигенная команда экспертов в продукте, маркетинге, аналитике, разработке и бизнесе  Возможность совмещать работу в офисе в Москве/СПб и дома   Полностью белая ЗП   Оплата от 50% до 100% курсов, вебинаров и прочей пользы   Возможность присоединиться к &quot;единорогу&quot; почти на самом старте  "
Казначей,https://hh.ru/applicant/vacancy_response?vacancyId=45918394,2021-07-20T10:16:41+0300,False,,,,От 1 года до 3 лет,Полный день,Работа с большим объемом информации;Валютный контроль;Платежные поручения;MS Outlook;Электронный документооборот;Казначейство;1С: Документооборот;,Like Центр,Москва,"В команду Like Центра требуется Казначей. Основной продукт: онлайн и офлайн образование в сфере предпринимательства и личностного развития. Like Центр — ведущая технологическая образовательная компания для предпринимателей. В экосистему Like Центра входит инвестиционный фонд, собственная LSM-платформа и сеть коворкингов Names. Работая в нашей команде, Вы получаете возможность взаимодействовать с творческими и интересными людьми, а также возможность получить профессиональное обучение и развитие. Обязанности:  Управление расчетными счетами компании (дочерних компаний); Формирование платежных документов в 1С, платежного календаря, выгрузка-загрузка в Клиент-Банк, отражение в бухгалтерском и управленческом учете; Взаимодействие с банками по текущим вопросам, открытие/закрытие расчетных счетов, работа с валютным контролем; Работа с конверсионными операциям, паспортами сделок, депозитами; Работа с лимитами (бюджетами) обособленных (специальных) банковских счетов; Работа с документами по мониторингу банков (ОСВ, карточки счетов, справки, прочие запросы); Работа в системах электронного документооборота (СБ Контур, Диадок); Взаимодействие с отделом кадров по вопросам выплаты з/п, отпускных, расчетов при увольнении.  Требования:  Высшее экономическое (бухгалтерское) образование; Уверенный пользователь 1С 8.3;  Владение инструментами Excel, Google SheetsУмение работать с большим объемом информации, внимательность, ответственность, дисциплинированность. KPI должности: 1. Безошибочное и своевременное исполнение всех платежей 2. Управление взаимодействием с банками с заданными показателями качества 3. Выполнение аналитических задач в полном объеме и с заданными показателями качества. Работая в Like Центре, по словам действующих сотрудников, ты получаешь:   Возможность создавать качественный продукт, которым будешь гордиться;   Топовую среду для развития и неограниченные возможности для профессионального роста;   По-домашнему теплую атмосферу Like Family, крутую команду, помощь и поддержку коллег и руководства;   Конкурентную заработную плату, оклад + KPI по итогам месяца;   Win-win — взаимовыгодное сотрудничество;   Уровень заработной платы обсуждается с итоговым кандидатом;   Работу в комфортном офисе в «Москва-Сити».  "
Gameplay Programmer C++,https://hh.ru/applicant/vacancy_response?vacancyId=46140407,2021-07-12T00:48:58+0300,False,,,,От 3 до 6 лет,Гибкий график,C++;Английский язык;C#;Leadership Skills;Project management;,Larian Studios,Санкт-Петербург,"With multiple awards to our name, Larian Studios has proven that we’re dedicated to delivering high-quality role-playing games. The team that created Divinity: Original Sin 2, PC Gamer’s Game of the Year 2017 and Metacritic’s top-rated PC game of 2017, is working on new projects and looking for new talents. We engage our players on every level with combat, exploration, puzzles and dialogue. To take our player engagement to new and greater heights, we need your help. We want to find passionate, skillful people to join us on our next adventure and are now looking for a Gameplay Programmer for our Saint Petersburg studio. Responsibilities:  Work on all aspects of gameplay systems of the RPG: design, development and support; Work closely together with the other departments to implement the needed game components; Work together with the UI designers on the in-game UI; Write robust and maintainable code; Be an active participant in the design and production of the game — technical side of creative team!  Requirements:  4+ years experience in C++; Excellent feel for RPG systems and gameplay in general; Open-minded, willing to experiment and iterate over a specific feature; Concepts as state machines, pathfinding, AI routines should be second nature; Ability to think like a designer to create compelling and fun game play; Upper-intermediate English; You are a team player and willing to take responsibility; Passion for making and playing great games; Excellent software design and problem-solving skills; Excellent software debugging skills.  Nice to have:  Bachelor’s degree in computer science or software engineering; Game development experience; Experience with gameplay scripting; Experience in WPF, UI programming; Background in RPGs; Shipped game/console titles.  We are looking for highly motivated individuals with ever-evolving skillsets and passion for player experience. If you want to contribute to making amazing RPG experiences, we would love to hear from you."
Повар-универсал,https://hh.ru/applicant/vacancy_response?vacancyId=45988248,2021-07-05T17:22:47+0300,False,40000,,RUR,От 1 года до 3 лет,Полный день,Работа в команде;Креативность;Общественное питание;Выносливость;Опрятность;Скорость подачи блюд;Общение;Быстрое обучение;Самоконтроль;,Coffee Bar No Name,Москва,"Обязанности:  Приготовление блюд ресторана Приготовление заготовок Разработка и планирование меню Осуществление мойки, бланшировки, смешивание продуктов и компонентов, жарку, запекание, варку на пару, изготовление соусов, супов, бульонов, холодных закусок, салатов  Требования:  Опыт работы не менее года Креативный подход Умение работать в коллективе Быстрая подача блюд  Условия:  График работы 2/2; 3/3; 5/2 (Уточняется на собеседовании) с 10:00 до 22:00 Зарплата 2500 смена (после испытательного срока 2800) Включено 2 - ух разовое питание Креативный и очень сплоченный, демократичный коллектив! "
Senior Data Scientist,https://hh.ru/applicant/vacancy_response?vacancyId=45992609,2021-07-20T22:14:23+0300,False,4500,6500,USD,От 3 до 6 лет,Удаленная работа,Tensorflow;Python;Machine Learning;Data Science;NLP;Deep Learning;Data Mining;,DemandMatrix,Москва,"We are hiring an ambitious data scientist to tackle challenging assignments, unprecedented problems in the space of NLP-based measurement, operationalization, feature engineering e.g how to measure strength of tech skills in a resume at scale, how to capture strength of usage of tech in an organization. The challenge of the problem is accentuated due to sparsity of training data, complexity of tech ecosystems and stacks and confounded attributes. These features and measurements would lead to creation of observations datasets for downstream modeling. Qualification   5+ years of professional experience as a data scientist or related roles   Master’s or Ph.D. degree in STEM or AI/ML areas   Experience in setting up supervised &amp; unsupervised learning NLP models including data cleaning, data analytics, feature creation, model selection &amp; ensemble methods, performance metrics &amp; visualization   Experience in text classification topic mining, experience in using open source NLP packages such as NLTK, Word2Vec, SpaCy, Gensim, Stanford CoreNLP.   At least 2 years experience in designing and developing enterprise-scale NLP solutions in one or more of: Named Entity Recognition, Document Classification, Document Summarization, Topic Modelling, Embedding, Hands-on experience in feature extraction techniques   Knowledge of some of the popular ML frameworks such as TensorFlow, Pytorch Keras, SparkML, scikit-learn. Hand on experience with machine learning techniques such as deep neural nets , Knowledge of Text Analytics with a strong understanding of NLP algorithms and models (GLMs, SVM, PCA, NB, Clustering, DTs) and their underlying computational and probabilistic statistics   Well conversant with measurement and operationalization theory - reliability and validity measures, triangulation, measurement bias.   Designing and documenting data architecture at multiple levels (high-level to detailed) and across multiple views (conceptual, logical, physical, data flow and sequence diagrams)   Ability to translate business requirements into conceptual and detailed system architecture and technology solutions     3+ years of experience working in Agile team environment and CRISP-DM methodology   Ability to develop and lead proofs-of-concept, deliver practical, working solutions, Experience working in a cloud environment (AWS, GCP)   Good understanding of the complexity of developing and productizing real-world AI/ML applications such as prediction, recommendation, NLP   We offer:  Competitive salary Interesting and complex tasks Remote work from anywhere Complete absence of bureaucracy Strong technical team that is always ready to share experience Working conditions regardless of the economic situation Birthday Leave "
Backend Software Engineer (Ruby),https://hh.ru/applicant/vacancy_response?vacancyId=45644934,2021-07-19T14:04:16+0300,False,,200000,RUR,От 3 до 6 лет,Удаленная работа,Java;Linux;SQL;Английский язык;IoT;Ruby;Ruby On Rails;SCALA;PostgreSQL;,Sense AI Pte Ltd,Новосибирск,"Ищем серверного разработчика в IoT стартап, связанный с безопасностью домов и помещений. Обнаруживаем и различаем движение, анализируя изменения в характеристиках распространения WiFi сигналов. Без камер, ﻿датчиков движения, ﻿датчиков открытия окон и тд. Интересно? Пишите, расскажем подробней. Работа в многонациональной команде. Основной язык общения — английский. Желательно иметь хотя бы 4 часа пересечения по рабочим часам с Сингапуром. Who We Are We are a small company founded by industry veterans. Our founders have proven skills in IoT ideation and software development. Prior to nami, they built one of the top 10 global Wi-Fi certified IoT brands, with millions of connected products deployed over four continents. Their previous product was named the best smart LED light bulb by the Wirecutter. nami will go to market in summer 2021 with our consumer brand, Bolo, and expect professional/consumer OEM partners to launch our “Powered by nami” products in 2022. What You’ll Do  Design, develop, and maintain our cloud system with the focus on availability, security, low latency; Collaborate closely with firmware and mobile developers to delivers a great experience to our customers; Take responsibility for the operations of the software in production; Improve and clean up our codebase whenever there is an opportunity; Squash software bugs;  If the following describes you even partially, we&#39;d love to talk:  You have experience in writing working software in Ruby (Ruby on Rails); You are passionate about high-quality software products; Working as part of a team is important to you; You are an effective communicator in English (written and verbal); You used SQL and you may even like it; You are able to adapt quickly to changing requirements and work with a bit of ambiguity.  Any of The Following Will Be a Plus  Hands-on experience with JVM ecosystem for server development, and familiarity with Java, Scala, or Kotlin; Have an eye towards the future of IoT, home security and home automation; Familiarity with design patterns; Hands-on experience with software operations: deployment, CI/CD pipelines, monitoring; Hands-on experience with automated testing; Hands-on experience with message queues; Understanding of web application vulnerabilities and security; Understanding of networking protocols: low-level (TCP, UDP, IP) and application-level (HTTP, DNS); Familiarity with public-key cryptography and infrastructure; You know your way around Linux.  What We Offer  A multicultural environment that promotes a healthy work-life balance; An attractive remuneration package; 15 days of annual leave; A talented team from all over the world to work with; Working with cutting-edge IoT and Smart Home technologies (Matter, Thread, Wi-Fi Sensing); Flexible work-from-home arrangements during and after the pandemic. Our team is global and remote, so we will not be bringing everybody to the office full-time when COVID restrictions are lifted. "
Engine Programmer C++,https://hh.ru/applicant/vacancy_response?vacancyId=46140405,2021-07-12T00:48:00+0300,False,,,,Нет опыта,Гибкий график,Teambuilding;,Larian Studios,Санкт-Петербург,"With multiple awards to our name, Larian Studios has proven that we’re dedicated to delivering high-quality role-playing games. The team that created Divinity: Original Sin 2, PC Gamer’s Game of the Year 2017 and Metacritic’s top-rated PC game of 2017, is working on new projects and looking for new talents. We engage our players on every level with combat, exploration, puzzles and dialogue. To take our player engagement to new and greater heights, we need your help. We want to find passionate, skillful people to join us on our next adventure and are now looking for a Engine Programmer for our Saint Petersburg studio. Responsibilities  Responsible for maintaining, porting and extending our proprietary engine on multiple platforms; Debug and optimize code to hit quality and performance targets; Show a strong passion for low level coding and a big interest in performance analysis; Complete all tasks in a timely manner and to a consistent high quality standard; Develop well designed software within project schedule to team standards; Document code features; Show strong passion for making the highest quality state of the art games; Communicate in English; The safeguarding of the company’s assets including source code, art work, tools, technical know-how.  Requirements  Excellent C++ skills (5+ years of professional C++ experience); Strong technical background (Bachelor/Master degree in computer science); Good spoken/written English (Upper-Intermediate or higher); Passion for making and playing great games; Multi threading should be second nature.  Nice to haves  Track record of major contribution to shipped games on several titles; Experience with developing and profiling on PS4 and Xbox One; Experience with GNM on PS4; 6+ years of professional C++ experience; Experience with graphics APIs like OpenGL 4 and DirectX 11; Experience with a wide range of CPU and GPU profiling tool; Knowledge of modern game production process.  We are looking for highly motivated individuals with ever-evolving skillsets and passion for player experience. If you want to contribute to making amazing RPG experiences, we would love to hear from you.  "
HR Analyst,https://hh.ru/applicant/vacancy_response?vacancyId=45923483,2021-07-02T12:04:15+0300,False,,,,От 1 года до 3 лет,Полный день,,HAYS,Москва,"HR AnalystBrand name company Your new company  International beauty company with wide portfolio of brands Your new role  We are looking for smart employee with expertise in HR analytics. Tasks include but are not limited to weekly and monthly HR reports, participation in annual budgeting process, salary surveys and orgchart designing What you&#39;ll need to succeed  To be reviewed for this position, you need to possess strong command of English, advanced level skills in Microsoft Excel software. 2 year + work experience in international company in a similar role will lead you to your success. Looking forward for your CVs!  "
Senior QA Engineer,https://hh.ru/applicant/vacancy_response?vacancyId=38742083,2021-07-20T23:21:20+0300,False,160000,,RUR,От 3 до 6 лет,Удаленная работа,,ALM Works,Санкт-Петербург,"ALM Works is an established software company that focuses on developing best-in-class applications to empower project managers. Our flagship product, Structure for Jira, is one of the most popular applications on the Atlassian Marketplace. ALM Works is an active member of Atlassian Ecosystem and our team is working closely with Atlassian and other plugin vendors. We have the privilege of serving more than 4,000 customers, many of which are among most well-known companies in the world: NASA, Google, Adobe, Intel, Sony, Disney, Netflix, Toyota, Twitter - to name just a few.  We’re looking for an experienced QA engineer to join our company. We are a team of dedicated professionals and you should want to release the best-in-class software in order to fit our team spirit. What you need for this position:   At least 5 years of experience in testing   Solid experience in planning and executing manual functional, regression, and exploratory testing   Experience in creating checklists   Web application testing experience – business logic, usability and UI   Understanding the difference between GET and POST requests   Basic XSS knowledge   Knowledge of different software development methodologies, software development lifecycle   Experience in establishing or improving testing process   Written English   Experience with Jira   Experience with anything from the list below is a plus:   Jira administration   Leading the team   Agile   Mind maps   Performance testing   Security testing   These qualifications are a plus:  Good spoken English ISTQB certification  What you’ll be doing:   Test activities planning, participating in sprints and releases planning, requirement testing, performance testing   Compatibility and integration testing on system level   Exploratory and scripted testing of all our products   Incoming requests investigation and communication with customers and other developers within Atlassian ecosystem   We offer:   Working in a team of dedicated professionals   Ability to contribute to new products which will be used by thousands of people   Competitive salary (in the 90th percentile)   After 9 months: quarterly bonus based on the financial performance of the company   Productive and very informal working environment   Possibility to work either remotely or from the office in Saint-Petersburg   Flexible schedule, paid sick/personal leaves   Premium medical insurance   English lessons/fitness 50% reimbursement   Opportunity to communicate with customers around the world and present the projects to the public on the Internet and at trade shows and conferences   How it works from the inside: As an agile testing team we prefer Working Software over Comprehensive Documentation, so our tools mostly are brains, hands, mind maps and checklists. Our challenges are:   A lot of compatibility testing (with databases, with browsers, with Jira and Confluence versions, with other plugins)   Quality at speed: we often need to ship faster without cutting the quality   Prioritization and exploration on everyday basis   Everyone in our company feels responsibility for the quality of the product. Our brave Development team writes unit and integration tests and does code review for each pull request. They have also created Structure.Testy product for us, and we use it for creating checklists right in Jira. Our DevOps engineers have created a special tool for faster instances creation based on the Docker platform. We cannot function without close communication between team members. In addition to personal meetings and chat in Slack, we have regular standup meetings. Each team member can participate in communication with customers in order to better understand their needs: from customer support requests to personal meetings at international events and dedicated customer visits. If you’re interested, please respond (in English) with a few words about why do you seek this position and your thoughts about Atlassian Jira, for example, your opinion on what are the three main advantages of Atlassian Jira (or, if you don’t have enough experience with Jira, take any other issue tracker.)"
Director of Rooms,https://hh.ru/applicant/vacancy_response?vacancyId=46325666,2021-07-19T09:28:13+0300,False,,,,Более 6 лет,Полный день,Fluent English;Гостиничный менеджмент;Team management;Presentation skills;Organization Skills;Business communication;Customer orientation;,Four Seasons,Москва,"Director of Rooms controls the activities of the Front Desk, Reservations, Concierge, Housekeeping, Spa and Guest Services. Assures that standards are met, guests and employees are satisfied and problems are promptly resolved. Takes actions that maximize the profit of the division.   ESSENTIAL FUNCTIONS: 1. Directly supervises the Department Heads in the departments named above. Ensures thorough communications and follow-up on any problems, guest or employee requests or special requirements, and on hotel initiatives. Interviews and trains the staff.2. Reviews and monitors schedules of staff in all departments in the Rooms Division. Monitors their activities to assure that standards are being met, staff is being supported and guest needs are being met. Routinely inspects all areas of responsibility in the Rooms Division.3. Resolves customer complaints from all areas of the hotel, handling all guest interactions with the highest level of hospitality and professionalism. Develops relationships with return guests, group contacts and other guests in order to provide personalized service.4. Assures that financial goals of the division and the hotel are being met. Monitors and controls labor expense, and other divisional expenses such as supplies and equipment. Works closely with Reservations, Sales and the Front Office to maximize rate, occupancy and total revenue. Assists in preparing business forecasts. Prepares Annual Budget for the division.5. Assures that Four Seasons Service and Culture standards are being met. Manages in a way that supports Four Seasons’ Mission and Philosophy. Supports and creates programs and initiatives that encourage employee development, training and career growth within the Rooms Division.6. Takes action in all matters related to the safety, security, satisfaction and well being of hotel guests and employees. Requirements:  Higher education (bachelor or master degree) 3 years of experience as Director of Rooms in a premium class hotel, is obligatory Fluent English Sound experience in Opera Great communication, leadership and presentation skill  Employment conditions:  Full time contract Social security and guaranties, health insurance Meals on duty Participating in corporate training activities and programs  Our work environment pairs a strong commitment to excellent service and authentic experiences with an emphasis on creativity and innovation. Four Seasons has been ranked in FORTUNE Magazine’s 100 Best Companies to Work For since 1998. We’re looking for individuals with not only the right skills and attitude for the role, but also the passion to excel."
BI analyst,https://hh.ru/applicant/vacancy_response?vacancyId=44868072,2021-07-14T17:53:16+0300,False,,,,От 3 до 6 лет,Удаленная работа,PostgreSQL;Grafana;pendo.io;Mixpanel;SQL;MongoDB;Tableau;Power BI;BI;Английский язык;,Smartcat,Москва,"Smartcat is the operating system for the global translation industry. Our team believes that the world becomes ever-more connected and interdependent. The borders that prevent people from trading, working together, and exchanging knowledge and innovations erode over time. That is the future we want to live in. Our mission is to speed up the pace at which that happens, building the best platform for Connected Translation. We don’t believe automation will render language professionals obsolete. Instead, we place powerful software into the hands of the millions of people working to globalize their own industries, plug them into our global supply network, and enable continuous delivery of multilingual content. With tens of thousands of customers and hundreds of thousands of freelancers translating together on Smartcat, we are well on our way. BI analyst Mission The mission of BI analyst is to support product managers and business development team with data insights in order to enable outstanding product-led-growth of the company. Outcomes   Analysis of existing data, defining missing data (with setting tasks for their its extraction)   Suggesting product hypothesis and finding potential growth points - in conjunction with the product manager and independently   Building funnels and user journey maps   Building dashboards/reports for estimating effectiveness of released features   Requirements   Ability to think logically and systematically and dig deep into details   Excellent SQL knowledged (several nested joins, window functions)   Working experience with Grafana or other BI-systems (Tableau, Power BI, etc)   Working experience with MongoDB, ElasticSearch and product analytics systems (Mixpanel, pendo.io, etc) considered an advantage   English upper-intermediate   Integrity and full commitment   Growth mindset   Readiness to work in a highly intense startup environment requiring extreme focus, a strong sense of ownership, and persistence to breakthrough   Openness to constructive feedback and the opinions and ideas of others   Our technologies   Data warehouse in PostgreSQL   ETL on C#   Grafana as UI   Mixpanel for product analytics   Team backlog in Notion   Corporate messenger - Slack   Git for source code   Why joining Smartcat might be your best move so far   The ongoing rise of the content economy is causing a massive shift in the language industry. All today’s megatrends — big data, artificial intelligence, machine learning — are converging in it at lightning speed. Smartcat’s disruptive business model taps into this $50b industry with a market network where buyers and suppliers connect, collaborate, and leverage our free-to-use workflow SaaS. The next decade will be the era of market networks and reinventing the $10 trillion service economy, and we’re pioneering this global transformation in all things language-related.   You will enjoy building with us. You will drive changes in how an old-fashioned global language industry operates while improving how hundreds of thousands of people work, and millions of people exchange knowledge and ideas in the world.   While the language industry is big and fragmented enough to keep us busy building a billion-dollar company in the next few years, we are already seeing how the network naturally expands to adjacent language and content-related verticals, expanding our TAM and making our journey even more exciting.   We are a global team of 100+ enthusiastic people, with hubs in Boston, Amsterdam, Limassol, Moscow, and Hong Kong — and our users and partners are scattered all around the globe. We’re eager to succeed and transform the world of language services for the better. We grow aggressively while preserving our culture of empathy. As diverse as we are, we love working and having fun together, and we’re sure you’ll love working with us too.   Smartcat is backed by Matrix Partners, FJ Labs, and other top VC firms focusing on SaaS and marketplace startups (you might recognize names like HubSpot, Zendesk, Uber, Stripe, RigUp and Quora in their portfolios). This helps us innovate at a fast pace and learn from top professionals in other industries.   We are looking for someone who will become a part of the executive team and play a critical role in the most exciting part of our journey from a post-Series B startup to a company exceeding $1b in GMV. Our journey isn’t for the faint of heart. You need to be an extremely fast learner to bring value to our users and the industry as a whole. You need to see the big picture and execute strategies that significantly increase shareholder value over time. We need a sharp mind who can stay two steps ahead on the road with us. We’ve got lots of success to share if you’re ready for it.  "
Product Manager (to Montenegro),https://hh.ru/applicant/vacancy_response?vacancyId=45928050,2021-07-02T13:39:48+0300,False,,,,От 1 года до 3 лет,Полный день,Product Management;Analytical skills;Atlassian Jira;Business English;,LIBERTEX,Москва,"About Libertex Group Libertex is an international financial services group specializing in online trading and investment. It was founded as a brokerage firm in 1997 and has since grown into a diverse group of companies, brokers, dealers, educational and IT-development centers which allows the group to operate globally, target 27 countries and serve clients from 120 countries. Through its proprietary mobile and online trading platforms, Libertex offers trading in Forex, crypto, stocks, CFDs, futures, funds and indices. The company has received more than 100 international awards and recognitions including, most recently, being named “Best Trading Platform 2020” by World Finance Magazine and “Best FX Broker Europe 2020” by Forex Report.   Who are we looking for? We are looking for a results-oriented, highly analytical and data-driven Product Manager with a good knowledge of the payment industry and crypto in particular. You will work with a talented and fast growing team of Risk and Payment Operations Department What will you do?  Develop and support payment products according to the general strategic line of the company Create a system of metrics to analyze and monitor effectiveness of our product Detailed analysis of our customers problems and needs in the payment domain Market research for best practices and new solutions for the crypto industry Prioritize and maintain a payment product roadmap Lead strategic company initiatives Define and improve customer journey and internal processes Work closely with business analysts and product designers to create business requirements for new features  Key Skills Required:  Experience as a product manager and/or experience in Fintech/Payments domains Experience with crypto payment systems Excellent analytical skills. Experience in working with analytical tools (Mixpanel, Google analytics, Amplitude) is a plus. Experience in creating metrics and dashboards Good understanding of software development methodology and life cycle (Agile, Scrum, Kanban) Knowledge of Jira, Confluence as a plus Good English knowledge (upper intermediate and higher) -- Send your CV in ENGLISH Russian language is a plus Excellent communication and presentation skills Experience in preparing user maps, flow diagrams and prototypes  We Offer:  Work in a dynamic and fast-paced international company Beautiful emerging European destination (Montenegro, Podgorica) Low cost of living Generous relocation package Competitive tax free salary Comprehensive medical insurance for all family members Annual reimbursement of flight home for employee and family 21 working days of annual leave plus 14 days public holidays Fun and friendly professional environment Use of leading technologies and modern business practices such as Agile Excellent training and development opportunities Rapidly expanding global footprint "
Junior Product manager,https://hh.ru/applicant/vacancy_response?vacancyId=44939849,2021-07-21T10:04:15+0300,True,50000,,RUR,От 1 года до 3 лет,Полный день,Маркетинговый анализ;Сбор и анализ информации;Аналитические способности;MS Excel;Digital Marketing;Product Marketing;SQL;Python;growth;Google Analytics;Яндекс.Метрика;Google AdWords;Яндекс.Директ;power bi;Tableau;trello;slack;Управление проектами;Английский язык;Контекстная реклама;Интернет-реклама;Internet Marketing;Навыки презентации;,Гигант,Санкт-Петербург,"Привет! Если ты ждал знак, то вот он :) Гигант - это активно растущий стартап, который уже нашел PMF, получил инвестиции от Авито и сфокусировался на многократном росте. Для пользователей - мы сервис быстрого поиска подработки в удобное время и рядом с домом. Для бизнеса - платформа для поиска линейных исполнителей на короткое время. В нашей команде уже более 150 человек, а подрабатывают через нас тысячи. И это только начало :) Поэтому, если такие ценности как: Честность, Любознательность, Взаимоуважение и Амбициозность тебе близки - сейчас самое время присоединиться! Чем предстоит заниматься: Самостоятельно решать и сапортить решение взрослых задачек Growth &amp; Marketing команд. Это про кратный рост эффективности, принятие решений на основе данных, продуктовые и маркетинговые гипотезы, цифры, цифры и еще раз цифры. Будет быстро и сложно! Будет очень много новой информации. Будет много задач из серии: собери табличку, построй сводную, зарисерч, прокастдевь, разбери джобы, организуй встречу, запроджекти, причеши, автоматизируй и т.д. Что это даст тебе: Невероятную возможность участвовать во всех бизнес процессах компании и напрямую влиять на рост бизнеса. А значит получить шанс пройти карьерный путь, который у большинства занимает многие годы, за 10-15 месяцев. Получить ту самую насмотренность, стать T-shaped и осознанно выбрать будущую специализацию - growth, marketing, product, analytics, you name it! И между делом приложить руку к истории с потенциалом больше, чем у Яндекс.Такси :) Наставничество, воркшопы, курсы, конфы и книги - как само собой разумеющееся. Требования:   Здравый смысл и желание работать головой, а не руками   Гиперответственность и четкий тайм менеджмент   Любовь к таблицам и цифрам. Excel и Spreadsheets - твои любимые игрушки   Знание английского на уровне B1+. Большая часть учебного контента будет на английском   Опыт в NoCode интеграциях и прочие прелести современного IT, где &quot;даже моя бабушка может запилить приложулю&quot;   Слова метрики, конверсия, CAC, ROI, LTV и ретеншен не вызывают страха (как минимум можешь быстро загуглить и разобраться к чему это все)   (не обязательно) Python, SQL и прочие страшные слова дают плюс в карму и однозначное преимущество, если за словами есть еще и опыт   Условия:   Офигенная команда экспертов в продукте, маркетинге, аналитике, разработке и бизнесе   Возможность совмещать работу в офисе в Москве/СПб и дома   Полностью белая ЗП   Оплата от 50% до 100% курсов, вебинаров и прочей пользы   Возможность присоединиться к &quot;единорогу&quot; почти на самом старте  "
Ассистент в отдел Маркетинга,https://hh.ru/applicant/vacancy_response?vacancyId=44940074,2021-07-21T10:04:03+0300,True,50000,,RUR,Нет опыта,Полный день,Маркетинговый анализ;Сбор и анализ информации;Аналитические способности;MS Excel;Digital Marketing;Product Marketing;SQL;Python;growth;Google Analytics;Google AdWords;Яндекс.Метрика;Управление проектами;Internet Marketing;Английский язык;Интернет-реклама;Контекстная реклама;Яндекс.Директ;power bi;Tableau;trello;slack;,Гигант,Санкт-Петербург,"Привет! Если ты ждал знак, то вот он :) Гигант - это активно растущий стартап, который уже нашел PMF, получил инвестиции от Авито и сфокусировался на многократном росте. Для пользователей - мы сервис быстрого поиска подработки в удобное время и рядом с домом. Для бизнеса - платформа для поиска линейных исполнителей на короткое время. В нашей команде уже более 150 человек, а подрабатывают через нас тысячи. И это только начало :) Поэтому, если такие ценности как: Честность, Любознательность, Взаимоуважение и Амбициозность тебе близки - сейчас самое время присоединиться! Чем предстоит заниматься:  Самостоятельно решать и сапортить решение взрослых задачек Growth &amp; Marketing команд. Это про кратный рост эффективности, принятие решений на основе данных, продуктовые и маркетинговые гипотезы, цифры, цифры и еще раз цифры.  Будет быстро и сложно! Будет очень много новой информации. Будет много задач из серии: собери табличку, построй сводную, зарисерчь, прокастдевь, разбери джобы, организуй встречу, запроджекти, причеши, автоматизируй и т.д. Что это даст тебе:  Невероятную возможность участвовать во всех бизнес процессах компании и напрямую влиять на рост бизнеса. А значит получить шанс пройти карьерный путь, который у большинства занимает многие годы, за 10-15 месяцев. Получить ту самую насмотренность, стать T-shaped и осознанно выбрать будущую специализацию - growth, marketing, product, analytics, you name it! И между делом приложить руку к истории с потенциалом больше, чем у Яндекс.Такси :) Наставничество, воркшопы, курсы, конфы и книги - как само собой разумеющееся.  Требования:   Здравый смысл и желание работать головой, а не руками   Гиперответственность и четкий тайм менеджмент   Любовь к таблицам и цифрам. Excel и Spreadsheets - твои любимые игрушки   Знание английского на уровне B1+. Большая часть учебного контента будет на английском   Опыт в NoCode интеграциях и прочие прелести современного IT, где &quot;даже моя бабушка может запилить приложулю&quot;   Слова метрики, конверсия, CAC, ROI, LTV и ретеншен не вызывают страха (как минимум можешь быстро загуглить и разобраться к чему это все)   (не обязательно) Python, SQL и прочие страшные слова дают плюс в карму и однозначное преимущество, если за словами есть еще и опыт   Условия:   Офигенная команда экспертов в продукте, маркетинге, аналитике, разработке и бизнесе   Возможность совмещать работу в офисе в Москве/СПб и дома   Полностью белая ЗП   Оплата от 50% до 100% курсов, вебинаров и прочей пользы   Возможность присоединиться к &quot;единорогу&quot; почти на самом старте  "
Senior AI Tools Engineer (HarmanX),https://hh.ru/applicant/vacancy_response?vacancyId=46131078,2021-07-09T18:53:53+0300,False,,,,От 3 до 6 лет,Гибкий график,Python;,HARMAN Connected Services,Нижний Новгород,"A Career at HARMAN As a technology leader that is rapidly on the move, HARMAN is filled with people who are focused on making life better. Innovation, inclusivity and teamwork are a part of our DNA. When you add that to the challenges we take on and solve together, you’ll discover that at HARMAN you can grow, make a difference and be proud of the work you do every day. About the Role Harman as an advanced company has internal research division with a purpose of inventing top-notch technologies for the world of tomorrow. The purpose itself creates extreme challenges and requires those who’re achieving to be extremely self-organized and to have broad vision of the technologies being created and the cosmos they are applied to. We need a person who feel him/herself comfortable in rapidly changing research environment and turn it into product-like concepts. This implies mastering wide variety of tools and stacks from python-based ecosystems comping from AI/ML world to C/C++ embedded programming. Your Team You team is a part of research organization inside Harman named HarmanX. The goal of the organization is generation of advanced intellectual property. You’ll be a part of a project within the organization operating at the edge of machine learning, computer science and brain science. This is a team of superprofessional researchers including several PhDs who work together as a solid organism to design tomorrow. What You Will Do   Create groundbreaking solutions for large scale systems, big data and artificial intelligence. Work closely with data scientists who develop products to improve lives of millions of people. Build infrastructure for automated data collection, analysis and visualization.  What You Need  5+ in IT industry Python expert Knowledge of multithreading, multiprocessing, inter-process communications and synchronization mechanisms Knowledge of algorithms, data structures Experience in software development using C/C++, JS, Bash is a plus Git, Jenkins, Jira Intermediate or upper English Leadership, communication skills  What Makes You Eligible  Be willing to travel domestically and internationally Be willing to work in our R&amp;D center in Nizhny Novgorod  What We Offer  Work in our international team on brand new projects and using cutting edge technologies. Our employees get soft skills’ and technical trainings. We grant a package of additional benefits, such as flexible working time, medical insurance, English classes, HARMAN and Samsung products’ discount program, sport and event programs. We also grant Relocation package for candidates from other cities, composed of monetary bonuses and organizational assistance."
Accounts Payable Specialist,https://hh.ru/applicant/vacancy_response?vacancyId=45929808,2021-07-02T14:20:30+0300,False,,,,Нет опыта,Полный день,MS Outlook;Fluent English;Accounts Payable;,Syneos Health,Москва,"Come discover what our 25,000+ employees already know: work here matters everywhere. We’re a growing and evolving biopharmaceutical industry leader, which means you’ll have endless opportunities to work with experts around the world and build the career you’ve dreamed of.As a part of the Syneos Health team, you’ll help us deliver results for a rewarding reason – we improve patients’ lives around the world. Because to us, a patient isn’t just a number, they’re our family, friends, and neighbors. Why Syneos Health• #SyneosHealthLife means we’re committed to our Total Self culture – where everyone can authentically be themselves. Our Total Self culture is what unites us globally, and we know every person’s unique contributions make a difference.• We believe our success is a direct result of the people who are driving it – you! We value your dedication to care for our customers and patients, so we want to focus on taking care of you. That’s why we offer a comprehensive benefits program encompassing your total health - physical, mental and financial.• We are continuously building the company we all want to work for and our customers want to work with. Why? Because when we bring together diversity of thoughts, backgrounds, cultures, and perspectives – we’re able to create a place where everyone feels like they belong. Job responsibilities   Expense reports - audit, approve and correct employees’ expense reports in Oracle Monthly review of expense reports posted to1C. Collect signed by employees originals of expense reports and archive originals Scan of AP invoices. Review of AP batch for posting to Oracle for ensuring accurate coding of overhead costs versus project costs Monthly review of AP invoices posted to 1C Sorting and archiving of originals of AP invoices Assist vendors and internal customers with the timely resolutions of AP issues. Maintain correct AP vendor information in Oracle including name, address, history, etc. Assist with AP related queries during the Company and tax audits. Bank payments – payments upload to bank online based on payments register from Oracle. Compliance with currency control requirements, timely reporting to a bank on currency control matters Intercompany invoices and transactions. Intercompany reports. Invoices to customers. Monthly reconciliation of invoices to customers 1C vs Oracle.  What we’re looking for  Accounts payable experience preferred. Experience with Oracle Financial software package and 1C knowledge is preferred. Proficiency in MS Office Software, including Word and Excel is essential. Requires above average attention to detail, accuracy, and organizational, interpersonal and team-oriented skills. The ability to perform several tasks simultaneously to meet deadlines is necessary. English both written and spoken is required. Knowledge of Russia tax requirements to AP invoices and expense reports. "
Product Manager HV & production,https://hh.ru/applicant/vacancy_response?vacancyId=44843533,2021-07-20T15:56:21+0300,False,,,,От 3 до 6 лет,Полный день,MS Outlook;CRM;MS PowerPoint;Market Research;,Kyocera Document Solutions Rus,Москва,"MAIN GOAL Manages product launch and product lifecycle. Shares in-depth knowledge about products with colleagues, partners and their dealers and customers, with a both focus on sales revenue and lead generation. The role will balances sales support, and sales products training with the focus of growing the sales funnel. On the other side to be able to utilize Kyocera’s Technology to reach the Customer directly or through the trained Partners, assess/audit the current customer’s print demand, analyze the customer’s current situation and requirements regarding the output devices and related document workflows and business processes, design, based on factual information, an optimized, tailored and sustainable solution to best fit the customer&#39;s pains. TASKS TO BE HANDLED INDEPENDENTLY Manage product launch Set the product positioning Plan the launch &amp; pricing Create or arrange launch materials Manage product lifecycle Track performance and market share Collect feedback from partners and sales colleagues Propose and implement promotions Analyse competitors Transfer product information Plan and execute product training courses Support events (planning, preparation, demonstration) Support partners and sales colleagues on how to sell (unique/strong sales points) Answer inquiries from partners, create FAQ documents Communicate with EMC/KDC, give feedback to MIC/KDC Transfer product information  Achieve yearly or quarterly Victoria sales target by yourself or through your colleagues sales team/channel assigned to you personally by the Senior Manager Business Development Total coverage of assigned market segments or named accounts Increase the company’s market share in your assigned market segments or named accounts. Good technical knowledge of the products and services offered by the company Good knowledge of customers’ requirements / behaviours. Professional representation of the company Ensure customer satisfaction at all times Sell on company’s added values rather on price On a constant basis identify the short to long-term needs of each customer and ensure that the Company is in the position to meet the needs as they materialize. Ensure good working relationship with all KDRU personnel and sales/service managers. Daily update of customers’ information as per the implemented CRM application in your Division Prepare periodic reports on activities within assigned or potential accounts. Provide weekly sales forecasts (every Wednesday – as per the attached format)   Responsible for ensuring that proposals and any other information that is to be forwarded to potential customers are prepared accurately and submitted promptly. Ensure customer accounts are promptly settled immediately after invoice being issued or on the agreed payment terms for such account (s). Preparing written presentations, reports, and price quotations. Promotion of our products to new and existing clients through a pro-active approach; Responding to and co-ordinating all internal meeting requests; Attend sales meetings, take the action plan and follow up until final execution; Assisting in implementing the sales strategy as set by the Senior Manager Business Development; including strategies for encouraging repeat business and up-selling; Other activities at the request of the Senior Manager Business Development. Should protect the company’s interest and reputation at all times Prepares monthly win/lost sales report and reasons for loss and submit report to the Senior Manager Business Development  KNOWLEDGE  5+ years’ sales &amp; products experience in office automation and HV solution; experience in system integration field will be considered as added value; Strong knowledge of print management software and HV products, Level of education is BA or IT certificate completed with supplementary courses Excellent knowledge of Russian market. Strong knowledge using Microsoft suite and other relevant IT tools. Excellent communication skills (verbal and written). Good knowledge of the Russian and English language, spoken and written. Ability to manage a pipeline with multiple accounts and partners. Ability to work in a team environment. Proven success prospecting, building a pipeline, moving opportunities through the sales cycle; proposing, Presenting and discussing solutions with C-level and other decision-makers. Ability to craft a solution with appropriate products and services that meets business goals based on client discussions. Excellent knowledge of product marketing Very good knowledge of English language, spoken and written Good presentation skills Good knowledge of IT related subjects Education University/Master level (technical education preferably)  ATTITUDE/ABILITIES  Essential to this position are integrity and social skills Excellent analytical and problem solving skills Ability to lead resolution activities with escalated customers Analytical, creative and process oriented mind To liaise at all times with all team members and work as a team to reach targets set by the Senior Manager Business Development To encourage repeat business by networking with current clients To keep a good filing system keeping all correspondences for each client, transaction for easy access Handle stressful situations Personal and cultural empathy Able to work accurate Flexible, Perseverance, Patience, Self confidence Promoter of team spirit Willing to travel frequently     "
Devops engineer,https://hh.ru/applicant/vacancy_response?vacancyId=46321723,2021-07-19T07:50:33+0300,False,,,,От 1 года до 3 лет,Удаленная работа,,Luxoft,Москва,"Project Description: Customer: Largest Dental Insurance Provider based in the USA.Project:Modernization of the application to modern technologies and move it to the cloud (Azure).Project is planned for 4 phases:1. Migration of backend services to Linux (currently running on HP Unix)2. Re-architecture of transaction management system and containerization of backend services including horizontal scalability enablement3. Migration to Azure Cloud including implementation of HA, DR, Monitoring and integration of cloud-native services4. Replacement of Win32 GUI clients with web applicationsAzure deployment is starting from phase 1 and includes DEV and QA environments.All phases require CI/CD and IaC establishment. Responsibilities: • Work within existing DevOps team, and be able to coach co-workers• Review and improve azure architecture• Writing infrastructure automation (provisioning and configuration)• Designing and implementing CI/CD pipelines• Writing workflow automation (documents generation, issue workflows, support of automation testing, automating other routines)• Maintain and troubleshoot environments and pipelines Must: • Any cloud: GCP, AWS, Azure (Full names: Google Cloud Platform, Amazon Web Services, Microsoft Azure)• Kubernetes Nice to have: • CI automation servers: Jenkins or GitlabCI or TeamCity, Azure DevOps• CM: Ansible• Containers: Docker/Podman• Experience/knowledge of GCP/AWS• Scripting: Python/Bash and PowerShell• Coding: HTML/JavaScript/Golang• IaC: Azure Resource Manager• CM: Puppet, Chef, Azure App Configuration  "
System Architect (HarmanX),https://hh.ru/applicant/vacancy_response?vacancyId=46130899,2021-07-09T18:40:22+0300,False,,,,Более 6 лет,Гибкий график,C++;Linux;,HARMAN Connected Services,Нижний Новгород,"A Career at HARMAN As a technology leader that is rapidly on the move, HARMAN is filled with people who are focused on making life better. Innovation, inclusivity and teamwork are a part of our DNA. When you add that to the challenges we take on and solve together, you’ll discover that at HARMAN you can grow, make a difference and be proud of the work you do every day. About the Role Harman as an advanced company has internal research division with a purpose of inventing top-notch technologies for the world of tomorrow. The purpose itself creates extreme challenges and requires those who’re achieving to be extremely self-organized and to have broad vision of the technologies being created and the cosmos they are applied to. We need a person who feel him/herself comfortable in rapidly changing research environment and turn it into product-like concepts. This implies mastering wide variety of tools and stacks from python-based ecosystems comping from AI/ML world to C/C++ embedded programming. Your Team You team is a part of research organization inside Harman named HarmanX. The goal of the organization is generation of advanced intellectual property. You’ll be a part of a project within the organization operating at the edge of machine learning, computer science and brain science. This is a team of superprofessional researchers including several PhDs who work together as a solid organism to design tomorrow. What You Will Do   Participate in advanced research Create systems for processing petabyte-level data on massive parallel computers Design product-like architectures for the newly baked advanced technologies Participate in brainstorming and discussions for how the technologies are turned into products and how they influence target markets. Co-author (where relevant) patents Analyze target product requirements and understand how the technologies being created shall contribute to the target products.  What You Need  10+ in IT industry Expert in OOA/OOP 10+ years of experience in software development using C++ on Linux 5+ years in embedded programming Knowledge of OS concepts, multithreading, multitasking concepts, inter-process communications and synchronization mechanisms 2+ year in Python Deep experience (5+) in cloud and machine learning architectures, neural networks  What Makes You Eligible  Be willing to travel domestically and internationally Be willing to work in our R&amp;D center in Nizhny Novgorod  What We Offer  Work in our international team on brand new projects and using cutting edge technologies. Our employees get soft skills’ and technical trainings. We grant a package of additional benefits, such as flexible working time, medical insurance, English classes, HARMAN and Samsung products’ discount program, sport and event programs. We also grant Relocation package for candidates from other cities, composed of monetary bonuses and organizational assistance."
QA Specialist - In-market Quality,https://hh.ru/applicant/vacancy_response?vacancyId=45890061,2021-07-01T12:41:11+0300,False,,,,Нет опыта,Полный день,Negotiation skills;Business English;Analytical skills;Английский язык;Quality Control;quality assurance;,Kelly Services,Москва,"Our client international pharmaceutical company is looking for In-Market QA Specialist (Специалист группы по вводу в гражданский оборот) You will be supporting the Senior Specialist Quality Assurance with activities related to the local batch release process, namely supporting the introduction of imported Medicinal Products for Medical Use into Civil Circulation in accordance with local legislation (FL-449).   The primary activities may include but are not limited to:  Collaboration with Commercial and State laboratories in terms of execution of necessary tests and management of standards and reagents Translation into English of CoA for imported batches of medicinal products Ensure the accuracy and quality of the records related to Local Batch Release process Work with Reference Standards (including in-house standards), reagents, consumables, etc. that are necessary for testing, namely:  Order management Importation process Customs clearance Warehousing Delivery management (including hand-over process) Stock control (keeping safety stock at enough level, control of expiry dates, replacement of expired materials etc.) and stock reconciliation (for both MSD and state/commercial labs)   Assisting or leading the development, and ongoing execution of the Quality Agreement with Broker, State and Commercial laboratories and service providers. Developing and maintaining Power of Attorneys (internal and/or with 3rd party service providers) Organize and maintain system of storage, archiving and (where necessary) retrieval of necessary records related to duties entrusted Collaboration with Broker and Suppliers of Standards on activities related to standards and reagents management Coordinates all financial documentation and reporting on duties entrusted Collaboration with Commercial/State laboratories, Broker and Commercial Standards Suppliers (if needed) in terms of contracting (prolongations) Track and monitor operational and quality performance of the Commercial/State laboratories and Broker Assure compliance with established MSD policies/procedures and comply with all applicable governmental regulations (GMP, GDP, local legislation, etc.) Supporting (assisting) Senior Specialist Quality Assurance in actions related to problem solving and handling of non-conformities and deviations revealed during local batch release process. Assures all actions on duties entrusted are timely executed in order to prevent stock out situation in the market Participates in EHS, Business Compliance, cGMP/GDP and all other compliance-related matters, where applicable. Ensures both operational knowledge and technical skills are maintained, and individual training requirements are met  Qualifications Education:  University Degree in a relevant science (preferably BS Pharmacy, Chemistry, Chemical Engineering, Biology (or equivalent) education) Basic knowledge of normative documentation, medicines state registration process, local pharmacopeia articles Basic knowledge of quality confirmation/local certification Experience and knowledge in the field of logistics (importation, customs clearance, warehousing, transportation including cold chain) Experience in the field of GMP/GDP and other applicable local legislation is preferable  Skills Required:  At least 2 years’ experience in the pharmaceutical industry preferably with knowledge of Quality Systems, Quality Assurance and Quality Control including basic knowledge of global GMP/GDP and regulatory requirements. Competent in scientific problem solving and risk analysis capabilities. Strong compliance mind-set, demonstrated interpersonal skills, including leadership and coaching, motivation, communication and negotiation. Demonstrates organizational skills, is proactive and self-motivated with ability to multi-task. Some level of contractual and financial awareness is preferred. Planning skills Proficiency in Russian and English (at least intermediate)     "
Программист (KOREA Vac-Tec),https://hh.ru/applicant/vacancy_response?vacancyId=46193579,2021-07-19T09:46:25+0300,False,,,,От 1 года до 3 лет,Полный день,Английский язык;C++;Разработка ПО;,Торговый Отдел Посольства Республики Корея,Москва,"РЕЗЮМЕ РАССМАТРИВАЮТСЯ ТОЛЬКО НА АНГЛИЙСКОМ ЯЗЫКЕ Внимание: работа с переездом в Республику Корея - город Паджу, провинция Кёнгидо. Company Name: KOREA VAC-TEC CO., Ltd Web: vac-tec.co.kr Industry Type: Manufacture of computer, electronic and optical products Position: System programmer Job Details: We are looking for someone who is experienced in using Windows,especially Visual C++.We&#39;ll proceed the job interview using video telephone if the applicant in another country.If the applicant is in Korea. He or she can visit us and can look around our facility.  System programmer &amp; Applications programmer. Visual C++ &amp; Windows.  Mandatory Qualifications:  Bachelor&#39;s degree related with computers; C++; We prefer to have someone who is worked for over 2year experience in the related field of this job but, if the applicant has no experience, we can accept it.Anyone can apply for this job. English (Intermediate).  Conditions: We&#39;ll provide lunch during working daysWe&#39;ll provide medical insuranceWe&#39;ll provide Air Fare when the employee is entering to Korea (one-way ticket)Regarding the them of contract, we can discuss about the period  Working Days: 5 days per week. Working Hours: 8 hours per day. Working Place (Location): South Korea, Paju, Gyonggi-Do. Annual salary: from 25 000 - 30 000 USD. The Term of Contract:  12 months (possible to discuss the period). Insurance, meals, transportation and house are provided.    Название компании: KOREA VAC-TEC CO., Ltd Позиция: Системный программист/разработчик приложений Описание работы:  Работа с такими языками программирования, как - C ++. Разработка приложений.  Обязательные требования:  Степень бакалавра по направлению - компьютерные системы. C ++. Предпочтение отдается кандидатам с опытом от 2х лет в соответствующей области, но соискатели без опыта также рассматриваются.На эту позицию может подать заявку любой желающий. Обязательное условие - знание английского (Intermediate).    Условия работы:  Рабочие дни: 5 дней в неделю. Рабочие часы: 8 часов в день. Место: Республика Корея, город Паджу, провинция Кёнгидо. Годовая зарплата: от 25 000 до 30 000 USD. Срок контракта: 12 месяцев (возможно обсуждение сроков). Предоставляются страховка, транспорт, питание и жилье. "
Information Security Analyst,https://hh.ru/applicant/vacancy_response?vacancyId=43414450,2021-07-02T18:04:41+0300,False,,,,От 1 года до 3 лет,Гибкий график,Risk management;Networks;,Veeam Software,Санкт-Петербург,"We create software solutions for saving and restoring data. We write code for cutting edge technology. Our software helps banks, hospitals, airports, airways, hotels, manufacturers (Hard Rock Hotel and Casino, Gatwick Airport, Telefonica Germany, Telecom Italia, Porsche Informatik, Jumeirah Group, L’Oréal Denmark, Volvo Car BeLux, to name a few) to protect and manage their data. We are 4,500+ employees, 355,000+ customers, 35 offices around the world. Also, we are fun times, challenging tasks, friendly atmosphere — approximately 365 days a year.   Responsibilities: · Advanced level of security investigation on following areas: Application Security, Cloud Security, Data Security, Network Security and Perimeter Security · Collaborate with team members, leadership and stakeholders, including Legal, HR, R&amp;D and IT · Develop and suggest improvements to current information security policies, solutions, practices and procedures · Develop incident escalation processes, and constantly seek to improve existing processes · Establish plans and protocols to protect hardware, network and application components · Develop methodologies, plan and perform risk analyses and security assessments · Develop and document cyber security incident response policies and procedures · Develop methodologies, plan and conduct security audits · Anticipate security alerts, incidents and disasters and reduce their likelihood · Analyze security breaches to determine their root cause · Recommend and install appropriate tools and countermeasures · Define, implement and maintain corporate security policies · Participate in Information Security initiatives and projects Basic Qualifications: · Strong knowledge of industry standard security technologies · Encryption/cryptography protocols and best practices · Routing protocols and routing table configuration assignment · Authentication, authorization and directory services · Ability to develop specific proactive procedures for detection of security breaches and identifying security risks via architecture and design review as well as baseline accepted security standards · Conceptual, analytical and innovative problem-solving and evaluative skills, an ability to conduct independent research and analysis in the event of a security breach, identifying issues, formulating options, proactively closing the security loop-holes, and making conclusions and recommendations · Knowledge of security controls for network, hardware, application and operating systems · Strong knowledge and work experience with logical access controls to ensure confidentiality, integrity and assurance of proprietary information · Interpersonal skills; including the ability to work effectively in a team environment Competencies and technologies: · Hardware, Network, Application and Policy Auditing · Risk Assessment/Risk Mitigation · HIDS, NIDS, Firewalls, Networking, Application, Data, Cloud and Perimeter Security Fundamentals and Best Practices · Security Risk Management · Proper Evidence Handling and Integrity Best Practices · Designing, Engineering and Review of Secure Architectures · IDS/IPS, SIEM, Web Content Filtering/web proxies, AV/FDE/RME, IAM, MDM, Firewalls, DLP, Application Auditing · Reviews/updates Information Security and Information Services policies · Windows, *nix operation systems Soft skills: · Great Russian/English spoken and writing skills · Curious, creative thinker who are deeply interested in Information Security · Ability and experience to work in a team Would be a great plus: · Python scripting experience · Project management experience WE OFFER:  Modern, energetic multinational working environment Salary ranges depending on skills and expertise Comprehensive training and mentoring system that includes in addition to the training for Veeam products a number of lectures on related areas (virtualization, networking, etc.) Flexible working schedule Regular assessment and salary/positions review (at least once a year) Employment according to the Labor Code of the Russian Federation, “white” salary, 28 days paid annual leave An extended medical insurance policy A partial compensation of costs on fitness Free English classes in the office Ability to become part of Veeam football and volleyball teams Corporate events Relocation package for candidates (one-way ticket compensation, relocation allowance equivalent to one month basic salary)     "
"Data Scientist, Поиск",https://hh.ru/applicant/vacancy_response?vacancyId=45703005,2021-06-24T09:56:40+0300,False,,,,От 3 до 6 лет,Гибкий график,Python;pytorch;hadoop;clickhouse;data science;Разработка поисковых технологий;,Ozon,Москва,"Мы занимаемся разработкой сервисов для поиска на сайте OZON: находим и ранжируем товары, формируем поисковые подсказки, исправляем опечатки. Что вам предстоит:  Создание метрик и пайплайна оффлайн-оценивания моделей ранжирования; предсказание результатов АБ теста Ресерч и проверка гипотез в ранжировании оффлайн/онлайн: unbiased learning to rank, разработка таргетов, multiobjective ranking, ранжирование сетками, feature engineering, ... Query rewriting и Named Entity Recognition Персонализация выдачи для пользователей Улучшение архитектуры подготовки фичей и пр. для ускорения времени доставки до юзеров  Наш стек технологий: Python, xgboost, CatBoost, lightGBM, Pytorch, Airflow, Hadoop stack (pySpark, yarn, hive, hdfs), ClickHouse Что мы от вас ждем:  Хорошее знание Python Опыт решения production DS-задач в интернет-бизнесе. Желателен опыт с задачами ранжирования или рекомендаций Наличие фундаментальной математической базы, знание алгоритмов Знание и опыт работы на практике с большей частью нашего стека технологий "
Communications Compliance Manager,https://hh.ru/applicant/vacancy_response?vacancyId=46317304,2021-07-18T15:05:40+0300,False,,,,От 3 до 6 лет,Полный день,Organization Skills;Team management;Английский язык;Project management;compliance;Change Management;Corporate Marketing;Digital Marketing;,Ericsson,Москва,"As the tech firm that created the mobile world, and with more than 54,000 patents to our name, we’ve made it our business to make a mark. When joining our team at Ericsson you are empowered to learn, lead and perform at your best, shaping the future of technology. This is a place where you&#39;re welcomed as your own perfectly unique self, and celebrated for the skills, talent, and perspective you bring to the team. Are you in? Come, and be where it begins. Our Exciting Opportunity Ericsson is recruiting a Communications Compliance Manager who is a communications professional with experience in leading internal communications projects to deliver business objectives within Market Area Europe and Latin America (MELA). The ideal candidate will have extensive experience in managing communications projects and an understanding of culture transformation and change management. Also the candidate should be analytical with an eye for engaging and clear communications programs, and ready to build strong mutual work relations with the wider communications team and various partners. This is a fixed-term role with 1-year contract.    You will  Lead all aspects at Communication projects. You will work end-to-end with project owners to create and execute a relevant single coherent strategy to achieve a cultural change. Support the development and execution of the communication strategy and coordinate local and global teams to improve the level of communications campaigns and projects delivering. Possess extensive experiences in communications. We expect you to bring fresh insight to our strategy and propose ideas that can make our culture transformation successful and efficient; get the right people involved; execute the project on time; report on progress regularly. Project management skills will be important for this role. Champion culture transformation. We expect to see knowledge on all aspects of the transformation as well as change management, and have the ability to connect topics to create an engaging, coherent, positive and clear communication experience for employees.    To be successful in the role you must have  Solid experience of successfully managing complex projects in Communications Extensive skills in communication strategy, transformation, change management and partner management Previous experience in the topic of compliance or related, with proven track record of developing and implementing communication strategies across multiple countries, is highly preferred Agile and positive attitude with the capability to manage multiple things at the same time, as well as to build a tight-knit collaboration with both partners and within the communication team across our organization Ability to work in a fast-paced environment Excellent communication, interpersonal, leadership, coaching, high level of integrity Focus on execution and measurable results, including working both independently and collaboratively within a diverse and matrixed organization Excellent verbal and written communications skills required in English. Portuguese and/or Spanish language skills is a plus.    What´s in it for you? Here at Ericsson, our culture is built on over a century of courageous decisions. With us, you will no longer be dreaming of what the future holds – you will be redefining it. You won’t develop for the status quo, but will build what replaces it. Joining us is a way to move your career in any direction you want; with hundreds of career opportunities in locations all over the world, in a company where co-creation and collaboration are embedded into the walls. You will find yourself in a speak-up environment where appreciation and humanness serve as cornerstones for how we work, and where work-life balance is a priority. Welcome to an inclusive, global company where your opportunity to make an impact is endless. What happens once you apply? To prepare yourself for next steps, please explore here: https://www.ericsson.com/en/careers/job-opportunities/hiring-process We will ensure that individuals with disabilities are provided reasonable accommodation to take part in the job application or interview process, to perform the job functions, and to receive other benefits and privileges of employment. Do you believe that an organization fostering an environment of cooperation and collaboration to execute with speed creates better business value? Do you value a culture of humanness, where fact based decisions are important and our people are encouraged to speak up? Do you believe that diverse, inclusive teams drive performance and innovation? At Ericsson, we do. We provide equal employment opportunities without regard to race, color, gender, sexual orientation, transgender status, gender identity and/or expression, marital status, pregnancy, parental status, religion, political opinion, nationality, ethnic background, social origin, social status, Indigenous status, disability, age, union membership or employee representation and any other characteristic protected by local law or Ericsson’s Code of Business Ethics."
"Perfect opportunity, Experienced Regulatory Affairs Specialist",https://hh.ru/applicant/vacancy_response?vacancyId=45927978,2021-07-02T13:38:04+0300,False,150000,280000,RUR,От 3 до 6 лет,Полный день,Regulatory affairs;,NonStop Recruitment,Москва,"My client is looking for an experienced RA candidate who is able to hit the ground running without much supervision. This is initially a permanent contract ready to start immediately so will suit someone who is available now or can start within a short notice. You will have some flexibility to work from home which will suit nicely around your other activities and tasks and will give you a lot of autonomy. You will be responsible for various regulatory activities such as compliance with regulatory agency regulations, registrations, PMS, labeling, managing the whole product life cycle. The company is a well-known household name so experience here will give you a strong boost to your CV and will provide a different angle in your professional career. You will be able to work quite autonomously with in a very experienced team so still be able to learn new skills.Please ONLY apply if you meet the below experience:    BA in Life Sciences or similar subject area Good knowledge of Russian Medical Devices regulations 3-5 years Regulatory Affairs experience within Medical Devices industry (Compulsory) Fluency in English (at least Upper Intermediate) and Russian  Please share your CV in a Word format to discuss this opportunity further.If you do not hear from me you might not have the exact skills required for the position, however, I will make sure to keep your profile for any other possible opportunities. This opportunity is in Moscow but I do get roles in other countries as well. If you are a Regulatory Specialist with Medical Devices experience please share and we can discuss further.NonStop is dedicated to raising the standard of ethical recruitment and comprises a number of brands, each having their own niche."
"Data Scientist, Поиск",https://hh.ru/applicant/vacancy_response?vacancyId=45702952,2021-06-24T09:55:53+0300,False,,,,От 3 до 6 лет,Полный день,Python;data science;pytorch;catboost;bigdata;clickhouse;Разработка поисковых технологий;,Ozon,Санкт-Петербург,"Мы занимаемся разработкой сервисов для поиска на сайте OZON: находим и ранжируем товары, формируем поисковые подсказки, исправляем опечатки. Что вам предстоит:  Создание метрик и пайплайна оффлайн-оценивания моделей ранжирования; предсказание результатов АБ теста Ресерч и проверка гипотез в ранжировании оффлайн/онлайн: unbiased learning to rank, разработка таргетов, multiobjective ranking, ранжирование сетками, feature engineering, ... Query rewriting и Named Entity Recognition Персонализация выдачи для пользователей Улучшение архитектуры подготовки фичей и пр. для ускорения времени доставки до юзеров  Наш стек технологий: Python, xgboost, CatBoost, lightGBM, Pytorch, Airflow, Hadoop stack (pySpark, yarn, hive, hdfs), ClickHouse Что мы от вас ждем:  Хорошее знание Python Опыт решения production DS-задач в интернет-бизнесе. Желателен опыт с задачами ранжирования или рекомендаций Наличие фундаментальной математической базы, знание алгоритмов Знание и опыт работы на практике с большей частью нашего стека технологий "
Администратор коворкинга,https://hh.ru/applicant/vacancy_response?vacancyId=46022577,2021-07-18T16:32:21+0300,False,30000,35000,RUR,От 1 года до 3 лет,Сменный график,Управление персоналом;Организаторские навыки;Урегулирование конфликтов;Управление отношениями с клиентами;Работа в команде;Деловая коммуникация;Сопровождение клиентов;Административное управление;Ведение документации;Клиентоориентированность;Навыки переговоров;Деловой этикет;Управление временем;,УК НЭЙМС,Тюмень,"NAMES - это сеть коворкингов, созданных для профессионального развития своих резидентов, где они работают, живут, общаются, учатся в среде, которая поддерживает и помогает. Наша миссия: Мы создаем пространства для работы и развития, без границ и расстояний. Проект Аяза Шабутдинова . Что мы даем:   Работу в центре города   Официальное трудоустройство и отличную зарплату   Бесплатный кофе для бодрости   График работы 2\2   Комфортное рабочее место и приятную атмосфера   Новые знакомства и подписчики   Возможность участия в создании самого крупного сообщества сети коворкингов в РФ   Постоянное движение и развитие с мощной командой и сильным лидером   Возможность повлиять на будущее своего города   Твои знания и опыт работы:   В административной должности - не менее 1 года;   Умение работать с первичной документацией;   Опыт работы в сфере обслуживания и гостеприимства не менее 1 года;   Умение управлять командой не менее 4 человек;   Успешный опыт работы с конфликтными ситуациями и возражениями клиентов;   Знание новых технологий, умение пользоваться любой техникой;   Опыт телефонных переговоров и знание телефонного этикета.   Что нужно делать:   Встреча, размещение, оформление и сопровождение гостей и резидентов коворкинга   Подготовка зала к мероприятиям, перестановка мебели, подключение оборудования   Организация и обеспечение комфортных условий для работы в коворкинге, высокого уровня удовлетворенности резидентов   Контроль своевременного обслуживания и ремонта оборудования, функционирования интернета и других систем   Взаимодействие с резидентами по телефону, в соц. сетях, по электронной почте, проведение экскурсий по коворкингу   Управление техническим персоналом, обучение и контроль качества работы   Разрешение конфликтов с резидентами и персоналом   Осуществление сбора необходимой информации о резидентах, работа с обратной связью, заполнение необходимых документов и баз   Оформление и заполнение необходимых документов, работа с заявками, ведение отчетности   Контроль соблюдения работниками организации трудовой дисциплины, правил и норм охраны труда, техники безопасности, требований санитарии и гигиены.   Ты легко заводишь новые знакомства и очень любишь общаться с людьми! Находишь общий язык с любой техникой. Ты активный, позитивный и уверенный в себе! Ты готов изучать новое, работать в крутой команде, и вообще, ты просто душка!  "
Application Engineer,https://hh.ru/applicant/vacancy_response?vacancyId=45938283,2021-07-02T17:44:16+0300,False,,,,От 3 до 6 лет,Вахтовый метод,Английский язык;Грамотная речь;Engineering;,БЕЙКЕР ХЬЮЗ,Нефтеюганск,"As an Application Engineer, you will play a vital role in creating technical solutions that fulfill the needs of our customers. You&#39;ll collaborate with cross-functional teams to provide product guidance and scope for new requisitions. You will also be working and learning with the biggest names in the energy industry. As an Application Engineer, you will be responsible for:   Providing technical support and drilling optimization, including well profile selection, drill string design selection, drilling calculations   Drawing up a plan and/or making adjustments to the Well Drilling Program for new techniques and/or technologies for well placement   Participating in the preparation of technical solutions for new key and strategically important projects   Analyzing the causes of incidents while drilling associated with deviations from the plan-program for well drilling in terms of the adopted engineering solutions   Fuel your passion To be successful in this role you will:   Have a Technical Degree/Diploma or demonstrate equivalent, relevant professional work experience   Be able to speak Russian fluently and speak English on professional issues   Have experience with WellArchitect, Advantage, BHASysPro or similar soft   Be able to manage multiple priorities under tight deadlines   Work in a way that works for you We recognize that everyone is different and that the way in which people want to work and deliver at their best is different for everyone too. In this role, we can offer the following flexible working patterns:   This role is an office based working pattern in Nefteyugansk  "
Junior QA Engineer,https://hh.ru/applicant/vacancy_response?vacancyId=45678886,2021-06-23T13:05:59+0300,False,40000,80000,RUR,Нет опыта,Гибкий график,SQL;Английский язык;Test case;,FriendWork,Москва,"Leading QA company QA Madness is looking for a smart Junior QA Engineer. The company provides testing services for any kind of software using the best tools and processes that help ensure the quality of any software product. We are proud to announce that QA Madness has been listed as one of the Top 10 Software Testing Companies in the World for the last 3 years. THE SKILL SET  At least Intermediate level of English (effective written and verbal communication) Practical experience in software testing (at least Quality Assurance courses) Good knowledge of different testing methodologies, techniques, and types Ability to build and maintain test documentation (namely checklists, test cases, bug reports etc.) Familiarity with SQL, HTML, CSS is a plus Strong analytical skills Ability to work independently as well as in a team Problem solver, attention to detail  WE OFFER  Education and training in the domain Flexible working hours Excellent career opportunities Team spirit Good working environment Vacations and paid sick leaves English courses           "
Vice President of Engineering,https://hh.ru/applicant/vacancy_response?vacancyId=44744298,2021-07-19T13:06:51+0300,False,,,,Более 6 лет,Полный день,Leadership Skills;Business Development;Atlassian Jira;Английский язык;Public Speaking;,ALM Works,Санкт-Петербург,"At ALM Works, we create software tools to empower project managers around the world. We provide our customers with better visibility and control, so they can work efficiently, deliver predictable results, see problems earlier, make better decisions and communicate with clarity and confidence to their teams, managers and clients. Our flagship product Structure for Jira is one of the most popular apps on the Atlassian Marketplace. We have the privilege of serving over 4000 clients, many of which are among the most well-known companies in the world: NASA, Google, Adobe, Intel, Sony, Disney, Netflix, Toyota, Twitter – to name just a few. As we grow from a small company into a 100+ person company, we are looking for a Vice President of Engineering who will help us reach the next level of maturity. This person will provide global leadership across the organization and leverage our engineering capabilities to support the execution of the company’s strategy and mission. The VP of Engineering will be responsible for leading, managing, and developing the engineering organization at ALM Works. The VP of Engineering&#39;s primary function will be to direct the engineering team to turn the company&#39;s product strategy and product requirements into reliable, secure, and high-quality software products that delight our customers. We support fully remote work; however, for this position we would prefer candidates who can frequently visit our office in Saint-Petersburg. Responsibilities:  Lead, mentor, and coach engineering teams, principal engineers, and engineering team managers to realize the product vision and roadmaps Strategize, plan and develop engineering team capabilities and capacity to support our mission and strategy Oversee the performance of engineering teams and continuously develop, suggest and implement corrective actions and changes to improve efficiency, quality, and customer satisfaction Participate in the recruitment process to maintain top quality of engineering and engineering management talent Advocate and promote the ALM Works core values and culture both internally and externally Collaborate with business, support, and operations teams to ensure we deliver new features and products to the users in a predictable and consistent fashion Develop and maintain relationships with 3rd party vendors, partners, Atlassian, and other ecosystem vendors to support company-wide initiatives  Requirements:  At least five years of experience in team and talent build-up, management, mentoring – hiring engineering teams, growing managers, identifying the required skill set and resources Relevant technical background in the software development industry Previous working experience in software design and developing customer-orientated platforms Strong organizational leadership skills Excellent communication and presentation skills in both Russian (preferably native) and English Extensive experience in working with stakeholders at all levels within a company Strong understanding of the modern engineering practices at every stage of the SDLC Strong understanding of product management Must be knowledgeable about industry trends, best practices, and change management Strong business acumen  We offer:   Working in a team of dedicated professionals   Ability to contribute to new products which will be used by thousands of people   Competitive salary (in the 90th percentile)   After 9 months: quarterly bonus based on the financial performance of the company   Productive and very informal working environment  Flexible schedule, paid sick/personal leaves  Premium medical insurance   English lessons/fitness 50% reimbursement   Opportunity to communicate with customers around the world and present the products to the public on the Internet and at trade shows and conferences     If you’re interested, please respond (in English) with a few words about why you seek this position and what you think will be the biggest challenge for you if you start with us."
HR-brand manager,https://hh.ru/applicant/vacancy_response?vacancyId=45844368,2021-06-30T10:06:46+0300,False,,,,От 1 года до 3 лет,Полный день,Маркетинговые коммуникации;Продвижение бренда;Планирование маркетинговых кампаний;Маркетинговый анализ;Бренд-менеджмент;,ManpowerGroup,Москва,"Что делать?  Построение сильного HR бренда компании Организация бизнес и продуктовых мероприятий ( в том числе разработческих DevRel) Развитие эффективных коммуникаций внутри компании, кросс функциональное взаимодействие Продвижение карьерного сайта компании Запуск рекламных компаний и лендингов с нуля Отслеживание всех публикаций в СМИ, работа с авторами, продюсирование контента Работа с Вузами, организация карьерных дней  Кого ищем?  Опыт работы в HR (желательно PR, маркетинг ) Опыт запуска маркетинговых мероприятий, понимание специфики Успешный опыт работы выстраивания внутреннего и внешнего HR бренда Опыт работы со студенческими проектами Клиентоориентированность, гибкость наряду с умением отстаивать свою позицию, драйв, инициатива  Что предлагаем?  Работа в топовой российской brand-name компании Возможности роста Молодой и драйвовый коллектив Достойный уровень оклада + бонусы Расширенный соц. пакет "
"Менеджер по продажам в СНГ, B2B - Inbound Sales Account Executive (CIS)",https://hh.ru/applicant/vacancy_response?vacancyId=45741672,2021-06-25T12:27:57+0300,False,,,,От 3 до 6 лет,Полный день,Sales Management;Customer Service;Sales Skills;CRM;,Айдилс,Москва,"Deals – is an international B2B SaaS company that creates the best customer experience in the virtual data rooms market since 2008.   Currently, we are looking to fill a remote Russia-based position as the Inbound Sales Account Executive. In this role, your main objective will be managing the incoming requests from prospective clients and converting them into actual paying customers using different sales techniques. You will be a part of the team working with the EMEA market with the primary focus of your work on clients from Russia and CIS.   WHAT YOU WILL BE DOING:  Managing incoming requests (calls, emails, demo, live meetings) from potential customers from the assigned territory; Helping customers to solve customer’s complex problems using iDeals’ modern internal tools and techniques; Delivering high Lead-to-Deal conversion rate using sales techniques and keeping sales process compliant; Presenting the product to the customers (including online and offline demonstrations); Collecting and sharing the market insights to improve the sales process; Delivering the best on the market buying experience.    WHAT YOU SHOULD HAVE:  BA/B.Soc.Sc. or relevant working experience, combined with a minimum of 2+ yrs of experience in B2B sales at the Russian market; Experience in selling financial products or services would be a significant advantage; Full professional proficiency in Russian and English (C1-C2); Strong verbal and written communications skills; Driven to deliver the best customer experience; Self-motivated, with high energy and an engaging level of enthusiasm; Ability to multi-task, prioritize, and manage time effectively; Able to build and maintain effective relationships with customers; Able to quickly process and assimilate new information (product/business and customer need); Strong problem identification and objections handling skills; Prior experience of using a CRM; Readiness for occasional travels around Europe for industry events and clients meetings; Ability to work and deliver results independently.    WE OFFER:  Official employment iDeals Wellness Package: for medical insurance and health-related activities Mental Health Support Package Paid vacation of 28 days, sick days, days off, and paid national holidays Paid family leave of up to 4 weeks Paid pregnancy disability leave of up to 5 months Paid sabbatical leave Unlimited learning and development opportunities Professional and self-development books and subscription services compensation Sponsorship of participation in inspiration events, conferences, meetups Obtain company’s support if you decide to become a speaker or writer Reimbursement of participation in sport competitionsInternational team-building activities Support with organization workplace at home. Provided budget for home-office setup. Reimbursement of coworking space expenses Internal growth policies Regular performance and salary reviews Generous internal referral program iDeals Suprise Boxes from the People Experience Excellence, Care, Trust, Collaboration, and Commitment are core values to the iDeals team.    Since 2008, iDeals has won the trust of half a million business users. We have supported thousands of customers to run high-value and mission-critical projects, from the cross-border sales of multi-billion-dollar assets to the development of revolutionary biotech products. Commitment to excellence has made iDeals the choice of big names, as well as ambitious startups. The growth goes on: the team is getting stronger; our client base and revenues are increasing year on year.   With us, you will grow professionally by doing work you can be proud of, receive top-market compensation, and collaborate with a motivated and diverse team.   iDeals is made up of people from a wide variety of backgrounds and lifestyles. We embrace diversity and invite applications from people from all walks of life. We don’t discriminate against employees or applicants based on gender identity or expression, sexual orientation, race, religion, age, national origin, citizenship."
Системный администратор Linux,https://hh.ru/applicant/vacancy_response?vacancyId=43162287,2021-07-19T11:00:23+0300,False,,,,Более 6 лет,Полный день,,МИА Россия сегодня,Москва,"Обязанности:   Установка, сопровождение новых и существующих Linux систем   Работа с оборудованием IBM BladeCenter, IBM Xseries,   Сопровождение сервисов RedHat Enterprise Linux, RedHat Gluster storage, named, keepalived, haproxy, nginx, apache, subversion, git, samba, proftpd, ldap, zabbix, docker   Работа с СХД по SAN и NAS   Сопровождение систем работающих в режиме 24×7   Написание скриптов на bash, awk   Работа с системой виртуализации VmWare     Требования:    Высшее образование; Опыт работы в аналогичной сфере от 5 лет; Профессиональное владение Linux; Уверенное знание: стека протоколов TCP/IP, маршрутизации, DNS, HTTP, HTTPS; технологий HA, LB; Программирование на bash;    Условия:  м. Парк культуры (в шаговой доступности); Заработная плата по результатам собеседования; График работы сменный: 8:00 – 17:00, 12:00 – 21:00 / вс – чт, вт – сб; Оформление по ТК РФ; Социальный пакет (ДМС, корпоративный фитнес-клуб, врач-терапевт в офисе); Бесплатное посещение показов фильмов, лекций и других мероприятий на площадках МИА «Россия сегодня». "
Information Security Engineer,https://hh.ru/applicant/vacancy_response?vacancyId=43414470,2021-07-02T18:04:42+0300,False,,,,От 1 года до 3 лет,Гибкий график,Risk management;Networking;Информационная безопасность;,Veeam Software,Санкт-Петербург,"We create software solutions for saving and restoring data. We write code for cutting edge technology. Our software helps banks, hospitals, airports, airways, hotels, manufacturers (Hard Rock Hotel and Casino, Gatwick Airport, Telefonica Germany, Telecom Italia, Porsche Informatik, Jumeirah Group, L’Oréal Denmark, Volvo Car BeLux, to name a few) to protect and manage their data. We are 4,500+ employees, 355,000+ customers, 35+ offices around the world. Also, we are fun times, challenging tasks, friendly atmosphere — approximately 365 days a year. Responsibilities:  Advanced level of security investigation on following areas: Application Security, Cloud Security, Data Security, Network Security and Perimeter Security Cyber Security Incident analysis Gather data and drill down to root cause analysis, ability to dedicatedly recommend effective courses of containment and remediation Acquire and analyze digital evidence from a variety of workstation, server and mobile platforms Generate high quality forensic examination reports to communicate findings clearly and concisely to technical and non-technical business unit managers Develop and document cyber security incident response policies and procedures Collaborate with team members, leadership and stakeholders, including Legal, HR, R&amp;D and IT Develop and suggest improvements to current information security policies, solutions, practices and procedures Develop incident escalation processes, and constantly seek to improve existing processes Participate in Information Security initiatives and projects  Basic Qualifications:  Strong knowledge of industry standard security technologies Encryption/cryptography protocols and best practices Routing protocols and routing table configuration assignment Authentication, authorization and directory services Ability to develop specific proactive procedures for detection of security breaches and identifying security risks via architecture and design review as well as baseline accepted security standards Experience in operating system, application, and network penetration testing and vulnerability assessment Experience in liaising with system and network administrators to help remediate the impact of the identified risks and vulnerabilities at the platform level Conceptual, analytical and innovative problem-solving and evaluative skills, an ability to conduct independent research and analysis in the event of a security breach, identifying issues, formulating options, proactively closing the security loop-holes, and making conclusions and recommendations Knowledge of security controls for network, application and operating systems Strong knowledge and work experience with logical access controls to ensure confidentiality, integrity and assurance of proprietary information Interpersonal skills; including the ability to work effectively in a team environment  Competencies and technologies:  Hardware, Network, Application and Policy Auditing Risk Assessment/Risk Mitigation HIDS, NIDS, Firewalls, Networking, Application, Data, Cloud and Perimeter Security Fundamentals and Best Practices Security Incident Handling/Response and Risk Management Proper Evidence Handling and Integrity Best Practices Knowledge of Viruses, Malware, Spyware, Trojans, etc. Log File Analysis and Cyber Security Incident Alerting Designing, Engineering and Review of Secure Architectures IDS/IPS, SIEM, Web Content Filtering/web proxies, AV/FDE/RME, IAM, MDM, Firewalls, DLP, Application Auditing, Vulnerability Scanning Reviews/updates Information Security and Information Services policies  Would be a great plus:  Knowledge &amp; usage experience of penetration testing tools and security scanners  We offer:  Excellent professional and career opportunities in the international team of talented and energetic people Employment according to the Labor Code of the Russian Federation (all payments are fully &quot;white&quot; + 28-Day annual leave, etc) Competitive salary and regular pay rises Flexible working schedule Premium health insurance program for you and your children 100% compensation payments for sick leave Professional training and education: unlimited access to e-library, professional courses and conferences, English classes Sports / fitness compensation Active corporate life: release pizzas, NY Meal Benefit as a meal card with limit; fruits, cookies, coffee in the office.  Relocation package for candidates from another city: payment for tickets to St. Petersburg and one additional salary as a one-time payment."
Front-end developer (React),https://hh.ru/applicant/vacancy_response?vacancyId=44017490,2021-06-25T23:03:38+0300,False,,,,От 1 года до 3 лет,Удаленная работа,Веб-программирование;React;webpack;Typescript;,Монополия,Санкт-Петербург,"С 2015 года наш IT блок меняет рынок автотранспортной логистики, создавая инновационные решения. Мы разрабатываем технологичные решения для перевозчиков и отправителей грузов, для водителей, транспортных и топливных компаний. Каждый день мы преображаем огромную и сложную индустрию, помогая сотням людей работать удобно и эффективно. И это действительно круто. Наши продукты:   Экосистема Monopoly.online, лидер рынка LogTech-разработки и новаторское решение в сфере грузоперевозок. Ежедневно тысячи грузоотправителей и перевозчиков решают свои задачи на платформе Monopoly.online: находят и отправляют грузы, строят эффективные маршруты и контролируют топливные процессы, работают с финансовыми сервисами, делая свой бизнес эффективнее и удобнее.   Масштабируемая ERP-система для транспортной компании “Монополия”, крупнейшего в РФ грузоперевозчика, которая в том числе благодаря грамотной автоматизации своих процессов ежегодно в разы увеличивают свою прибыль, а в 2019 году вошла в ТОП-50 самых быстрорастущих компаний России по версии РБК.   Корпоративные системы автоматизации, которые обеспечивают быстроту и порядок в финансовых, бухгалтерских, кадровых и юридических процессах.   Наши продукты нуждаются в расширении функциональности все быстрее и быстрее, поэтому мы увеличиваем нашу команду разработки SharePoint для работы над внутренним порталом компании и автоматизации бизнес-процессов. Кто нам нужен: Нам нужен заинтересованный своей профессией, занимающийся самообучением и способный находить необходимую информацию и знания фронтенд разработчик, который доводит задачи до конца, действует без напоминаний, берет ответственность не только за себя, но и за процесс и не боится принимать сложные решения. Мы ожидаем, что разработчик может как писать код, так и верстать. В зависимости от задачи надо уметь сделать pixel perfect или проявить инициативу по выбору решения (естественно, обсудив это с продактом и/или UX). Мы ждём, что наш разработчик:  хорошо и полно знает современный веб (в широком смысле этого слова); занимался фронтендом в своей карьере не один год; разбирается в ситуации, прежде чем предлагать какое-то решение, знает плюсы и минусы выбранного решения и готов обосновать его; знает, какой фреймворк популярен сейчас, и как принято решать эту задачу в 2018 году, но не бросается переписывать все на самое модное ХХХ name; мыслит в ментальности «как решить поставленную задачу», а не отпихивает баг в сторону бека, не разбираясь; умеет разбираться в чужом коде и написать замечания по делу (пробелы и скобочки пусть правит IDE); нетерпим к плохому коду и плохим решениям, но готов уверенно, аргументированно и не обидно предложить и обосновать четкий план изменений.  Технологический стек: Основное: Typescript, React, Mobx, webpackСтили: Typestyle, SassUI: Fluent UI Если вам интересно, бекенд у нас на .net, то у вас будет личная виртуальная среда, куда вы можете развернуть любую ветку бекенда. Мы предлагаем:  Возможность работать дома по вашему желанию Бесплатное обучение, конференции Трудоустройство по ТК РФ, белая зарплата English club c носителем языка Скидки на фитнес Выездные и офисные мероприятия, тимбилдинги "
Системный администратор,https://hh.ru/applicant/vacancy_response?vacancyId=46399630,2021-07-21T09:29:50+0300,False,60000,,RUR,От 3 до 6 лет,Полный день,,ЛинкТелеком НН,Нижний Новгород,"Обязанности: Администрирование серверов на базе ОС LinuxАдминистрирование систем мониторингаВедение технической документацииАдминистрирование сетевого оборудованияПоддержание работоспособности сетиДиагностика аварий на сети и их исправление;   Требования: Обязательно: Опыт администрирования серверов на базе Linux, Debian, CentosОпыт работы с ключевыми компонентами сервисов: apache, mysql, named, dhcpd, exim4 и подобныхЗнание работы протоколов динамической маршрутизации (OSPF, BGP), протоколов TCP/IP, DNS, DHCP, PPPoE, SNMP, Multicast, STP, VLANУверенное знание одного из скриптовых языков (bash, perl, python)Опыт конфигурирования активного сетевого оборудования L2/L3: CISCO, Mikrotik, D-Link, Huawei Желательно:Опыт работы с технологией GPONОпыт настройки и эксплуатации современных средств виртуализации (Hyper-V, VmWare, KVM) Опыт администрирования VoIP (SIP, Asterisk)Опыт администрирования биллинговых систем (желательно Netup UTM5)       Условия: График работы 5/2 с 09.00 до 18.00 Опыт работы в аналогичной должности от 3 лет Трудоустройство по ТК РФ Оплачиваемый отпуск Работа в просторном и современном офисе в самом центре города"
Education Team Specialist,https://hh.ru/applicant/vacancy_response?vacancyId=45824502,2021-06-29T14:43:49+0300,False,,,,Нет опыта,Полный день,Team management;MySQL;Product Management;Scrum;,Ingram Micro,Москва,"Do you crave the creativity and freedom of a startup but the stability of a large, established company? Are you seeking the autonomy to take risks, make decisions and drive business success? Do you want to accelerate your career to the next level? Ingram Micro Cloud, a business unit of Ingram Micro, powers the world’s largest cloud marketplace, and is committed to helping our partners accelerate their digital business success by leveraging our hyperscale platform technology, infinite ecosystem of cloud solutions from the biggest innovators in the tech industry, and go-to-market support and resources to drive adoption and growth. With proven proficiency in SaaS, IaaS, IoT, security, and XaaS technologies, we invite visionaries to join our team and make an impact on this fast-growing industry. We have own cloud instances in 4 geo-locations and more than 100 service providers (like a Telco and Hosting companies: ex Telefonica, iinet) worldwide with more than 10 million end users. Responsibilities:  Design, develop, and keep up to date both eLearning and Instructor-Led training (ILT) courseware and other educational materials:  presentations SCORMs training lab sandboxes certification testing and many others   Delivery of educational materials Monitor, evaluate and review the quality and effectiveness of training, assessment and outcomes of courses delivered Share practices to improve the design and development of all courseware Identify and implement learning-based innovations to enhance students&#39; ability to understand and practice technical skills in synchronous and asynchronous training. Share education best practices to improve the design and development of all courseware. Collaborate with the documentation, product management and engineering teams to improve the quality of all product release notes and documentation. Collaborate with Subject Matter Experts and other parties to perform training needs analysis, ensure technical accuracy of training contents, and ensure selected training facilitation practices work well Collaborate with training staff to ensure successful execution of the CloudBlue training program.  Requirements:  Bachelor’s degree, or equivalent experience Wish to create and deliver education &amp; certification programs in the cloud computing software industry  Familia with Instructional Design and Adult Learning theories and best practices. Familia with Adobe Captivate/Articulate or any other eL tool for development of digital learning content Experience working with Microsoft and/or Red Hat Linux products and technologies Knowledge of Linux and server versions of Windows, command-line utilities, principles of networking technologies, and Domain Name System Familia in performing Gap, Audience, Training Analysis &amp; Evaluation, and Change Management Ability to multi-task while maintaining a high attention to accuracy and quality of work Fluency in English, both written and spoken; min. Advanced High Strong oral and written communication abilities Good time management and organizational skills  The Following Are Considered a Plus  Experience in broadcast or other digital media production - both live and pre-recorded, whether TV or other video formats. A successful catalogue of innovative and impactful event programs.  Success measures  Consistent customer satisfaction ratings for trainings delivered. Meeting customer training and revenue targets.  Ingram Micro’s mission is to help businesses to fully realize the promise of technology. Touching 80% of the technology used every day around the world, no other company delivers the full spectrum and scale of global technology to businesses around the world. With almost $50 billion annual revenue in 50+ countries and 32,000+ associates worldwide, Ingram Micro’s global infrastructure and deep expertise in platform technology, cloud, and mobility enable our customers to operate efficiently and successfully in the digital economy."
Веб-аналитик в Digital-команду,https://hh.ru/applicant/vacancy_response?vacancyId=45642636,2021-06-22T13:18:51+0300,False,40000,120000,RUR,От 1 года до 3 лет,Удаленная работа,Работа в команде;Английский язык;Google Tag Manager;PowerBI;Google Data Studio;Системное мышление;amoCRM;Анализ бизнес показателей;Asana;Google API;Анализ поведения пользователей;Bitrix;,Тыщенко Владислав Константинович,Москва,"Разыскиваем веб-аналитика, интегратора на удаленку без жестких временных привязок в уютную небольшую Digital-команду  Опыт работы в веб-аналитике: от 3-х лет. Полная занятость, свободный рабочий график. Главное – быть на связи и давать результат. Вас ждет свобода действий, интересные проекты и возможность реализовывать свои идеи и гипотезы. Мы небольшая Digital-команда. Помогаем бизнесу расти за счет качественного маркетинга. Очень гибкие, вариативные и готовые к тесту гипотез и идей. У нас уютная дружественная атмосфера, отсутствие жесткого временного режима, главное – результат. Мы уважаем и прислушиваемся к мнению каждого члена команды! Сейчас взяли курс на плотный рост, поэтому нам очень нужен/нужна ты) Что вы получите, работая в нашей команде? 1. Работаем в удобное время и в удобном для каждого режиме. Главное – быть на связи. 2. Системную и спокойную работу. Раз в неделю по понедельникам в 12 по мск +\- проводим планерку и обсуждаем наши задачи на неделю. Это позволяет нам соблюдать спокойный плановый режим работы, а не каждый день бегать в огне хаоса) 3. Возможность тестировать гипотезы и воплощать свои идеи в жизнь 4. Работать с интересными проектами и большими данными 5. Ну и еще раз повторюсь: уютную дружелюбную атмосферу) 6. Мы очень быстро растем и развиваемся. У тебя есть возможность стать в будущем полноценным руководителем отдела, если пожелаешь) Что нужно будет делать? 1. Настраивать/подключать и интегрировать всю веб-аналитику и смежные сервисы типа amoCRM и колл-трекингов. Подключать Яндекс.Метрику, Google Analytics, Google Tag Manager и Optimize, Сalltouch как основной коллтрекинг и базу для будущей сквозной аналитики 2. Создание отчетов и дашборда в PowerBI или Google Data Studio 3. Следить за интеграциями и их корректной работой 4. Анализировать все, что анализируется:) 5. Предлагать варианты для улучшения показателей 6. Помогать выстраивать и внедрять сквозную аналитику для клиентов   Кому подойдет? 1. Вы хотите развиваться и пробовать что-то новое 2. Вы не токсичный человек с преобладающим ЭГО. У нас в команде таким не место 3. Вы готовы работать в маленькой команде 4. Готовы быть на связи и любите свою работу Место у нас всего лишь одно!) Поэтому если вы считаете, что эта вакансия как раз для вас, отправьте, пожалуйста отклик с приложенным письмом. Письмо начните “Привет Epic Name, я хочу к вам”. Так мы убедимся, что вакансию реально смотрели, а не спамили свое резюме:) Как все будет проходить?  – Вы откликаетесь на вакансию с сопроводительным письмом – Мы общаемся – Выполняете небольшое тестовое задание, чтобы стало понятно, как вы мыслите – Далее будет первый оплачиваемый испытательный месяц – Если все ок, то приступаем к сотрудничеству на постоянной основе Все, пишите нам скорее и до встречи в команде!  "
Ведущий системный администратор,https://hh.ru/applicant/vacancy_response?vacancyId=44031888,2021-07-21T09:04:36+0300,False,35000,60000,RUR,От 3 до 6 лет,Полный день,Linux;Zabbix;TCP/IP;Администрирование серверов Linux;Hyper-V;VMware;Active Directory;,Gems Development (Джемс Девелопмент),Омск,"Gems Development — IT-компания, которая делает собственный продукт в сфере GIS. Мы автоматизируем сбор, хранение и анализ больших геоданных, а результат показываем на карте. В 2019 году мы стали крупнейшим разработчиком систем обеспечения градостроительной деятельности в стране. Мы приносим пользу людям и гордимся этим. Что тебя ждет в Gems Development:  Ты получишь уникальный опыт работы в молодой и стремительно развивающейся компании на рынке производственных геоинформационных систем; Познакомишься с партнерами со всей России, потому что с нашими продуктами работают более чем в 20 городах страны; Будешь работать в коллективе без вертикальной иерархии и влиять на процессы внутри компании; Включишься в решение интересных задач: новые проекты появляются регулярно; Станешь частью дружной команды и будешь расти в команде профессионалов.  Что нужно делать:  Поддерживать и развивать внутреннюю инфраструктуру компании.  Какие навыки нужны:  Уверенное владение ОС Linux на уровне администратора (развёртывание, настройка и поддержка сервисов; умение читать логи, анализировать данные, находить и устранять неисправности); Опыт работы с сервисами: Nginx, Apache, MySQL, PostgreSQL, OpenVPN, Named, MTA/MDA (Exim+dovecot); Знание и понимание основ работы стека TCP/IP, основ маршрутизации; Умение настраивать сетевое оборудование (cisco, d-link, mikrotik); Знания серверного оборудования, систем хранения данных, способов их коммутации; Опыт работы с системам виртуализации Hyper-V, VMWare; Знание Active Directory; Опыт работы с системой мониторинга Zabbix; Умение автоматизировать свою работу; Коммуникабельность, ответственность; Желание учиться.  Что будет плюсом:  Знание powershell, cmd; Опыт работы с Ansible; Опыт работы с svn, git, mercurial; Опыт администрирования Jira; Опыт развертывания инфраструктуры организации с нуля.  Почему у нас хорошо:  Мы придумываем, разрабатываем и поддерживаем свой собственный продукт; С нами можно быстро прокачаться, реализовать свои амбиции и покорить непокоренное. С нас: книги, тренинги, участие в конференциях, а с тебя — желание учиться и быть частью глобального профессионального сообщества; У нас все для людей: белая зарплата, уютный офис в центре города, фреймворк SCRUM, фрукты и кофе на кухне, гибкий график, ДМС.  Кажется, мы ждем именно твое резюме :)"
Customer Success Manager,https://hh.ru/applicant/vacancy_response?vacancyId=45814248,2021-06-29T11:29:53+0300,False,,,,От 1 года до 3 лет,Удаленная работа,Английский язык;Digital Marketing;Leadership Skills;Project management;Business English;Marketing Analytics;Account Management;,SegmentStream,Москва,"As a Customer Success Manager at SegmentStream, you will help senior leaders at some of the well-known and fast-growing brands solve their most pressing digital marketing problems through applying our AI-driven marketing attribution and optimization technology. The role involves a consultative and holistic approach to both digital marketing and client management. The ideal candidate would be a strong performer who is looking to directly impact the digital marketing strategy of some of the most innovative brands and have a lot of fun while doing it. If you love the fast-paced environment of a startup, digital marketing, and working closely with clients, then this is an incredibly unique opportunity to join a high-performing team and help blaze the trail for future growth. About us: At SegmentStream, we are building a cutting-edge marketing technology that is changing how leading businesses analyze and optimize the performance of their online marketing campaigns. Our SaaS platform helps advanced digital marketing teams apply our own sophisticated machine learning algorithms to reveal the true incremental value of each marketing channel and campaign, and automatically apply these AI-insights to close the loop of data-driven marketing. We’ve proven that our technology works and delivers the best ROAS possible for our enterprise clients across the globe. Check our latest success stories and you’ll understand why our solution is the next big thing in the digital marketing world. We are fortunate to be VC-backed by one of the world’s leading startup accelerators - TechStars, as well as some biggest names in the B2B SaaS world, including the founders of Pipedrive, Dynamic Yield, and other great companies. We are also proud to say that SegmentStream is already trusted by over 50 enterprise customers around the world, including the UK, US, Canada, Australia, and lots of European countries. What you’ll do:  Own the overall success of the assigned portfolio of customers — leading brands and fast-growing startups with 6-7 figures digital marketing budgets (in USD) — which partner with SegmentStream to improve their digital marketing results by implementing our innovate AI-driven marketing attribution and optimization platform; Be responsible for the full customer lifecycle including post-sales technical onboarding, product adoption and value delivery, post-implementation consultation and support; Work together with a team of senior Data Analysts and Performance Marketing Consultants to deliver the highest quality marketing attribution and optimization projects using our powerful SegmentStream platform; Control the value delivery process to the assigned list of clients — manage priorities, estimates, resources, and timelines; Act as a trusted advisor and consult customers on the proper usage of SegmentStream technology to achieve higher ROAS and lower CPA from their main advertising channels such as Facebook Ads, Google Ads, and others. Monitor the ongoing customer’s results and satisfaction of partnership with SegmentStream to ensure a renewal for the next contract term; Make sure clients are happy and ready to provide a positive testimonial to share their experience partnering with SegmentStream;  Requirements:  2-4 years of customer-facing project management experience in the digital marketing / performance advertising space. Ideally, you’ve been working as a Account Manager / Project Manager / Customer Success Manager in a digital marketing agency or SaaS company; Hands-on experience launching &amp; optimizing advertising campaigns in Google Ads and Facebook Ads, as well as analyzing the performance of these campaigns using Google Analytics. Previous experience leading calls with senior roles on the customer’s side, for example, Digital Marketing Director, CMO, Digital Director, Head of Performance Marketing, Head of E-commerce. Basic understanding of the modern technical concepts in the world of digital marketing — you know what is Data Layer, Cookie, Webhook, or JSON/XML Feed; Excellent communication, presentation, project management, and resource-planning skills; Energetic and able to keep a positive attitude under stressful and shifting circumstances; Entrepreneurial spirit and the desire to be a key player on a results-oriented team; Excited about rolling up your sleeves and getting stuff done in an unstructured environment of a hyper-growth technology startup, and grow together with the company; English B2 or above;  Why SegmentStream:  Unique and high-quality SaaS product that solves a massive problem for a huge market; A vast portfolio of enterprise customers around the globe including the UK, US, Canada, Australia, and lots of European countries; VC-backed by top investors &amp; angels, including TechStars, founders of Pipedrive, Dynamic Yield, and other great SaaS entrepreneurs; Fast-growing, fully distributed, and international team of smart people who not only love what they do but also really good at it; A great company culture that is embracing functional ownership, entrepreneurial mindset, and personal growth; Full responsibility from day one and being part of our results-driven working environment; A lot of opportunities for future career growth within the company; "
Receptionist,https://hh.ru/applicant/vacancy_response?vacancyId=42425629,2021-06-22T17:07:07+0300,False,,,,Нет опыта,Полный день,Английский язык;Прием и распределение звонков;Пользователь ПК;Грамотная речь;,Henkel Russia,Москва,"Henkel is international company with a well-balanced and diversified portfolio. The company holds leading positions with its three business units (Laundry &amp; Home Care, Beauty Care, Adhesive Technologies) in both industrial and consumer businesses thanks to strong brands, innovations and technologies. Henkel operates successfully in the Russian market since 1990 and has approximately 2,600 employees across 9 factories and 12 offices in various regions of Russia. Henkel’s brands and technologies are used in many different applications and industries. Henkel is the name behind many well-known brands such as such as Persil, Schwarzkopf, Moment and etc. We are looking for Receptionist Main responsibilities:  Answering telephone calls Meeting guests and suppliers Work with financial documents Work with incoming and outgoing mail Meeting rooms arrangement Other general administrative and clerical support provision  Requirements to a candidate:  Higher education (graduated or in process) Work experience is an advantage Foreign languages: English – upper intermediate and higher Experienced user of MS Office (Word, Excel, Power Point) Good organizational and time management skills (ability to set priorities), communicative, helpful, team-oriented, polite manner  Salary &amp; Benefits:  Salary depends on experience and will be discussed individual Lunches Opportunities for career development 5/2, shift work schedule, 3 possible options: 08.30 -17.30, 09.00 -18.00, 09.30 - 18.30 Friendly, professional team "
Преподаватель английского языка для детей,https://hh.ru/applicant/vacancy_response?vacancyId=46325770,2021-07-19T09:29:55+0300,False,20000,,RUR,От 1 года до 3 лет,Полный день,,Бизнес-Ассистанс,Краснодар,"Компания: Helen DoronWe are a team of dedicated teachers. We believe that- language is a magnificent gift- learning is fascinating and should be fun for the students- educating young kids enriches their lives and brightens their futures- everyone deserves support and appreciation- bringing up people who care will change the worldWe are highly trained professionals. We follow international methodology of Helen Doron featuring a range of effective programmes for children aged from 3 months to 19 years based on:- communicative approach- use of music and games- positive motivation- values of friendship, equality, environmental awarenessOur teachers are provided with detailed lesson plans for all the classes with a wealth of ideas and age-appropriate tasks and have access to a wide range of unique teaching materials. They feel constant support of the management team with ongoing consultations and training readily available. All Helen Doron teachers are a part of a vibrant inspirational worldwide community. Responsibilities:If youLOVE working with kidsare creative and enthusiasticbelieve in making a better world through educationhave mastered English at the level of C1 or higherare ready to have fun!Join our Helen Doron team! Requirements:- Английский - уровень С1 и выше;- Умение работать с детьми. Conditions:Our school offers a free 5-day training in the methodology with an international teacher trainer and at least two years of guaranteed employment to successful candidates.As well as- legal papers organised and social insurance provided- regular payments with no delays- individual schedule and workload adjusted to your needs.Interested?Here is the plan:1. Please name the learning center you would like to work at in your cover letter.At the moment we have open positions at the following addresses:Юбилейный, Платановый бульвар, 4,Центральный, Железнодорожная улица, 2/1,Энка, ул. Покрышкина, д. 4/9Яблоновский, new center, opening in AugustСочи, ул. Войкова, д. 272. Fill in the questionnaire (our manager will send you questions to your email).3. Wait for our manager to contact you and arrange an appointment, receive the presentation task.4. Visit our school for an interview and your presentation. Meet us, feel welcome, get feedback and ideas for a short lesson.5. Present at a real lesson for our students!6. Settle the details with our manager and sign-up for the training."
Marketing BI Analyst,https://hh.ru/applicant/vacancy_response?vacancyId=45814371,2021-06-29T11:30:24+0300,False,,,,От 3 до 6 лет,Удаленная работа,SQL;Data Transfomrations;Google BigQuery;Data Analysis;Dashboards;Анализ данных;Визуализация данных;Data Studio;,SegmentStream,Москва,"SegmentStream — AI-powered data intelligence platform built for advanced digital marketing teams. Our advanced SaaS platform helps companies to unify digital marketing and sales data from various data sources into their own data warehouse and apply AI-powered marketing attribution and automation to increase Return on Ad Spend across all the channels. The product is used by over 100 customers around the world. We analyse multi-million dollar budgets and process terabytes of data every day. We are proud to be VC-backed by one of the world’s leading startup accelerators - Techstars, as well as some biggest names in the B2B SaaS world, including the founders of Pipedrive, Dynamic Yield, and other great companies. Our researches on the smart application of the AI for marketing analytics and algorithms for building sophisticated attribution models based on machine learning are published by the top analytical resources in the world. We’re looking for an experienced Marketing BI Analyst who loves solving problems, helping people, and wants to be a major factor in the success of our largest enterprise customers. In this role, you’ll be responsible for the technical onboarding of the SegmentStream platform to the portfolio of our enterprise customers and supporting ongoing efforts to build cutting-edge marketing analytics and attribution solutions. If you are passionate about data-driven marketing and enjoy working with smart people and helping to build a company that cares about quality, you’ve found the right place. What you’ll do:  Build advanced marketing analytics and attribution solutions for our enterprise clients using Google BigQuery and our powerful SegmentStream platform; Make sure your analytical solutions are functioning perfectly and our customers can completely trust the data they see in their BI dashboards on a daily basis; Present the created solution to the client, answer their technical questions and make sure that customers understand the value of your work and the SegmentStream platform; Consult customers on the marketing performance insights they now can get using our advanced AI-driven multi-touch attribution in comparison to their existing marketing attribution model; Support customers from the technical standpoint after they started using our BI solutions; Assist in A/B-test design and hypothesis testing of marketing campaigns; Work closely with Data Engineering and Product team to share the feedback and pro-actively resolve any possible concerns and technical issues;  What we are looking for:  2+ years of experience in the digital marketing analytics and attribution space — you are well aware of the terminology like “End-to-End Analytics”, “ROPO-Analysis”, “Post-View Analysis”, “Multi-Touch Attribution”, and other analytical solutions built for marketing teams; 2 + years of experience with SQL for data analysis; Strong knowledge of Google Analytics; Experience working with Google BigQuery and Google Data Studio; Ability to understand a business challenge from the management or marketing team and design a proper analytical solution to the problem; Great communication skills (both verbal and written); Good English (B2 or above);  Bonus:  Experience working with digital advertising platforms such as Google Ads, Facebook Ads, Yandex Direct, etc.; Previous experience working with external clients; Machine Learning experience;  Why SegmentStream:  Unique and high-quality SaaS product that solves a massive problem for a huge market; A vast portfolio of enterprise customers around the globe including the UK, US, Canada, Australia, and lots of European countries; VC-backed by top investors &amp; angels, including TechStars, founders of Pipedrive, Dynamic Yield, and other great SaaS entrepreneurs; Fast-growing, fully distributed, and international team of smart people who not only love what they do but also really good at it; A great company culture that is embracing functional ownership, entrepreneurial mindset, and personal growth; Full responsibility from day one and being part of our results-driven working environment; Competitive salary plus attractive stock compensation package; A lot of opportunities for future career growth within the company;   "
Data Analyst,https://hh.ru/applicant/vacancy_response?vacancyId=45646148,2021-06-22T14:31:12+0300,False,,,,От 1 года до 3 лет,Полный день,Analytical skills;Data Analysis;Business Analysis;Google Analytics;A/B тесты;MS Excel;MS SQL;,Murano Software,Воронеж,"Murano Software is engaged in software development under the order (outsourcing) and development of own product on the .NET platform which is successfully distributed in the territory of the USA. Our team consists of specialists working in 4 development centers (St. Petersburg, Kharkov, Voronezh, Tashkent) and the main office of the company in Los Angeles. This vacancy is opened on our outsourcing project. About the client:Our client is a US online media and technology company that serves businesses and consumers in the Automotive, Health, Legal, and Home/Travel industry. They provide web solutions for businesses with media websites for consumers. Their consumer websites serve more than 250 million monthly visitors and employ more than 5,000 people in over 20 office locations around the worldAbout the role (Ideal Candidate):You are an organized self-starter with a keen business sense who loves digging into data to understand trends and performance. You have a passion for manipulating large volumes of data, building dashboards, and have a consistent focus on efficiency. You easily understand requirements and communicate the progress and status of your work. You have a bias for action and know when to apply the 80/20 rule. You’re also a great teammate who likes a rapidly changing environment and wants to join a company that offers a ton of opportunities to build your skills. The Data Analyst’s primary role is to provide data and analysis support for tracking and reporting. This position requires an ability to understand the key metrics of a business and to develop reporting based on business requirements. The analyst will work in a project team-oriented and dynamic environment which will require working closely with other teams and adjusting to new developments as they arise. Various software packages and tools will be utilized in order to collect, mine, and report on this data. Strong analytical and communication skills with a proven ability to meet deadlines is critical for this position.In this role, you will:  Create insightful, easy to understand visualizations that provide performance, trending and benchmarking analysis to meet business needs. Simplify and automate reporting, audits, and other data-driven activities; build solutions to have maximum scale and self-service ability by partners. Support the business with time-critical data analyses. Performing advanced analysis of web traffic, email engagement, and app engagement data to understand and measure the success of programs, including click through analysis, retention, re-engagement and A/B testing. Become a subject matter data (and business) expert related to appointed areas of responsibility. Apply a broad range of analytical approaches, from back-of-envelope approximations to what-if scenarios, to deep dives, uncovering patterns in order to identify trends and new opportunities.  Required Qualifications:  English language proficiency. Highly Proficient (2+ years) with creating, maintaining, and optimizing Tableau workbooks. Highly Proficient (2+ years) in using SQLfor data analysis and reporting. Experience (2+ years) in a hands-on analytical role with a focus on analyzing business problems. Advanced Excel skills are required. Must be proficient with advanced analytic functions such as vlookup, named ranges, pivot tables, formulas, etc. Strong analytical, conceptual, and problem-solving abilities. Strong communication skills. Demonstrated ability to leverage data to generate customer insights  Preferred Qualifications:  Experience using web analytic tools (Google Analytics or Adobe Analytics) Experience working with Marketing, Product, and Sales teams. Experience with using A/B testing tools like Target or Optimizely, devising A/B tests, interpreting results, and summarizing the findings.  We&#39;re offering   Competitive salary.  Flexible schedule (Some hours of overlap with the global team are required). Ability to work remotely.  Free lunch, tea, coffee, cookies.   Company sponsored events.   Health insurance + dental insurance.   English classes in our office.  "
Специалист по работе с клиентами,https://hh.ru/applicant/vacancy_response?vacancyId=46331530,2021-07-19T10:59:54+0300,False,30000,45000,RUR,От 1 года до 3 лет,Полный день,Активные продажи;Телефонные переговоры;Прием и распределение телефонных звонков;Грамотная речь;Клиентоориентированность;Работа с людьми;Ориентация на результат;Работа в команде;Деловая коммуникация;Деловой этикет;Навыки переговоров;Работа с клиентами;,УК НЭЙМС,Ижевск,"NAMES - это сеть коворкингов, созданных для профессионального развития своих резидентов, где они работают, живут, общаются, учатся в среде, которая поддерживает и помогает.   Что мы даем:   Работу в современном пространстве в центре города   Официальное трудоустройство   Возможность участия в создании самой крупной сети в РФ и сообщества   Постоянное движение и развитие с крутой командой и сильным лидером   Возможность влиять на будущее клиентов и результаты в бизнесе   Стабильную заработную плату   График работы 5\2   Твои знания и опыт работы:  Умеешь находить общий язык с кем угодно Имеешь опыт в продажах  Знаешь как удерживать внимание на себе   Умеешь управлять своим временем и можешь этому научить   Знаешь какие показатели бизнеса влияют на результат   Любишь продажи и деньги   Есть достижения, которыми гордишься   Знание новых технологий, умение пользоваться любой техникой   Опыт телефонных переговоров и знание телефонного этикета   Твои обязанности:   Встреча и оформление резидентов   Проведение экскурсий по коворкингу   Помощь в постановке целей   Подведение итогов дня и оформление договора   Продажа и продление рабочих мест в коворкинге   Прием и обработка входящих звонков   Обзвон по итогам экскурсии или вебинара   Ты любишь общаться с людьми и всегда понимаешь чужое настроение! Ты активный, уверенный и знаешь как донести свою точку зрения! Ты знаешь, как продать то, что тебе так сильно нравится! Ты всегда изучаешь новое и мечтаешь стать частью большой мощной команды! Тогда ждем именно тебя! Всему научим!"
Продавец-консультант в магазин женской одежды,https://hh.ru/applicant/vacancy_response?vacancyId=46066605,2021-07-07T21:37:33+0300,False,25000,35000,RUR,От 1 года до 3 лет,Сменный график,Работа в команде;Грамотная речь;Навыки продаж;Деловое общение;,No Name showroom,Воронеж,"Обязанности:  Работа с клиентами Подготовка одежды формирование образов для клиентов, подбор одежды и аксессуаров Продажа одежды Выкладка товара  Требования:  Знание модных тенденций (fashion media) стилей в одежде Умение создавать луки и тотал-луки умение работать с клиентами личные качества:  пунктуальность, коммуникабельность, доброжелательность, стрессоустойчивость, желание работать Условия:  График 2/2 или 3/3 с 10:00 до 20:00 опыт работы не менее года в данной сфере ЗП оклад+% (от 25.000) "
Senior DevOps Engineer,https://hh.ru/applicant/vacancy_response?vacancyId=45633226,2021-06-22T10:42:29+0300,False,,,,Нет опыта,Удаленная работа,Python;Docker;AWS;Terraform;Jupiter;TensorFlow;k8s;IaC;,ARRIVAL LTD,Москва,"At Arrival, our team is creating best-in-class electric vehicles using a radical new method of design and production. We work with some of the world&#39;s leading businesses and governments to achieve our goal of redefining mobility and transport ecosystems, transforming how people and goods travel and enhancing urban environments for all communities. Innovation, rapid development and testing help us to push the boundaries. Our New Method takes our portfolio of patented technologies created in-house, and combines it with assembly in Arrival Microfactories. It’s a groundbreaking approach, leading to products with maximum functionality, peak efficiency, and an elevated experience – at a much more competitive price than other electric vehicles, and even fossil fuel vehicles.     We are seeking a Senior DevOps Engineer  to join the team of «Predictive Maintenance Platform» product. “Predictive Maintenance Platform” is a part of a broader solution named “Arrival Service Platform” that we develop to digitalise all aspects of after sales life of Arrival vehicles. The predictive maintenance platform aims to provide a public cloud infrastructure and machine learning pipelines to be able to perform predictive maintenance on an asset.   Responsibilities: Together with a product owner and a data scientist, the engineer will be responsible for selecting, configuring and deploying appropriate cloud and open source solutions to build a data lake, data processing and machine learning pipelines. The engineer will also be responsible for writing and maintaining ETL scripts and integration of various data sources.   To qualify, we expect the candidate to have:  3+ years of professional experience in a similar position Familiarity with Python, Jupiter Notebooks, TensorFlow, TFX (https://www.tensorflow.org/tfx/guide), MLFlow (https://www.mlflow.org), Kubeflow (https://www.kubeflow.org) or similar frameworks Familiarity with ETL (extract, transform, load) tools Familiarity with Kubernetes Familiarity with Infra as Code (Helm/Terraform etc.) Experience designing cloud architectures Experience with AWS/Azure/GCP Experience with typical container tools e.g. Docker Knowledge of English at the upper intermediate+ level;      At Arrival we want all of our employees to feel comfortable bringing their passion, creativity, and individuality to work. We value all cultures, backgrounds, and experiences, and we truly believe that diversity drives innovation. Join our mission for Zero emission solutions for cities and be part of this radical new method to revitalize transportation."
Региональный менеджер по продажам (Роснефть),https://hh.ru/applicant/vacancy_response?vacancyId=40073125,2021-07-19T13:01:44+0300,False,,150000,RUR,От 1 года до 3 лет,Полный день,Ведение переговоров;Телефонные переговоры;Активные продажи;Поиск и привлечение клиентов;Навыки переговоров;Холодные продажи;Развитие ключевых клиентов;Прямые продажи;Развитие продаж;,Автомаркет,Белгород,"&quot;АВТОМАРКЕТ&quot; - один из лидеров дистрибуции рынка автомобильных масел, расходных материалов и аксессуаров в Центральном Черноземье. Это 20 лет опыта, 6000 SKU* и более 5000 клиентов. Сотрудничество с &quot;Лукойл&quot;, &quot;Роснефть&quot;, &quot;Shell&quot; и др. Устал работать с &quot;no name&quot; брендами?Приглашаем в команду! Бренд Роснефть. Предоставлем ресурсы и инструменты. От тебя ждем результат.Важные для нас качества и навыки:- креативность;- аналитический склад ума;- умение генерировать и реализовывать идеи.Мы ждем прорыва. Обязанности: - формирование плана по развитию клиентской базы (региональные клиенты); - увеличение объемов продаж у существующих клиентов; - увеличение представленности бренда в торговой точке; - расширение АКБ на закрепленной территории (Белгородская область); - участие в формировании плана продаж и закупок; - выполнение планов и стандартов производителя; - выполнение плана продаж по товарным группам; - развитие территории (поиск и привлечение новых клиентов); - развитие новых каналов сбыта; - ведение отчетности по продажам и отгрузкам клиентам компании; - контроль дебиторской задолженности; - командировки в регионы; - участие в тренингах и специализированных технических семинарах; - управление командой торговых представителей: управление результатом, обучение, наставничество, работа с отклонениями. Требования: - высшее образование; - опыт личных активных продаж и переговоров на уровне первых лиц; - опыт работы руководителем и управление командой от 6-ти человек; - знание стандартных управленческих процедур; - знание техник продаж, умение работать с возражениями; - В2В продажи (желательно); - знание мерчандайзинга; - уверенный пользователь ПК (MS Excel, PowerPoint, 1C); - готовность к разъездной работе; - коммуникабельность, активность, настойчивость и желание работать и зарабатывать; - высокая самоорганизация, умение эффективно управлять своим временем; - активная жизненная позиция, позитивное отношение к себе и окружающим. Мы предлагаем: - Работу в крупнейшей региональной компании своего сегмента; - Обучение и развитие своих сотрудников; - Возможности для профессионального и карьерного роста; - Корпоративные мероприятия. - Высокий доход (оклад + премия при выполнении ключевых показателей эффективности). - Квартальная и годовая премия. - Возможность самому влиять на размер дохода, благодаря существующей в компании системе мотивации. - Компенсация ГСМ и корпоративная мобильная связь. - Обучение внутри компании. - Поддержка и адаптация новичков. - График работы: 5/2, с 8:30 до 17.30. - Оформление по ТК РФ."
Field Sales Representative with English and French,https://hh.ru/applicant/vacancy_response?vacancyId=46025680,2021-07-06T17:48:00+0300,False,,,,От 1 года до 3 лет,Полный день,,Netcracker Technology Corp.,Москва,"NetCracker is an industry leading provider for OSS/BSS/Virtualization products and solutions.   Position Summary: This role is responsible for introducing and selling Netcracker’s products and services within an assigned set of named accounts and/or territories. This position is needed to prospect for new business within designated territories and upgrade current opportunities within existing accounts. This position will also complete customer needs analysis and present Netcracker’s value proposition to these customers and prospects.   Major Duties &amp; Responsibilities: Prospecting for new business within assigned territory and upgrading current opportunities within existing accountsBuilding a robust pipeline of qualified opportunitiesCompleting customer needs analysesIdentifying pressure points for all accountsWorking collaboratively within a team selling environment and building strong customer relationshipsArticulating and presenting Netcracker’s value proposition to customers and prospects NEC and NC Synergy responsibilities: Develop and close business with NEC within defined territoryDomestic Synergy - Support account planning discussions on growing domestic synergy businessSupport account planning with NEC regions – APAC, LATAM with manager supervision including follow-ups, business development, training activities, coordinating with regional Synergy counterparts for account mapping etc.Events coordination with NEC – meetings generation for joint eventsDevelop and maintain key NEC relationships, interact with executives and managers to achieve long term objectives for both organizations.Design, plan and execute campaigns supporting channel strategy and revenue growth   Experience &amp; Requirements: Higher education Skills: Knowledge of Telecom Industry is a strong plusAbility to accurately forecast and report opportunitiesAbility to work autonomously and succeed with minimal supervisionDriven team player with strong work ethicExcelent written and verbal communication skillsStrong interpersonal skillsStrong planning and organizational skillsFluency in English and French. Experience: At least 2 years of sales experience and an understanding of fundamental sales methodologyTrack record of meeting and exceeding sales targets We offer: Opportunities for career development;Opportunities to make business trips (Europe, Canada, USA, Australia, etc);Professional growth in the international business environment;Medical insurance for employees;Friendly atmosphere, sports activities and corporate events;Salary will be discussed individually with the successful candidate.  "
Администратор,https://hh.ru/applicant/vacancy_response?vacancyId=45689355,2021-06-23T16:54:41+0300,False,20000,,RUR,От 3 до 6 лет,Сменный график,Грамотная речь;Тактичность;позитивное мышление;Коммуникабельность;вежливость;Оперативность;Ведение переговоров;Делопроизводство;Телефонные переговоры;Ориентация на результат;Прямые продажи;Навыки презентации;Документооборот;Административное управление;,ЧОУ ДО Детский клуб Семья,Краснодар,"В детский образовательный центр Family name Краснодара требуется Администратор - Управляющий центром, лицо организации. Это сотрудник, постоянно работающий с клиентами, преподавателями, управляющий всеми внутренними организационными процессами и занимающийся информационно-документационной работой. Нам нужен сотрудник:  - с опытом работы в аналогичной должности; - грамотной речью; - только (!!) с высшим образованием; - коммуникабельный; - организованный, умеющий работать в режиме многозадачности; - внимательный, оперативный, с позитивным мышлением; - имеющий навыки делового общения, опрятный внешний вид, навыки управления персоналом. Условия работы ·График работы: 3 дня в неделю: понедельник, среда, пятница с 09.00 до 20.00 ·Заработная плата от 20 000 р. + мотивация от продаж услуг центра (входящие клиенты, не &quot;холодные&quot; звонки); ·Работа на территории образовательного центра; ·Профессиональный коллектив со своими традициями и ценностями. Место работы: КРАСНОДАР, бульвар Клары Лучко, д. 4  "
Full Stack C# Developer,https://hh.ru/applicant/vacancy_response?vacancyId=39787457,2021-07-20T17:39:05+0300,False,,,,От 3 до 6 лет,Полный день,,Veeam Software,Санкт-Петербург,"We create software solutions for saving and restoring data. We write code for cutting edge technology. Our software helps banks, hospitals, airports, airways, hotels, manufacturers (Hard Rock Hotel and Casino, Gatwick Airport, Telefonica Germany, Telecom Italia, Porsche Informatik, Jumeirah Group, L’Oréal Denmark, Volvo Car BeLux, to name a few) to protect and manage their data. We are 3,700+ employees, 355,000+ customers, 30+ offices around the world. Also, we are fun times, challenging tasks, friendly atmosphere — approximately 365 days a year. JOIN VEEAM TEAM! The Veeam® team invites you to work together in a modern and friendly environment on Veeam’s products in Saint-Petersburg, Russia. Veeam creates software products to solve complicated tasks in the areas of data protection and management.   We work with Azure/Office 365, Amazon and Google public clouds; Active Directory, Exchange, SharePoint, SQL, Oracle PostgreSQL servers, and databases; VMware vSphere, Microsoft Hyper-V virtualization platforms; Windows and Linux operating systems; and many other technologies forming the core of the modern IT-world. A Full Stack Developer will strengthen one of the teams responsible for products for data backup and restore in virtual, physical, and cloud environments. TECHNOLOGIES WE WORK WITH:  C# 8.x (and C++, C++\CLI, JS, ReactJS, REST, PowerShell) Visual Studio 2019, Visual Studio Code, Rider Microsoft TFS, GitLab, Jenkins, TeamCity Azure, Office 365, Amazon, Google Exchange, SharePoint, Active Directory, SQL, Oracle, PostgreSQL Windows/Linux  YOU WILL BE:  Developing and supporting one or several Veeam products Communicating with other participants of the product development process Participating in planning and creating the features for your products Training and development of new team members  WE ARE LOOKING FOR:  Good knowledge of C# language A deep understanding of the Windows platform (.NET, Win API), data structures and algorithms Advanced knowledge of Windows or Linux operating systems Knowledge of English, enough to communicate with international team Open and flexible mind, common sense, clear logic, analytical skills, ability to work in a team  IT WOULD BE A PLUS IF YOU HAVE:  Experience in the development for public clouds Microsoft Azure, Office 365 Experience in the development for Microsoft Exchange, SharePoint, Active Directory, SQL Server; Oracle; PostgreSQL Experience in a commercial development of products for the mass market  WE OFFER:  Modern, energetic multinational working environment Salary ranges depending on skills and expertise; Additional quarterly bonuses to top performers Opportunities for professional growth and promotion; for diligent employees the opportunity to be certified -- VMCE (Veeam Certified Engineer) Comprehensive training and mentoring system that includes in addition to the training for Veeam products a number of lectures on related areas (virtualization, networking, etc.) - paid as work Access to the internal lab resources based on Vmware vSphere &amp; Microsoft Hyper-V right from the start date Flexible working schedule Regular assessment and salary/positions review (at least once a year) Employment according to the Labor Code of the Russian Federation, “white” salary, 28 days paid annual leave + additional time off depending on the work results (up to 12 paid days off per year) An extended medical insurance policy A partial compensation of costs on fitness Free English classes in the office Ability to become part of Veeam football and volleyball teams Corporate events Relocation package for candidates (one-way ticket compensation, relocation allowance equivalent to one month basic salary) "
Regional Director of Business Development (CIS & Asia) - Директор по развитию продаж (СНГ и Азия),https://hh.ru/applicant/vacancy_response?vacancyId=45834489,2021-06-29T19:12:23+0300,False,,,,От 3 до 6 лет,Полный день,Negotiation skills;Presentation skills;Business Development;Leadership Skills;,Айдилс,Москва,"iDeals, a fast-growing B2B SaaS company, is looking for a Regional Director of Business Development. Our company is recognized as the highest-rated and customer-centric in a secure business collaboration market. Since 2008, iDeals has won the trust of over 90,000 companies and 500,000 business users all over the world. We have supported thousands of customers to run high-value and mission-critical projects, from the cross-border sales of multi-billion-dollar assets to the development of revolutionary biotech products. Now we&#39;re looking for a Russia-based Regional Director of Business Development to drive sales and lead to significant growth in the up-market segments within CIS and Asia for two of our products, BoardMaps and Virtual Data Rooms. In this role, you will lead teams of results-oriented quota-carrying field sales professionals and shape the company’s sales development strategy to the market demand to reach triple-digit growth in the assigned regions.   WHAT YOU WILL BE DOING:  Leading the execution of sales strategy on the assigned territories and ensuring quota achievement by the team Hiring, managing and coaching B2B field sales team Conducting regular pipeline reviews with the members of the team and supervising their performance vs KPIs Coordinating cross-functional cooperation of sales team with other business functions Participating in strategically important client negotiations and meetings Providing regular reports and feedback from the field to HQ This role assumes regular business travel when travel restrictions permit    WHAT YOU SHOULD HAVE:  5+ years of direct enterprise-level sales experience at the Russian market as a consistent top performer Proven use of consultative selling methodology to achieve superior results Experience selling services to C-level executives, decision-makers, and end-users Experience in conducting cold calls Experience leading 5+ people teams engaged in enterprise-level sales Strong leadership skills with the ability to effectively manage, coach, and develop others Passion to rapidly building expertise in a new region and/or industry verticals Strong relationship management skills, including the ability to influence stakeholders Excellent negotiation and influencing skills High autonomy in achieving business objectives Fluency in English (C1-C2), knowledge of the additional language would be an advantage    WHAT WE OFFER:  iDeals Wellness Package: for medical insurance and health-related activities Mental Health Support Package Paid vacation days (in accordance with the local legislation), sick days, days off, and paid national holidays Paid paternity leave of up to 4 weeks Paid pregnancy disability leave of up to 5 months Paid sabbatical leave Unlimited learning and development opportunities Professional and self-development books and subscription services compensation Sponsorship of participation in inspiration events, conferences, meetups Company’s support if you decide to become a speaker or writer Reimbursement of participation in sports competitions International team-building activities Support with the organization of a workplace at home Provided budget for home-office setup Reimbursement of a coworking space expenses Internal growth policies Regular performance and salary reviews Generous internal referral program iDeals Suprise Boxes from the People Experience Excellence, Care, Trust, Collaboration, and Commitment are core values to the iDeals team    Commitment to excellence has made iDeals the choice of big names, as well as ambitious startups. The growth goes on: the team is getting stronger; our client base and revenues are increasing year on year.   With us, you will grow professionally by doing work you can be proud of, receive top-market compensation, and collaborate with a motivated and diverse team.   iDeals is made up of people from a wide variety of backgrounds and lifestyles. We embrace diversity and invite applications from people from all walks of life. We don’t discriminate against employees or applicants based on gender identity or expression, sexual orientation, race, religion, age, national origin, citizenship.  "
Преподаватель по математике,https://hh.ru/applicant/vacancy_response?vacancyId=44849061,2021-06-23T23:03:37+0300,False,32000,40000,RUR,От 3 до 6 лет,Гибкий график,Преподаватель;математика;,ЧОУ ДО Детский клуб Семья,Краснодар,"В связи с расширением детский образовательный центр Family name ищет сотрудника на должность Преподавателя по математике (школьная программа, подготовка к ОГЭ, ЕГЭ). Обязанности:  Преподавать математику (физику) (для детей 5-8 классов – школьную программу, для старшеклассников – подготовку к ОГЭ, ЕГЭ); Проводить диагностику знаний по предмету, работать с детьми с различным уровнем подготовки; Общение с родителями, умение донести информацию об ученике; Работать в команде, выдерживать сроки подготовки детей к экзаменам; Вести ведомость присутствия детей на занятиях; Мотивировать детей на изучение предмета; Совершенствовать свои навыки, следить за изменениями в учебниках школьной программы и ОГЭ/ЕГЭ.  Требования:  Опыт работы со школьниками (приветствуется наличие копий сертификатов учеников, сдававших ОГЭ/ЕГЭ), опыт работы в муниципальной школе; Умение мотивировать, искать и внедрять лучшие методики преподавания; Высшее образование; Работать в команде, выдерживать сроки подготовки детей к экзаменам; Любить свое Дело и постоянно развиваться самостоятельно.  Условия работы  Гибкий график работы: 5 дней в неделю, выходные: суббота и воскресенье; Заработная плата от 32 000р; Работа на территории центра; Душевные совещания, дружный отзывчивый коллектив со своими традициями и ценностями.  Место работы: Краснодар, ЮМР, бульвар Клары Лучко, д. 4    "
Специалист по работе с клиентами,https://hh.ru/applicant/vacancy_response?vacancyId=46344283,2021-07-19T14:18:31+0300,False,30000,45000,RUR,От 1 года до 3 лет,Полный день,,JCat.ru,Ижевск,"Вакансия компании: Сеть коворкингов NAMESNAMES - это сеть коворкингов, созданных для профессионального развития своих резидентов, где они работают, живут, общаются, учатся в среде, которая поддерживает и помогает.Обязанности:-Проводить экскурсии по коворкингу-Продавать лучшее пространство города-Общаться с гостями коворкинга-Заключать сделки-Доводить до целевого действия-Заполнять документы, отчетыТребования к квалификации:-Есть опыт работы в продажах-Не боишься новых знакомств-Умеешь и любишь общаться с людьми-Открытый, активный и уверенный в себе человек- Хочешь развиваться в крупной КомпанииОбразование: не имеет значенияУсловия работы:От нас:-Работа в центре Екатеринбурга с панорамным видом на город-Заработная плата с дальнейшим ростом-Профессиональный и карьерный рост-Возможность участия в создании самого крупного сообщества сети коворкингов в РФ-Бесплатные завтраки и кофе"
Ассистент руководителя,https://hh.ru/applicant/vacancy_response?vacancyId=45801014,2021-06-29T05:18:57+0300,True,30000,70000,RUR,От 1 года до 3 лет,Полный день,Административная поддержка руководителя;Высокая скорость печати;Делопроизводство;Документооборот;Закупка товаров и услуг;,Иванова Алина Ринатовна,Ижевск,"Владелец интернет-магазина материалов для гравировки - chempion24.ru в поиске бизнес-ассистента. Мы ищем кандидата с амбициями и профессиональными навыками, готового через год стать руководителем интернет-магазина! Интернет-магазин существует с 2016 года, уверенно обгоняет конкурентов и наша цель: стать №1 на рынке Для начала о руководителе: Павел, 34 года, семьянин. Ведёт здоровый образ жизни. Владеет несколькими бизнесами. Какие задачи предстоит решать?- Ежедневная организация и проведение планёрок (zoom)- Контролировать выполнение задач сотрудниками после планерки (склад, менеджеры, маркетинг)- Помогать руководителю в найме персонала, подрядчиков- Контролировать качество работы менеджеров по продажам, прослушивать звонки- Формировать инструкции и регламенты, описывать бизнес-процессы- Поиск системных ошибок в бизнесе и их устранение- Составление и ведение таблиц и отчетов- Организовывать доставку чего-либо куда угодно- Вести переписку с Китаем (подтверждение заказов от поставщиков на английском языке)- Взаимодействие с бухгалтерией на удалёнке- Вести учет доходов и расходов компании Что мы хотим видеть от кандидата:- Уверенное владение Битрикс24, 1С, zoom. Желательно знание Corel, Photoshop, телеграм- Владение английским языком для ведения переписки- Навык систематизации информации- Желание обучаться и профессионально расти- Навыки управление командой Условия труда:- трудовой договор с испытательным сроком- место работы: г. Ижекск, коворкинг Names, ул.Максима Горького, 88. Склад так же находится в Ижевске- График работы: первые два месяца 6/1, далее 5/2. В первые 2 месяца вам предстоит освоить большой пласт информации, обучиться как управлять интернет-магазиномВ 8:00 планерка, рабочий день до 18:00, далее до 20:00 оставаться на связи в телеграм Что ты получишь:- Доступ к контенту и обучению программы Аяза Шабутдинова стоимостью 1,5 млн.руб. Мы действительно хотим вырастить из вас профессионала!- Уровень оплаты на первые 2 месяца ~30000 (оговариваем по результатам собеседования), далее обсуждаем повышение оклада и размер kpi, чтобы суммарно вы могли зарабатывать до 70000. Через год вашу мотивацию готовы привязать к прибыли компании.    "
International Advertising Sales Executive,https://hh.ru/applicant/vacancy_response?vacancyId=45738189,2021-06-25T11:05:04+0300,False,100317,200000,RUR,Нет опыта,Удаленная работа,Sales Planning;Leadership Skills;Business Development;Team management;Teamplayer;Good Communicator;Project management;Negotiation skills;Sales Skills;,ENF,Санкт-Петербург,"This is a permanent work-from-home position. ENF Trade Platform We have two industrial sites, www.enfsolar.com and www.enfrecycling.com - focusing on the solar industry and recycling industry. The sites are a database of all the companies and products in the solar and recycling industry that allows users to find suppliers and customers. We started the company 16 years ago with our solar site, and for the past 15 years, it has been the most popular in the world (now with 3 million business users each year). The Job We need people that can promote advertising packages on our platform and company databases to manufacturers around the world. An example of what you will be selling, as presented by our founder and CEO, is as follows: https://www.youtube.com/watch?v=HhbnJXG7Ejw This means calling companies up to discuss the different ways we can help their business, making Zoom presentations to interested people, and following up through emails and calls. These are B2B sales, so it involves having real conversations with customers to understand their business needs and then presenting the right products that will help their business - it&#39;s not some B2C calls where you just read out a simple script. For this reason, we need smart and professional people. When we interview you the most important aspect will be the sales roleplays we will do during the Zoom call - we want to see how well you can sell and how well you can think on your feet during the sales roleplay. In the job itself, you will work from home, so you need a good internet connection and a computer with a webcam. You will be quite independent in your daily work but will have weekly Zoom team meetings with your sales colleagues around the world, and you will have regular email contact with ENF research staff and management staff. You need to have a lot of self-drive - it&#39;s a sales job after all. You also need to work out the sales strategies that work best. Of course, you&#39;ll have some training, and you will also have hours of recordings from your sales colleague&#39;s calls and customer presentations that you can listen to and watch to get some good ideas from. But in this job you need to be good by yourself, not just wait to be told every detail. The job is international, we aren&#39;t hiring you just to sell to your own country. This means you&#39;ll be selling to companies in Europe, Asia, North America, South America, Middle East, and Africa. Again we need smart people that can rise to the challenge - because selling to a German company needs a completely different style compared to selling to an American company or a Japanese company. This also means you&#39;ll need to work at different times of the day when you are selling to different parts of the world. You won&#39;t need to work at the worst times like 1am to 5am (known as the graveyard shift) - but you&#39;ll often need to work late or start early to catch certain countries. It&#39;s still 8 hours per day and 5 days per week - so work late doesn&#39;t mean you have to work extra hours. Salary There is a base salary of around $1390 (100,317 Rubles) each month. On top of this is 5% commission on sales you make. Most advertising packages are around a few thousand dollars. However, don&#39;t expect to double your base salary that quickly, not unless you are some kind of sales genius. B2B sales take time to build up and you probably won&#39;t make any sales in the first one or two months. Over time though the commission can build up to a high level - each customer you make gets locked to you, so a year later when they need to pay several thousand dollars to subscribe again for another year you still get 5% commission on that. So keep your customers happy and you end up with more commission income every year. We only have offices in UK and China - which means you will need to sort out your own taxes. Requirements - Fluent English. We mean fluent - you&#39;ll need to be presenting to business people around the world. - Sales background. B2B experience is best of course. Mostly though we want people that have experience in making a lot of calls. The reason is that people with experience know that they are happy making calls all day. Those without such experience are a big risk - a lot of people who make 5 calls in a row and get told &quot;No&quot; 5 times in a row will get depressed and feel like giving up, then they will work slowly because being refused all the time is hard. True salespeople will just keep going - they don&#39;t care how many people tell them no as long as they book some meetings and have some good conversations in the day. Applying for the Job Our recruiter&#39;s name is Kiko. You can apply for the job and he will see your CV and will arrange interviews with those that he thinks stand out.The final decision maker is Kit, the company CEO. So - how will you get this job? If you think clicking the Apply button is enough then go ahead, good luck!"
Ведущий специалист по информационной безопасности в отдел интеграции,https://hh.ru/applicant/vacancy_response?vacancyId=44185180,2021-07-21T11:58:06+0300,False,50000,,RUR,Нет опыта,Полный день,Информационная безопасность;Linux;TCP/IP;Технические средства информационной защиты;Внедрение систем информационной безопасности;SSH;Сетевые технологии;Администрирование серверов Windows;Настройка ПО;,Группа Компаний Астрал,Калуга,"АО «Калуга Астрал» — одна из крупнейших IT-компаний в России (входим в ТОП-100), на рынке с 1993 года. Основное направление — разработка программного обеспечения. Более 850 сотрудников в головном офисе в Калуге. Официальные представительства в Москве, Санкт-Петербурге, Екатеринбурге, Воронеже, Саратове, Уфе, Омске, Новосибирске, Краснодаре, Волгограде. Обязанности:  Администрирование и сопровождение mail и web-шлюзов, web application firewall, систем обнаружения/предотвращения вторжений (IDS/IPS). Участие в разработке сетевых схем, стандартов конфигурирования сетевого оборудования. Периодический пересмотр правил межсетевого экранирования. Планирование, проектирование, оптимизация, внедрение защитных мер, устранение неполадок в системе безопасности сети. Настройка и тестирование решений ИБ. Взаимодействие со специалистами вендоров и заказчиков по постановке и решению технических задач, контроль сроков, управление инцидентами. Техническая и консультационная поддержка, выявление потребностей учреждений в части обеспечения СЗИ, проработка и внедрение решений в разрезе ИБ. Администрирование &quot;отечественных&quot; ОС: Red OS, BaseAlt и пр. знание и опыт установки/настройки/поддержки Windows Server и службы Active Directory. (опыт миграции Active Directory в организациях является преимуществом); Опыт работы с одним или несколькими продуктами виртуализации производителей VMware, Microsoft, Red Hat или др. Соблюдение сроков исполнения задач по SLA.  Требования:  знания и практический опыт в области СЗИ: FW, IPS, SIEM, DLP, IDM, AV. Приветствуется знания и опыт настройки в том числе от следующих вендоров : CheckPoint, Positive Technologies, InfoWatch, Касперский, Код Безопасности, ИнфоТекс; знание правовых и нормативных документов: ФЗ 149; ФЗ 152. Приказы ФСТЭК 17, 21; ГОСТ Р 50922; ГОСТы 34 серии опыт работы с нормативно-правовыми актами и организационно-распорядительными документами по технической защите информации.  Будет плюсом:  Понимание основных задач управления инцидентами и запросами на обслуживание; Опыт реализации комплексных проектов по обеспечению ИБ; Понимание базовых сетевых технологий (OSI layers, pf/iptables, routing, filtering, NAT, IPv6, VPN, DNS); Умение настраивать маршрутизацию и фильтрацию трафика, VPN, проброс портов, создавать SSH-тоннели; Опыт настройки распространённого серверного ПО: apache, mysql, postfix, dovecot, samba, named, OpenVPN и т. п.  Преимущества работы в компании:  Прозрачная система мотивации и грейдов в компании; Повышение квалификации и обучение за счет компании, посещение профильных конференций; Трудоустройство по ТК РФ, ДМС; Барная стойка в офисе; Возможность побывать во всех уголках России. "
Senior Technical Event Manager,https://hh.ru/applicant/vacancy_response?vacancyId=45789325,2021-06-28T15:12:40+0300,False,,,,От 3 до 6 лет,Удаленная работа,Английский язык;Event Management;,GridGain Systems,Москва,"We are the company that developed and continues to refine and improve the Apache Ignite distributed database and the entire suite of GridGain products. In 2020, we received multiple business and technology awards. For example, we were named in Silicon Valley Business Journal’s Fastest Growing Private Companies, Deloitte Technology Fast 500, and Inc. 5000. Developers worldwide choose Apache Ignite and GridGain for their projects in fields such as banking, fintech, ecommerce, IoT, and biotech. You are going to lead the global Ignite community events and GridGain corporate events. Apache Ignite is one of the most active communities in the Apache Software Foundation, with 500,000 downloads per month. Our events calendar includes global Virtual Meetup, online developer training, offline local groups, and Ignite Summit — a one-day international community conference. In addition, our speakers present at IT events all over the world. We expect you to support existing events and introduce our audience to new event formats. Location:St. Petersburg, Moscow, or remote Essential Job Duties and Responsibilities   Drive and deliver the Ignite Summit   Plan, coordinate, and control the GridGain and Apache Ignite communities’ online and offline events (trainings, meetups, community gatherings, Ignite Summit, and so on)   Plan, coordinate, and manage GridGain speakers’ presentations at external conferences and meetups (update event schedules, help with abstracts and profiles, and coordinate promotions)   Work with contractors (venues, catering, recording, online platforms, designers, and so on)   Create swag for events and raffles and control logistics   Plan and control budget and event reporting   Skills and Requirements   Advanced English   Three to five years of experience in event marketing in the IT field   Curiosity about and interest in tech; ability to engage with a highly technical audience   Ability to organize and manage multiple projects     Perks   Competitive salary   Excellent benefits package, including medical insurance that includes dental coverage and gym membership reimbursement   Stock options   Remote or onsite work (onsite in the &quot;A&quot; class business center in the center of St. Petersburg)   About GridGain GridGain company is revolutionizing real-time data access and processing by offering an in-memory computing platform that is powered by the Apache® Ignite® distributed database. Common use cases for the GridGain platform include application acceleration and the use of digital integration hubs for real-time data access across data sources and applications. GridGain solutions are used by many types of global enterprises, such as financial services, software, ecommerce, retail, online business services, health care, telecom, and transportation. GridGain’s client list includes Microsoft, IBM, ING, CITI, American Express, Finastra, UPS, Hewlett Packard Enterprise, American Airlines, United Healthcare. GridGain delivers unprecedented speed, massive scalability, and real-time data access for both legacy and greenfield applications. Deployed on a distributed cluster of commodity servers, GridGain software can reside between the application and data layers (RDBMS, NoSQL, and Apache® Hadoop®), thus requiring no rip-and-replace of existing databases; or GridGain software can be deployed as a distributed database for high performance computing with in-memory speed. For more information, visit gridgain.com."
Бариста-кассир,https://hh.ru/applicant/vacancy_response?vacancyId=45622516,2021-06-21T23:05:21+0300,False,35000,50000,RUR,От 1 года до 3 лет,Полный день,Работа в команде;Грамотная речь;оформление заказов;Доброжелательность;Опрятность;,No name coffee,Железнодорожный,"Обязанности:  Готовить вкусный кофе быть приветливым к гостям Принимать заказы и рассчитывать гостей поддерживать чистоту  Требования:  Опрятность Приветливость  Условия:  Зарплата без задержек; Бесплатная форма; Сменный график 4/3 и 5/2 с плавающими выходными. Смены утренние, вечерние по 8-12 часов; "
Project Coordinator / Project Manager Assistant,https://hh.ru/applicant/vacancy_response?vacancyId=44329023,2021-07-16T16:51:47+0300,False,,80000,RUR,Нет опыта,Полный день,,CBRE,Москва,"CBRE Group, Inc. is the world’s largest commercial real estate services and investment firm, with 2020 revenues of $23.8 billion and more than 100,000 employees (excluding affiliate offices). CBRE has been included on the Fortune 500 since 2008, ranking #128 in 2020. It also has been voted the industry’s top brand by the Lipsey Company for 20 consecutive years, and has been named one of Fortune’s “Most Admired Companies” for nine years in a row, including being ranked number one in the real estate sector in 2021, for the third consecutive year. Its shares trade on the New York Stock Exchange under the symbol “CBRE.” CBRE offers a broad range of integrated services, including facilities, transaction and project management; property management; investment management; appraisal and valuation; property leasing; strategic consulting; property sales; mortgage services and development services.   Responsibilities:  support the Project Manager during projects business communication mails/conference calls/emails preparation project progress reports internal/external  review of the cost estimates from the vendors (general contractor, designer, furniture supplier, etc.)   participation in the conference calls and meetings with all the project participants (Client, designed, general contractor, etc.), including the meetings fully in English   project documents management   projects budget management  fit-out monitoring and control projects timeline management fit-out Department development  Requirements:  higher education (Industrial and civil construction) fluent spoken and written English confident PC (MS Project, AutoCAD) analytical, communication, organizational, prioritizing &amp; planning skills client and result oriented teamwork player, self organized  Conditions:  Great career opportunities in world largest multinational professional consulting firm in commercial real estate; Professional growth in interesting big projects; Friendly environment; Competitive salary; Medical insurance; In-house doctor – on weekly basis; Comfortable office in Moscow International Business Center &quot;Moscow City&quot; "
Guest Service Representative - Fixed Term Contract,https://hh.ru/applicant/vacancy_response?vacancyId=45798497,2021-06-28T19:23:57+0300,False,38166,59857,RUR,Нет опыта,Полный день,Business English;MS PowerPoint;MS Access;Customer Service;bachelors degree;,Boeing,Москва,"At Boeing, we innovate and collaborate to make the world a better place. From the seabed to outer space, you can contribute to work that matters with a company where diversity, equity and inclusion are shared values. We’re committed to fostering an environment for every teammate that’s welcoming, respectful and inclusive, with great opportunity for professional growth. Find your future with us. Boeing Talent Acquisition is currently looking for a Guest Service Representative to join the team in Skolkovo, Moscow, Russia. Position Responsibilities:   Assists less experienced personnel   Checks picture identification, maintains record of visitor, notifies Boeing point of contact   Verifies through the Enterprise Plant Security System (EPSS) visitor name, social security number and level of clearance   Contacts appropriate Boeing department as necessary   Completes task with minimal supervision   Uses Enterprise Plant Security System to validate clearance level and assists less experienced personnel in issuing appropriate badge in accordance with visit   Answers telephone call with Boeing standard greeting   Understands policy and filter/transfer solicitation calls, and transfers calls to appropriate or requested individuals   Understanding of policies, procedures and process to ensure compliance with Government and company requirements regarding controlled and prohibited items entering and leaving Boeing facilities   Monitors and checks for approval of controlled items requiring prior coordination of permits. Contacts appropriate department if necessary   Provides assistance in maintaining awareness of all activity in Lobby and perimeter. Prohibits loitering, around lobby and front door. Reports any suspicious activity to security department   Ensures persons on company property are properly identified and authorized to access property   Thorough understanding of company nondisclosure policies as it pertains to third party inquiries   Directs vendors, delivery of commercial express packages, provides general location and policy information, and answers questions in accordance with Boeing policies   Assists less experienced personnel in the interpretation of written lobby policies and procedures to ensure compliance with Government and company requirements   With minimum supervision, coordinates and prepares travel arrangements for business travel   Prepares and submits expense reports   Employer will not sponsor applicants for employment visa status. Basic qualifications (Required skills/experience):   Existing rights to work in Russia   Preferred Qualifications (Desired Skills/Experience):   Bachelor’s/Master’s degree or current last-year student of Bachelor/Master program   Fluency in English and Russian   Proficient in MS Office programs (Outlook, MS Excel in particular)   Proven experience with administrative daily support, travel support   Self-motivated, friendly and with good communicative and interpersonal skills; attention to details and problem-solving skills   Accuracy   Availability to work overtime   Relocation: This position does not offer relocation. Candidates must live in the immediate area or relocate at their own expense. Experience LevelIndividual ContributorContingent Upon Program AwardNo, this position is not contingent upon program awardScheduleFull timeBoeing is an Equal Opportunity Employer. Employment decisions are made without regard to race, color, religion, national origin, gender, sexual orientation, gender identity, age, physical or mental disability, genetic factors, military/veteran status or other characteristics protected by law."
Администратор Linux,https://hh.ru/applicant/vacancy_response?vacancyId=44094685,2021-06-22T16:27:11+0300,False,,,,От 3 до 6 лет,Удаленная работа,Linux;Postfix;Dovecot;Apache;Nginx;Squid;Samba;Bind/named;,Холдинг «Аэропорты Регионов»,Екатеринбург,"«Аэропорты Регионов» - ведущий аэропортовый холдинг России, стратегическим инвестором которого является Группа компаний &quot;Ренова&quot; В настоящий момент в холдинг входят семь аэропортов:  Международный аэропорт &quot;Кольцово&quot;, г. Екатеринбург, Международный аэропорт &quot;Курумоч&quot;, г. Самара, Международный аэропорт &quot;Платов&quot;, г. Ростов-на-Дону, Международный аэропорт &quot;Стригино&quot;, г. Нижний Новгород, Международный аэропорт &quot;Гагарин&quot;, г. Саратов, Международный аэропорт Петропавловск-Камчатский (Елизово), г. Петропавловск-Камчатский, Аэропорт &quot;Новый Уренгой&quot;, г. Новый Уренгой  В настоящее время в ИТ-Центре Холдинга в г. Екатеринбург открыта вакансия Администратора Linux Обязанности:  Обслуживание виртуальных машин и физических серверов под управлением ОС CentOS, Debian Развертывание, обслуживание сервисов на базе Postfix, Dovecot, Apache, Nginx, Squid, Bind/named, Samba Создание и поддержание в актуальном состоянии скриптов на bash, perl/python Взаимодействие с разработчиками по вопросам компиляции, организации единого подхода к размещению компонентов и конфигураций приложений Организация и поддержка процесса резервного копирования Linux окружений  Требования:  Знание операционных систем Linux на базе RHEL, Debian Опыт работы с базовыми ролями Windows Server (умение интегрироваться с Windows-based системами) Опыт работы с Postfix, Dovecot, Apache, Nginx, Squid, Bind/named, Samba Навыки траблшутинга неочевидных проблем на уровне приложений, операционных систем Умение использовать свои скрипты в интеграциях между сервисами, в регулярном обслуживании систем, в генерации отчетности, в сборе данных для мониторинга, а также умение разобраться в чужих скриптах и конфигурациях. Опыт разработки технической документации на внедряемые и эксплуатируемые системы  Будет преимуществом:  Творческий подход к нестандартным задачам (речь о решении задач, у которых на момент постановки не существует готовых решений или единственно верных решений) Базовые знания по диагностике неисправностей сетей передачи данных (в случае проблем на стыке технологий – возможность исключить неисправность в сети на вверенных объектах) Базовые знания по системам виртуализации (KVM, VMware), системам контейнеризации (Docker) Опыт использования Ansible Знание основ систем хранения данных и сетей хранения данных, технологий MPIO и LVM Опыт работы с OpenVPN Знания и опыт работы с PostgreSQL, MySQL Сертификаты (RedHat, PostgreSQL) Опыт работы в команде разработки / опыт тесного взаимодействия с разработчиками  Мы предлагаем:  Условия работы: бессрочный трудовой договор, офис с видом на воздушную гавань лучшего регионального аэропорта, график 5/2, отсутствие строгого дресс-кода, парковка для автомобиля; рассматриваем вариант удаленной работы для соискателей из других городов Уровень заработной платы, который зависит от ваших технических знаний и навыков, состоит из оклада и ежемесячного премирования Заботу о здоровье: корпоративную программу ДМС Знания: профессиональные программы обучения Корпоративные мероприятия: Новый год, командные выезды, участие в интеллектуальных играх. Еще новогодние подарки для ваших детей "
Business Excellence Specialist,https://hh.ru/applicant/vacancy_response?vacancyId=46307940,2021-07-16T17:34:42+0300,False,,,,От 3 до 6 лет,Полный день,Английский язык;Project management;MS PowerPoint;Business English;Time management;,Производственная компания Такеда,Ярославль,"Are you looking for a patient-focused company that will inspire you and support your career? If so, be empowered to take charge of your future at Takeda. Join us as a Business Excellence Specialist in our Yaroslavl Takeda site.Here, everyone matters, and you will be a vital contributor to our inspiring, bold mission. Functions:Analysis of production and financial efficiency of the enterprise;Coordination of project teams and initiatives aimed at reducing costs, increasing efficiency and/or safety. Responsibilities:1. Develop and participate in the implementation of initiatives aimed at reducing costs, improving efficiency and/or workplace safety, namely:- Collect, systematize and analyze information related to production efficiency (within the framework of the company&#39;s projects);- Organize regular collection of production personnel initiatives to reduce costs, improve efficiency and/or safety through idea box, production personnel meetings (kaizen teams), individual interviews, etc;- Conduct a periodic comparative analysis of the company&#39;s performance (the basis for comparison is the performance of other companies in the company and/or other companies in the industry);- Organize the implementation of improvement initiatives, draw up implementation plans, coordinate the timing and stages of the implementation of initiatives.- Coordinate or calculate the economic effect of the implementation of measures implemented under the projects.2. Monitor the achievement of overall performance improvement targets set for the heads of production and auxiliary functions of the Enterprise.3. Form project teams and assign roles to team members.4. Ensure periodic preparation and timely provision of analytical materials on the progress of implementation of developed techniques, projects and tools to improve efficiency.5. Evaluate the status and activities of departments to implement efficiency improvement tools, lean production tools and control their implementation.6. Coordinate the training of personnel in new business efficiency techniques and lean production tools as well as maintain compliance with safe working conditions, prevention of occupational injuries and diseases in accordance with the requirements of legislation, work and rest regimes. Education and Experience:Higher technical, IT or economical education;2 years of work experience in the field of implementation of business efficiency projects;Knowledge of practices and policies to improve production efficiency and/or workplace safety in similar enterprises;Knowledge of the nature of interaction between departments in the work process;Knowledge of English at the Upper-Intermediate level;Personal agility; Skills you need:High degree of Ethics;Excellent organizational, project management, communication (written and verbal) skills;Leadership (guides and influences others toward the accomplishment of a goal);Proactivity, ability to work individually and as part of a complex project team;Business Acumen (concepts and practices and applies them across all situations);Strong Interpersonal Skills (effectively interacts with diverse cross section of people at all levels of the organization including executive leadership);Good Analytical Skills;Strong Negotiation Skills;Knowledge of Microsoft Office: Excel (must have), Word, Power Point at proficiency level."
3D Art Generalist,https://hh.ru/applicant/vacancy_response?vacancyId=45788177,2021-06-28T14:47:11+0300,False,,,,От 3 до 6 лет,Удаленная работа,Unity;Adobe After Effect;Работа в команде;Креативность;Разработка концепции;,Хайпмастерс,Москва,"Миссия Hypemasters - создавать легендарные игры, задающие тренды в своих жанрах. Мы хотим, чтобы в наши игры играли годами игроки по всему миру.Мы работаем над классической RTS в сеттинге WW2 на мобильные устройства. И нам нужен человек, который умеет делать реалистичные анимации персонажей, работает с освещением в Unity, а также имеет знания пайплайнов производства графики. Команда сейчас состоит из 24-х человек и строится по принципу меритократии идей - в игру можно привнести много идей и предложений. Мы ценим опыт, но еще больше мы ценим про-активность и вовлеченность. У тебя будет много ответственности и свободы творчества. У нас нет бюрократии и лишних процессов - вся команда нацелена на результат и мы ищем схожих по духу людей. Нам не важно в каком ты городе или стране - работать можно как из офиса в СПБ, так и удаленно. Главное для нас - это любовь к своему делу и желание делать лучшее, что есть в мире. Это то, что нас объединяет. Задачи:  Создание и интеграция анимаций в проект Создание и интеграция в проект VFX Настройка освещения и материалов в игре Модификация и реализация новых шейдеров Работа с 2D и 3D контентом Оптимизация для мобильных устройств  Требования:   Опыт в gamedev индустрии от 3 лет Анимация (риггинг, скиннинг, позы) VFX Знание Unity Знание основных пайплайнов производства графики Большим плюсом будет знание шэйдера (URP, ShaderGr) Активное участие в решении проблем возникающих в ходе проекта Хороший художественный вкус и большое желание создавать красивые игры  Мы предлагаем:  Работу над легендарными играми в международной компании Трудоустройство по ТК РФ, белую зарплату Работу с топовыми специалистами игрового рынка (ex-CM, WG, Nekki, Playrix, Sperasoft, FB - you name it! У нас работают лучшие из лучших) Меритократия идей - все идеи оцениваются исключительно с точки зрения соответствия ценностям и целям проекта; в игровой команде все равны Культура роста - тебя ждут амбициозные цели и культура, которая постоянно провоцирует рост Новый офис в Петроградском районе (технопарк Ленполиграфмаш) Возможность работать удаленно ( ты всегда можешь выбрать удобный для себя формат работы)     "
"Web-программист / Full Stack разработчик, удаленно",https://hh.ru/applicant/vacancy_response?vacancyId=45898437,2021-07-01T15:06:50+0300,False,70000,150000,RUR,От 3 до 6 лет,Удаленная работа,jQuery;JavaScript;CSS3;HTML5;1С-Битрикс;MySQL;PHP5;CMS Wordpress;Ajax;HTML;Кроссбраузерная верстка;Грамотность;Joomla CMS;phpMyAdmin;Многозадачность;Java;,Жарков Василий Владимирович,Санкт-Петербург,"Мы ищем специалиста удаленно  Мы ищем специалиста, который умеет интегрировать сайт с основными системами администрирования, такими как: 1С-Bitrix, Joomla, WordPress и др. , работать в режиме многозадачности. Обязанности:   Интеграция верстка с CMS  Поддержка и доработка уже существующих сайтов (добавить страницу, передвинуть меню и т.п.); Установка/перенос сайтов на хостинг; Редактирование чужого кода, замена картинок, текста; Написание скриптов (попап, анимация, таймер, онлайн-тест и пр.);  Требования:  Хорошие навыки HTML5, CSS3, JavaScript, jQuery; CSS3 анимации, SASS, BEM (class names), Gulp (будет преимуществом); Знания: PHP5-7‚ MySQL‚ Ajax; Опыт в коммерческой верстке обязателен (опыт работы в студии будет преимуществом); Наличие опыта разработки и знание различных CMS (1С-Битрикс, Wordpress) ; Умение и желание работать в команде; Аккуратность (осмысленность) в работе.  Условия:  5-дневная рабочая неделя 10:00-19:00 (пт 18:00), обеденный перерыв. Оклад + премии за выполнение KPI Работа удаленно Возможность проходить необходимое дополнительное обучение за счет компании. Возможность профессионального развития в опытной и перспективной компании. Возможность участвовать в обучении, круглых столах и крупных семинарах от компании. Молодой, дружный коллектив. "
Senior Java Software Engineer (remote),https://hh.ru/applicant/vacancy_response?vacancyId=46308863,2021-07-16T18:14:55+0300,False,,,,От 3 до 6 лет,Удаленная работа,Java;SQL;Microservices;Git;Spring Framework;AWS;,IDT Technologies,Москва,"We&#39;re looking for a Senior Java Software Engineer.You will work in the team based in Minsk and USA which has advanced experience in VoIP and works on the one of our flagship product - Net2Phone. At this position you will:  Participate in the design and architecting of full stack transactional web enterprise systems that work on premise, AWS and GCP. Implement aforementioned design. Document the service architecture in order to support internal integrations for digital interfaces and business analytics. Write clean, DRY and modular code, providing proper documentation when necessary. Extend team tools and capabilities to support the ability to perform rapid prototyping.  We want you to have:  Minimum 4 years of experience with Java. Hands-on experience with large-scale products. Understanding of database technologies: No-SQL (MongoDB, DynamoDB) and relational (MySQL, PostgreSQL, etc). General knowledge about Apache Kafka or Apache Pulsar. Experience with Microservices programming pattern. Experience in writing technical design documents. Knowledge of asynchronous programming. Experience with SCRUM / Agile methodology. Willingness to learn and explore new technologies. Git: merge, rebase, cherry-pick should be fluent. Good English level – B1 or higher.  It would be a nice bonus:  Experience with cloud infrastructure (AWS, Google Cloud, Azure, Heroku, etc.). Experience in B2C or B2B telecommunications. A degree in computer science. Deep understanding of database technologies: No-SQL (MongoDB, DynamoDB) and relational (MySQL, PostgreSQL, etc). Deep understanding of how Apache Kafka or Pulsar work.  We offer you:  A really exciting and challenging job and talented people around. Competitive salary and growth opportunities. Good hardware. Modern office with free parking in the very center of Minsk. Remote work opportunity! 26 vacation days &amp; 5 fully covered sick days without sick leave required per year. Professional training, seminars, and conferences compensation. Superb corporate English lessons.  About us:IDT Technologies is a part of IDT Corporation – an American telecommunications company founded in 1990 and headquartered in Newark, New Jersey. Today it is an industry leader in prepaid communication and payment services and one of the world&#39;s largest international voice carriers. We are listed on the NYSE, employ over 1300 people across 20+ countries and have revenues in excess of $1.5 billion.Net2Phone is a rapidly growing global provider of unified cloud communications solutions. It was named ‘VoIP Supplier of the Year’ by the Telecom Consulting Group in 2018. TCG is one of the largest and experienced agencies in the US with over 3400 agents. Its cloud communication solution provides an integrated communications suite featuring powerful collaboration tools such as voice, messaging, chat, unlimited domestic and international calling to 23+ countries. Net2Phone’s commitment to TCG includes rapid quote turn-around, industry-leading SPIFFs, and evergreen residuals."
Pre-sales manager,https://hh.ru/applicant/vacancy_response?vacancyId=43297010,2021-06-29T09:04:05+0300,False,,,,Нет опыта,Гибкий график,Английский язык;B2B Marketing;CRM;,SIBERS,Новосибирск,"Мы открываем новую должность — Pre-sales manager. Наша компания занимается IT аутсорсингом — мы принимаем заказы на разработку программ и веб-приложений от иностранных заказчиков. Тебе предстоит работать в тесной сцепке с нашими Sales менеджерами и заниматься онлайн поиском потенциальных клиентов. Эта должность совмещает в себе как рутинную, так и творческую составляющую, отчасти даже потребует определённые детективные навыки. Используя профессиональные соцсети, такие как LinkedIn, Angel.co, тебе предстоит находить клиентов, нуждающихся в наших услугах. Для этого тебе потребуется подробно анализировать болевые точки бизнеса, искать дополнительную информацию в интернете, составлять персонализированные предложения для каждого потенциального клиента и начинать общение с ним. От тебя потребуется высокий уровень письменного английского языка, коммуникабельность и аналитические навыки. Также быть готовым к работе по вечерам из дома, так как наши заказчики в основном располагаются в Европе и США. Responsibilities:  Research and development of various lead generation channels (LinkedIn, Angel.co, Social media, etc.); Conducting initial lead analysis and classification; Researching leads, their companies and environment; Establishing initial contact &amp; handling the first steps of communication with our potential customers; Providing necessary assistance to other sales team members with establishing and developing connections with potential customers; Maintaining a customer database in CRM (collecting all the necessary data: names, emails, links in social networks, etc.); Daily reports about work results.  Specialized knowledge:  English (both spoken and written) — at least Upper-Intermediate level; Knowledge of social networks (such as LinkedIn); Experience using document management tools like Google Sheets and Google Docs; Strong written and communications skills; Experience in Outbound Sales/Lead Generation is a plus; Experience using LinkedIn and other tools to research companies and individuals is a plus; Keen eye on details; Experience with B2B sales is a plus.  Всем нашим сотрудникам мы предоставляем:  участие в интересных и разнообразных проектах для иностранных заказчиков; гибкий рабочий график; стабильную заработную плату и ежемесячные бонусы; множество корпоративных мероприятий; организованные спортивные тренировки: баскетбол, футбол, волейбол, настольный теннис, сноуборд и горные лыжи; льготные обеды; полностью оснащённую кухню в офисе; молодой, дружный и приветливый коллектив!  Вакансия открыта только для кандидатов из Новосибирска!"
Senior Core Network Engineer (IMS / CSCF / VoIP / SBC / SSS / SIP) in Moscow,https://hh.ru/applicant/vacancy_response?vacancyId=44126350,2021-07-12T15:51:09+0300,False,,,,Более 6 лет,Полный день,,ZTE Corporation,Санкт-Петербург,"ZTE is looking for the Senior Core Engineer. Location is in Moscow with business trips around Russia Responsibilities:   Work with IMS,CSCF,VoIP,SBC,SSS,SIP Configuration, Feature Testing, Troubleshooting. Protocol Specifications and Analysis   End to end testing of VoLTE network deployment in identified markets.   The task requires IP tracing in a complex network and multi-protocol analysis   Requirements:   Knowledge of Mobility and LTE architecture   Experience with SIP protocol and IMS based services   Experience with SS7 tracing, ability to discuss, identify and name the notes in a typical SIP call flow and the notes in an IMS/Application Server platforms and the function of each note.   Ability to document the test cases and be responsible for cleaning up discrepancies and ambiguity in the test.   Including validation with architects to ensure the correct call flow, clearly and accurately document and discuss the discrepancies, anomalies or issues with the test case.   Language English (Intermediate)   Wireless Mobility Network Experience Domain knowledge   Packet Analysis for VoLTE (or VOIP) Protocols Wireless domain of LTE, 3G, 3G+PacketCore, /UMTS/LTE   LTE, UMTS and GSM/GPRS Call flows   Network topology &amp; various interfaces   Protocol testing of UMTS/LTE   Understanding of call processes between End to End system testing   Ready for business trips   We offer:  Competitive salary Working in international company "
Project Manager (1C & Oracle),https://hh.ru/applicant/vacancy_response?vacancyId=46299482,2021-07-16T14:04:12+0300,False,350000,,RUR,Более 6 лет,Полный день,Английский язык;ERP-системы на базе 1С;ORACLE;remote;Project manager;freelance;Управление;Business English;Fluent English;Удаленная работа;Разговорный английский;,ExRP,Москва,"Project Manager (1C &amp; Oracle), freelance Project Manager (1C &amp; Oracle) Name of the project or industry: HiTech industry Period of engagement: 12 months Location: Moscow Fulltime, remote work   Key requirements: • Hands on experience with 1C and Oracle ERP • Experience in managing projects, tracking tasks, and working with multiple teams • Language – Fluency in Russian and English Условия привлечения: фриланс контракт (ИП, ГПХ, самозанятость). Интервью будет на английском."
Senior Data Scientist / ML-engineer (NLP),https://hh.ru/applicant/vacancy_response?vacancyId=45786274,2021-06-28T14:08:42+0300,False,200000,300000,RUR,От 3 до 6 лет,Удаленная работа,NER;deeppavlov;production-ready code;dialogue systems;dialogue state tracking;sentence encoder;,РЕ:ПОИНТ,Новосибирск,"Привет! Мы - компания Re:point, продуктовая IT- компания. Работаем на российском и зарубежном рынке с 2012 года. Сейчас мы разрабатываем несколько инновационных продуктов для фармацевтического ритейла с использованием алгоритмов машинного обучения. Используются технологии в области CV &amp; Speech-to-Text с последующей обработкой и визуализацией данных в статистических панелях. NLP работает с результатом обработки STT (диалоги в аптеках), основная задача - это извлечение именованных сущностей из текстов фармацевтического содержания. Сейчас мы ищем опытного разработчика для работы с естественным языком и дальнейшего построения и руководства командой NLP-инженеров. Обязанности:   Предобработка текстового описания товара (очистка, токенизация, лемматизация);   Предобработка результатов мультиязычного STT;   Извлечение именованных сущностей и ключевых слов;   Морфологический, синтаксический анализ;   Оценка и распределение задач по NLP в команде ML-инженеров;   Организация разметки с последующим обучением / тюнингом NLP моделей.   Требования:   Умение писать production-ready код в Python;   Опыт работы с классическим ML алгоритмами и библиотеками (sklearn/scipy/pandas/numpy stack);   Опыт работы с алгоритмами и библиотеками машинного обучения в NLP (с некоторыми из представленных): nltk, deeppavlov, spacy, gensim и Named Entity. Recognition (в особенности DrugNER);   Опыт работы с русским языком:   морфология: pymorphy2;   парсеры грамматик: Tomita parser, yargy.       Опыт обучения глубоких нейронных сетей с использованием фреймворков Tensorflow, Keras, PyTorch на собственных данных.   Дистрибутивная семантика: word2vec, fasttext, и др.   Опыт построения моделей глубокого обучения (Transformers, Language Modeling, Sentiment Analysis, Seq2Seq);   Контроль версий: git.   Опыт работы с базами данных;   Опыт подготовки web-сервисов для ML-моделей;   Участие и победы в Kaggle.   Будет плюсом:   Опыт работы с обработкой текста на языках отличных от русского и английского.   Опыт построения моделей с использованием оптимальных эмбеддингов, памяти и attention механик;   Опыт работы с моделями text-to-text (T5).   Опыт обучения STT моделей;   Умение читать и реализовывать научные статьи по теме;   Разработка/изучение dialogue state tracking алгоритмов;   Опыт разработки диалоговых систем;   Участие и победы в Kaggle.   Условия:  Удаленная работа; Официальное оформление по ТК РФ; Конкурентная, &quot;белая&quot; ЗП; Гибкое начало и окончание рабочего дня; Работа в продуктовой команде, ревью; Конференции, митапы, учебные курсы за счет компании; Открытое к диалогу руководство; Возможность влиять на развитие продукта и компании. "
Бизнес-ассистент / Помощник руководителя,https://hh.ru/applicant/vacancy_response?vacancyId=45822972,2021-06-29T14:07:50+0300,True,30000,50000,RUR,Нет опыта,Полный день,Организаторские навыки;Работа в команде;Подготовка презентаций;Обучение и развитие;Работа с большим объемом информации;Управленческие навыки;Аналитическое мышление;Навыки межличностного общения;,Камтехинвест,Ижевск,"Привет, меня зовут Михаил и я являюсь основателем нескольких компаний. от Услуг спецтехники до продажи товаров на маркетплейсах. Сейчас в моем бизнесе появилась возможность передать часть важных и интересных задач, новому сотруднику. За прошлый год моя компания выросла в 5 раз. На 2021 год планируем повторить такой рост.  Условия:    Главная ценность – мои знания, навыки и опыт, который в дальнейшем принесет Тебя в мир где все может быть по другому.   Мои слова изменят твое мышление.   Перспектива карьерного роста до руководителя в один из моих проектов;   Участие и понимание всех бизнес процессов в данной нише;   Обучение на разных курсах необходимых для успешного выполнения задач;   Умение работать в режиме многозадачности;   Знакомство с успешными предпринимателями;   Обязанности:   Нанимать, контролировать и ставить задачи фрилансерам.   Ежедневный сбор данных по продажам на маркетплейсе Wildberries   Загрузка отчетов в 1С   Оцифровка процессов в гугл таблицах   Мы 100% сработаемся, если ты:   Свято чтишь дедлайны и выполняешь задачи даже раньше них   Не боишься новых задач, с которыми раньше не сталкивался, делаешь их с интересом и всегда доводишь до результата САМОСТОЯТЕЛЬНО   Спокойно можешь решать абсолютно разноплановые задачи (от покупки билетов в театр до хаотичных данных в понятную табличку в Эксель)   Умеешь быть в курсе событий и держать в голове большой объем информации   Без проблем контролируешь по дедлайнам подрядчиков   Решение моих задач ставишь в приоритет и оперативно исполняешь их   Наши преимущества:   Офисное здание, с Lounge зоной и иногда будешь работать в коворкинге Names.   10-12 часов в день, быть на связи с 7 до 23 по местному времени   Занятость - полный рабочий день   Испытательный срок 1 месяц.   Возможность карьерного и личностного роста График 6/1 выходные плавающие.   Присоединяйся к нам, давай вместе захватим рынок! Чтобы попасть в нашу команду:   Пройди тестирование в гугл форме   Будь настойчивей и внимательней, ведь уже на этапе анкеты есть конкуренция!   С теми, кто пройдет все этапы, познакомимся лично на собеседовании!"
Senior Java Software Engineer (remote),https://hh.ru/applicant/vacancy_response?vacancyId=45509116,2021-07-16T18:07:56+0300,False,,,,От 3 до 6 лет,Удаленная работа,Java;SQL;Microservices;Git;,IDT Technologies,Санкт-Петербург,"We&#39;re looking for a Senior Java Software Engineer.You will work in the team based in Minsk and USA which has advanced experience in VoIP and works on the one of our flagship product - Net2Phone. At this position you will:  Participate in the design and architecting of full stack transactional web enterprise systems that work on premise, AWS and GCP. Implement aforementioned design. Document the service architecture in order to support internal integrations for digital interfaces and business analytics. Write clean, DRY and modular code, providing proper documentation when necessary. Extend team tools and capabilities to support the ability to perform rapid prototyping.  We want you to have:  Minimum 4 years of experience with Java. Hands-on experience with large-scale products. Understanding of database technologies: No-SQL (MongoDB, DynamoDB) and relational (MySQL, PostgreSQL, etc). General knowledge about Apache Kafka or Apache Pulsar. Experience with Microservices programming pattern. Experience in writing technical design documents. Knowledge of asynchronous programming. Experience with SCRUM / Agile methodology. Willingness to learn and explore new technologies. Git: merge, rebase, cherry-pick should be fluent. Good English level – B1 or higher.  It would be a nice bonus:  Experience with cloud infrastructure (AWS, Google Cloud, Azure, Heroku, etc.). Experience in B2C or B2B telecommunications. A degree in computer science. Deep understanding of database technologies: No-SQL (MongoDB, DynamoDB) and relational (MySQL, PostgreSQL, etc). Deep understanding of how Apache Kafka or Pulsar work.  We offer you:  A really exciting and challenging job and talented people around. Competitive salary and growth opportunities. Good hardware. Modern office with free parking in the very center of Minsk. Remote work opportunity! 26 vacation days &amp; 5 fully covered sick days without sick leave required per year. Professional training, seminars, and conferences compensation. Superb corporate English lessons.  About us:IDT Technologies is a part of IDT Corporation – an American telecommunications company founded in 1990 and headquartered in Newark, New Jersey. Today it is an industry leader in prepaid communication and payment services and one of the world&#39;s largest international voice carriers. We are listed on the NYSE, employ over 1300 people across 20+ countries and have revenues in excess of $1.5 billion.Net2Phone is a rapidly growing global provider of unified cloud communications solutions. It was named ‘VoIP Supplier of the Year’ by the Telecom Consulting Group in 2018. TCG is one of the largest and experienced agencies in the US with over 3400 agents. Its cloud communication solution provides an integrated communications suite featuring powerful collaboration tools such as voice, messaging, chat, unlimited domestic and international calling to 23+ countries. Net2Phone’s commitment to TCG includes rapid quote turn-around, industry-leading SPIFFs, and evergreen residuals."
SQL Data Engineer,https://hh.ru/applicant/vacancy_response?vacancyId=45814393,2021-06-29T11:30:58+0300,False,,,,От 3 до 6 лет,Удаленная работа,SQL;Data Mining;Data Transformation;ETL;Google BigQuery;,SegmentStream,Москва,"To further evolve our product and scale the business globally, we are looking for an experienced Data Engineer who will be responsible for improving our Data Transformations architecture, Machine Learning algorithms, Data Mining processes, and delivering scalable and beautiful data solutions within our core product. This is a perfect opportunity for someone who has excellent SQL knowledge, really high standards, and experience with Google BigQuery to further innovate and improve the expertise in Data Engineering by working with the best data professionals building a truly global and successful marketing &amp; tech product. If you are really passionate about AI &amp; ML, enjoy working with the latest data technologies and tools, and want to make a great impact on our global success, you found the right place. About us: At SegmentStream, we are building a cutting-edge marketing technology that is changing how leading businesses analyze and optimize the performance of their online marketing campaigns. Our SaaS platform helps advanced digital marketing teams apply our own sophisticated machine learning algorithms to reveal the true incremental value of each marketing channel and campaign, and automatically apply these AI-insights to close the loop of data-driven marketing. We’ve proven that our technology works and delivers the best ROAS possible for our enterprise clients across the globe. Check our latest success stories and you’ll understand why our solution is the next big thing in the digital marketing world. We are fortunate to be VC-backed by one of the world’s leading startup accelerators - TechStars, as well as some biggest names in the B2B SaaS world, including the founders of Pipedrive, Dynamic Yield, and other great companies. We are also proud to say that SegmentStraem is already trusted by over 50 enterprise customers around the world, including the UK, US, Canada, Australia, and lots of European countries. About the Data Transformations: While SegmentStream platform is really easy to use for our final users — Digital Marketing teams — under the hood there lies a very advanced, high-load, and innovative Data Transformations module. Data Transformations work on top of Google BigQuery data warehouse where terabytes of data collected each day. By connecting Google BigQuery to SegmentStream’s Data Transformations module, Data analysts are able to easily create &amp; run smart and fully automated data transformation workflows to clean, transform, stitch and update the data, making it fully ready for further analysis. For example, it helps to transform all the raw data from dozens of different data sources into a single table fully ready for data visualization, machine learning, marketing automation, and other great things, all across 50+ of our enterprise clients with massive datasets. This is our own development and technology that is based on Kubernetes and Argo (the same stack is used by Tesla, Nvidia, Google, GitHub, and other great companies). We really proud of it and we think that this is one of our most important unique competitive advantages. We will happy to tell you more about this and answer your questions during the interview process. Responsibilities:  Develop and improve the Data Transformations module to increase the performance and user experience while minimizing the computing cost and the amount any technical issues; Pro-actively find issues with current data architecture and prepare elegant technical solutions to mitigate these risks in the future; Prepare re-usable and scalable SQL data transformations templates that will solve various challenges in the area of advanced marketing analytics and optimization; Constantly innovate on our overall data architecture and ML algorithms to trust the data and insights that our customers (leading brands with 6-8 figure monthly ad spend) will analyze and make really important marketing decisions; Gather feedback and feature requests from the users of our Data Transformations module — both external (clients) and internal (our Marketing BI team) to understand how to improve the product further; Act on the feedback by working closely with our Product team to prioritize and define a product roadmap and engineering backlog;  Requirements:  A degree in Computer Science, Math, Statistics or similar; 3+ years of relevant experience (Data Transformations, ETL/ELT, Data Modeling in the cloud); Expert-level SQL knowledge (you would rate your SQL skills &gt;8/10); Experience working with Google BigQuery; Experience with Machine Learning (Google BigQuery ML is a bonus); Knowledge of Digital Marketing and Web Analytics domain area will be a huge bonus; High standards — you prefer an elegant and scalable technical solution to some dirty ad-hoc hacks; Product mindset — you care about the product you build, and how it will be used by other people; Great communication skills and positive personality to work in a team; A desire to join a fast-growing global tech startup and make a real impact on its success; Ability to speak and write in English with confidence (B2 or higher);  Why SegmentStream:  Unique and high-quality SaaS product that solves a massive problem for a huge market; A vast portfolio of enterprise customers around the globe including the UK, US, Canada, Australia, and lots of European countries; VC-backed by top investors &amp; angels, including TechStars, founders of Pipedrive, Dynamic Yield, and other great SaaS entrepreneurs; Fast-growing, fully distributed, and international team of smart people who not only love what they do but also really good at it; A great company culture that is embracing functional ownership, entrepreneurial mindset, and personal growth; Full responsibility from day one and being part of our results-driven working environment; A lot of opportunities for future career growth within the company; "
Мастер маникюра,https://hh.ru/applicant/vacancy_response?vacancyId=45706763,2021-06-24T11:12:45+0300,False,30000,,RUR,Нет опыта,Полный день,Работа в команде;Грамотная речь;Организационные навыки;Навыки работы с возражениями;опыт работы;,Beauty bar No Name (ИП Бахматова Олеся Владимировна),Пермь,Обязанности:  качественное оказание услуг ногтевого сервиса с соблюдение стандартов по стерилизации    Условия:  уникальные финансовые условия 40% график 2/2; или по договоренности качественные расходные материалы возможность повышать квалификацию яркую корпоративную жизнь уютное рабочее место в новой студии в центре города 
Senior/Lead .Net Software Engineer (Public API),https://hh.ru/applicant/vacancy_response?vacancyId=42267301,2021-07-16T18:11:46+0300,False,,,,От 3 до 6 лет,Полный день,Английский язык;.NET Framework;.Net Core 5.0;,IDT Technologies,Санкт-Петербург,"Our international Net2Phone Team is looking for a Senior or Lead .Net Software Engineer able to build large scalable APIs from scratch. We are waiting for a person who will become part of the Team developing a new public API for Net2Phone UCaaS platform to help thousands of businesses around the world quickly and easily integrate Net2Phone into their systems and automate business processes. You should be comfortable with writing services that handle high volume traffic: e.g. 5 million events per day or 600 messages per second. Also, you should understand the importance of low latency: we have subsecond SLAs in some areas. It’s very important for us to build a properly designed API that easily interacts with the product. We use the “Contract first” model and take special care to ensure that all models and interfaces are described structurally and qualitatively. Developing your own public API is a pretty ambitious task. And with the right approaches, modern technologies and a close-knit team it becomes even more interesting. Let’s deal with it together! As a member of Net2Phone Team you will:  Build new API from scratch without any frontend – only hardcore backend! Participate in the design and architecture of new public open API. Work with high load systems with 5 million events per day and 600 messages per second. Write clean, dry and modular code, providing proper documentation when necessary.  We want you to have:  3+ years as a backend software engineer. Excellent knowledge of .Net (we will use .Net Core 5.0). Understanding of the process of building public APIs that are fast, resilient and robust. Hands-on experience with high load systems and large scale products. Experience with Microservices programming pattern.  Would be a great bonus:  If you have proven experience building your own API.  We can offer you:  A really exciting and challenging job with a talented Team. Competitive salary and growth opportunities. Really good hardware (32 GB RAM and 512 GB SSD). Remote work opportunity. 26 vacation days &amp; 5 fully covered sick days without sick leave required per year. Professional training, seminars and conferences compensation. Sports activities reimbursement. Medical insurance. Superb corporate English lessons.  About us: IDT Belarus is a part of IDT Corporation – American telecommunications company founded in 1990 and headquartered in New Jersey. It is an industry leader in prepaid communication and payment services and one of the world&#39;s largest international voice carriers. We are listed on the NYSE, employ over 1500 people across 20+ countries and have revenues in excess of $1.5 billion. Net2Phone is a rapidly growing global provider of unified cloud communications solutions. It was named ‘VoIP Supplier of the Year’ by the Telecom Consulting Group in 2018. Its cloud communication solution provides an integrated communications suite featuring powerful collaboration tools such as voice, messaging, chat, unlimited domestic and international calling to 23+ countries."
3D Art Generalist,https://hh.ru/applicant/vacancy_response?vacancyId=45788176,2021-06-28T14:47:11+0300,False,,,,От 3 до 6 лет,Удаленная работа,Unity;Adobe After Effect;Работа в команде;Креативность;Разработка концепции;,Хайпмастерс,Санкт-Петербург,"Миссия Hypemasters - создавать легендарные игры, задающие тренды в своих жанрах. Мы хотим, чтобы в наши игры играли годами игроки по всему миру.Мы работаем над классической RTS в сеттинге WW2 на мобильные устройства. И нам нужен человек, который умеет делать реалистичные анимации персонажей, работает с освещением в Unity, а также имеет знания пайплайнов производства графики. Команда сейчас состоит из 24-х человек и строится по принципу меритократии идей - в игру можно привнести много идей и предложений. Мы ценим опыт, но еще больше мы ценим про-активность и вовлеченность. У тебя будет много ответственности и свободы творчества. У нас нет бюрократии и лишних процессов - вся команда нацелена на результат и мы ищем схожих по духу людей. Нам не важно в каком ты городе или стране - работать можно как из офиса в СПБ, так и удаленно. Главное для нас - это любовь к своему делу и желание делать лучшее, что есть в мире. Это то, что нас объединяет. Задачи:  Создание и интеграция анимаций в проект Создание и интеграция в проект VFX Настройка освещения и материалов в игре Модификация и реализация новых шейдеров Работа с 2D и 3D контентом Оптимизация для мобильных устройств  Требования:   Опыт в gamedev индустрии от 3 лет Анимация (риггинг, скиннинг, позы) VFX Знание Unity Знание основных пайплайнов производства графики Большим плюсом будет знание шэйдера (URP, ShaderGr) Активное участие в решении проблем возникающих в ходе проекта Хороший художественный вкус и большое желание создавать красивые игры  Мы предлагаем:  Работу над легендарными играми в международной компании Трудоустройство по ТК РФ, белую зарплату Работу с топовыми специалистами игрового рынка (ex-CM, WG, Nekki, Playrix, Sperasoft, FB - you name it! У нас работают лучшие из лучших) Меритократия идей - все идеи оцениваются исключительно с точки зрения соответствия ценностям и целям проекта; в игровой команде все равны Культура роста - тебя ждут амбициозные цели и культура, которая постоянно провоцирует рост Новый офис в Петроградском районе (технопарк Ленполиграфмаш) Возможность работать удаленно ( ты всегда можешь выбрать удобный для себя формат работы)     "
Senior Core Network Engineer (IMS / CSCF / VoIP / SBC / SSS / SIP) in Moscow,https://hh.ru/applicant/vacancy_response?vacancyId=44126351,2021-07-12T15:51:09+0300,False,,,,Более 6 лет,Полный день,,ZTE Corporation,Новосибирск,"ZTE is looking for the Senior Core Engineer. Location is in Moscow with business trips around Russia Responsibilities:   Work with IMS,CSCF,VoIP,SBC,SSS,SIP Configuration, Feature Testing, Troubleshooting. Protocol Specifications and Analysis   End to end testing of VoLTE network deployment in identified markets.   The task requires IP tracing in a complex network and multi-protocol analysis   Requirements:   Knowledge of Mobility and LTE architecture   Experience with SIP protocol and IMS based services   Experience with SS7 tracing, ability to discuss, identify and name the notes in a typical SIP call flow and the notes in an IMS/Application Server platforms and the function of each note.   Ability to document the test cases and be responsible for cleaning up discrepancies and ambiguity in the test.   Including validation with architects to ensure the correct call flow, clearly and accurately document and discuss the discrepancies, anomalies or issues with the test case.   Language English (Intermediate)   Wireless Mobility Network Experience Domain knowledge   Packet Analysis for VoLTE (or VOIP) Protocols Wireless domain of LTE, 3G, 3G+PacketCore, /UMTS/LTE   LTE, UMTS and GSM/GPRS Call flows   Network topology &amp; various interfaces   Protocol testing of UMTS/LTE   Understanding of call processes between End to End system testing   Ready for business trips   We offer:  Competitive salary Working in international company "
Salesforce Developer,https://hh.ru/applicant/vacancy_response?vacancyId=42601014,2021-07-16T11:06:45+0300,False,,,,От 1 года до 3 лет,Полный день,Apex;Java EE;Java;Web Application Development;Business English;,CUSTOMERTIMES,Москва,"Customertimes Corp. Customertimes is a cloud consulting and system integrator group working in the USA, Russia and 50+ other countries all over the world. We work with the world&#39;s largest software vendors like Salesforce, SAP, Pega, as well as provide in-house developments for large and medium-sized companies. About us:  Official reseller Partner More than 1050 high-level professionals (developers, QA engineers, UI/UX designers, consultants, business analysts, architects and managers who have accumulated unique knowledge and experience in cloud solutions) 8 offices around the world (Moscow, New York, London, Paris, Toronto, Kiev, Minsk and Riga) Many customers with world-famous names Brilliant and constantly improvement development process with using agile, CI/CD, code review, auto-notifications, code quality control systems etc.  We invite Experienced Developer to our Product Department (CT Software) for participating in the development of our Products (Hi-Tech Cloud Enterprise Solutions). Responsibilities:  Development new features (backend and frontend parts) with using Apex, Lightning Web Components, JavaScript, HTML, CSS Bug fixing Writing Unit Tests Decomposition and estimating of tasks Participation in designing solutions and making architectural decisions Code Review  Skills:  English: intermediate or better 3+ years of experience in commercial development (Enterprise or WEB) with using Apex or one of other OOP languages (Java, C#, Python, PHP etc.) Web development skills: JavaScript, HTML, CSS Experience of using at least one frontend framework (Lightning Web Components, Angular, React, Vue etc.) In-depth understanding of OOP, SOLID, Design Patterns, clean code, refactoring and working with tech debts Experience with SOAP and REST web services Software version control (GIT or other)  Nice-to-Have Skills:  Salesforce DX CI/CD, Jenkins, Docker Heroku  We offer Professional growth:  Immersion in the newest sphere of knowledge - cloud computing Certification at the expense of the company Internal and external professional education English language courses The young, strong, and friendly team of excellent professionals  Social package:  Competitive compensation depending on experience and skillset Flexible working hours in schedule 5/2 Vacation 31 days Registration under the RF Labour Code Voluntary Medical insurance Corporate sport activities and discounts on sport     "
Unity 3D developer (mobile RTS),https://hh.ru/applicant/vacancy_response?vacancyId=45788287,2021-06-28T14:48:51+0300,False,,,,От 3 до 6 лет,Удаленная работа,Unity;C#;ООП;Android;Gamedev;Unity3D;Git;,Хайпмастерс,Москва,"Миссия Hypemasters – создавать легендарные игры, задающие тренды в своих жанрах. Мы хотим, чтобы в наши игры играли годами игроки по всему миру. Мы работаем над классической RTS в сеттинге WW2 на мобильные устройства. И сейчас команде нужен опытный программист, который смог бы вести сложные задачи (например, взаимодейстсвие клиентской и серверной части). Игра разрабатывается на Unity, а miltiplayer часть делается на Photon Quantum - будущему члену команды предстоит работать с этими двумя системами в связке. Также, мы ищем человека, которому нравится мидкор и жанр стратегий в реальном времени. У будущего коллеги хотим видеть умение работать независимо, брать ответсвенность за полную реализацию фичи и стремление делать законченый и качественный продукт. Команда сейчас состоит из 24-х человек и строится по принципу меритократии идей - в игру можно привнести много идей и предложений. Будем рады видеть инициативность и в работе с геймдизайном. Нам не важно в каком ты городе или стране - работать можно как из офиса в СПБ, так и удаленно. Главное для нас - это любовь к своему делу и желание делать лучшее, что есть в мире. Это то, что нас объединяет. Задачи:  Разработка клиентской части сетевой мобильной игры Реализация игровой бизнес-логики Реализация меты игры Оптимизация для мобильных устройств  Требования:  Опыт программирования на C# и Unity от четырех лет Опыт создания сетевых мобильных real-time игр Знание принципов синхронизации сетевых игр и понимание сетевой архитектуры Уверенное знание ООП, паттернов проектирования Знание структур и алгоритмов обработки данных Знание особенностей производства графического контента для игр Опыт работы с командой программистов Умение разбираться в чужом коде Знание математической базы для работы в 3D пространстве Знание работы системы UI в Unity Умение разрабатывать shaders  Будет плюсом:  Опыт работы с Photon Quantum или Photon Опыт разработки RTS или схожих сетевых игр Умение разрабатывать shaders GLES 2.0 / 3.0, Metal &amp; Vulkan Понимание принципов анимации  Мы предлагаем:  Работу над легендарными играми в международной компании Трудоустройство по ТК РФ, белую зарплату Работу с топовыми специалистами игрового рынка (ex-CM, WG, Nekki, Playrix, Sperasoft, FB - you name it! У нас работают лучшие из лучших) Меритократия идей - все идеи оцениваются исключительно с точки зрения соответствия ценностям и целям проекта; в игровой команде все равны Культура роста - тебя ждут амбициозные цели и культура, которая постоянно провоцирует рост Возможность работать удаленно ( ты всегда можешь выбрать удобный для себя формат работы) "
Ведущий системный администратор,https://hh.ru/applicant/vacancy_response?vacancyId=44884517,2021-07-16T16:24:01+0300,False,90000,,RUR,От 3 до 6 лет,Полный день,DHCP;MS SQL Server;MS Exchange;Windows Server 2008 R2;Active Directory;PowerShell;PostgreSQL;Linux;Python;Bash;VMware;Антивирусная защита сети;Администрирование серверов;Настройка DNS;Zabbix;TCP/IP;,Кировский завод,Санкт-Петербург,"Обязанности:  Администрирование 1С Серверную часть Администрирование 1С App Развертывание, администрирование MS SQL Развертывание, администрирование PostgreSQL Опыт развертывания и администрирования других СУБД (ORACLE, DB2, Sybase и т.п.) Создание скриптов на PowerShell, Python, Bash/Shell Системы мониторинга Zabbix или Nagios Active Directory MS Windows Server 2008R2-2019 Linux (Centos, Ubuntu) DNS (Domain name System), DHCP (Dynamic Host Configuration Protocol) MS Exchange MS SCCM, MS SCOM настройкой сетевого оборудования (коммутаторы, маршрутизаторы) системой антивирусной защиты системой управления конфигурациями Ansible Знание архитектуры серверного оборудования, Знание системы виртуализации инфраструктуры - VMWare, Знание принципов работы доменной инфраструктуры, Знание принципов работы электронной почты и сетевых файловых сервисов, Знание принципов работы групповых политик, Знание TCP/IP, понимание модели OSI  Требования:  Умение устанавливать и производить пуско-наладочные работы серверного оборудования, систем хранениях данных; Администрирование серверного оборудовании Устанавливать операционные системы и необходимого для работы оборудования программного обеспечения; Администрирование инфраструктуры виртуализации; Администрирование систем антивирусной защиты; Настройка и обслуживание системы резервного копирования данных; Администрирование почтовой инфраструктуры предприятия; Администрирование корпоративного облака для обмена информации большего объема внутри предприятия или со сторонними организациями; Настройка и обслуживания корпоративной системы мгновенного обмена сообщений, звонков и видеоконференций; Предоставление согласованной инфраструктуры смежным подразделениям, необходимой им для выполнения своих задач.  Условия:  Работа на одном из крупнейших промышленных предприятий с многолетней историей развития производства (компания основана в 1801г.) Удобный офис в 5-7 минутах ходьбы от ст.м. &quot;Кировский завод&quot; Официальное оформление в соответствии с ТК РФ Добровольное медицинское страхование (в т.ч. стоматология, с 1 дня работы) Частичная компенсация стоимости питания в сети столовых на территории предприятия Компания обеспечивает полный социальный пакет и дополнительные социальные гарантии и льготы (согласно &quot;Кодексу Кировца&quot;) Возможность посещать спортивные секции и мероприятия на стадионе «Кировец» (м.Нарвская) Широкие возможности для профессионального развития "
Senior Technical Event Manager,https://hh.ru/applicant/vacancy_response?vacancyId=45789324,2021-06-28T15:12:40+0300,False,,,,От 3 до 6 лет,Удаленная работа,Английский язык;Event Management;,GridGain Systems,Санкт-Петербург,"We are the company that developed and continues to refine and improve the Apache Ignite distributed database and the entire suite of GridGain products. In 2020, we received multiple business and technology awards. For example, we were named in Silicon Valley Business Journal’s Fastest Growing Private Companies, Deloitte Technology Fast 500, and Inc. 5000. Developers worldwide choose Apache Ignite and GridGain for their projects in fields such as banking, fintech, ecommerce, IoT, and biotech. You are going to lead the global Ignite community events and GridGain corporate events. Apache Ignite is one of the most active communities in the Apache Software Foundation, with 500,000 downloads per month. Our events calendar includes global Virtual Meetup, online developer training, offline local groups, and Ignite Summit — a one-day international community conference. In addition, our speakers present at IT events all over the world. We expect you to support existing events and introduce our audience to new event formats. Location:St. Petersburg, Moscow, or remote Essential Job Duties and Responsibilities   Drive and deliver the Ignite Summit   Plan, coordinate, and control the GridGain and Apache Ignite communities’ online and offline events (trainings, meetups, community gatherings, Ignite Summit, and so on)   Plan, coordinate, and manage GridGain speakers’ presentations at external conferences and meetups (update event schedules, help with abstracts and profiles, and coordinate promotions)   Work with contractors (venues, catering, recording, online platforms, designers, and so on)   Create swag for events and raffles and control logistics   Plan and control budget and event reporting   Skills and Requirements   Advanced English   Three to five years of experience in event marketing in the IT field   Curiosity about and interest in tech; ability to engage with a highly technical audience   Ability to organize and manage multiple projects     Perks   Competitive salary   Excellent benefits package, including medical insurance that includes dental coverage and gym membership reimbursement   Stock options   Remote or onsite work (onsite in the &quot;A&quot; class business center in the center of St. Petersburg)   About GridGain GridGain company is revolutionizing real-time data access and processing by offering an in-memory computing platform that is powered by the Apache® Ignite® distributed database. Common use cases for the GridGain platform include application acceleration and the use of digital integration hubs for real-time data access across data sources and applications. GridGain solutions are used by many types of global enterprises, such as financial services, software, ecommerce, retail, online business services, health care, telecom, and transportation. GridGain’s client list includes Microsoft, IBM, ING, CITI, American Express, Finastra, UPS, Hewlett Packard Enterprise, American Airlines, United Healthcare. GridGain delivers unprecedented speed, massive scalability, and real-time data access for both legacy and greenfield applications. Deployed on a distributed cluster of commodity servers, GridGain software can reside between the application and data layers (RDBMS, NoSQL, and Apache® Hadoop®), thus requiring no rip-and-replace of existing databases; or GridGain software can be deployed as a distributed database for high performance computing with in-memory speed. For more information, visit gridgain.com."
Учитель начальных классов,https://hh.ru/applicant/vacancy_response?vacancyId=46310667,2021-07-16T21:59:57+0300,False,25000,40000,RUR,От 3 до 6 лет,Полный день,Преподаватель;Детская психология;Управление персоналом;Обучение;Грамотная речь;обучение чтению;Обчению письму;Знание стандартов;Учитель;Креативность;Обучение и развитие;Грамотность;,ЧОУ ДО Детский клуб Семья,Краснодар,"В связи с расширением, детский центр Family name ищет Учителя начальных классов. Учитель начальных классов в детском центре Family name – это педагог, любящий детей и в совершенстве владеющей своей профессией, имеющий богатый успешный опыт обучения детей действующим программам начальной муниципальной школы («Школа России», «Школа 2000», «Начальная школа ХХI века», «Школа 2100», «Гармония», «Перспектива», «Классическая начальная школа», «Л.В. Занкова и Д.Б. Эльконина - В.В. Давыдова», математика по Л.Г. Петерсон; Н. Жуковой, Методика обучения чтению Николая Зайцева), высокие результаты у учеников и качественные рекомендации. Требования:  Опыт работы с дошкольниками и младшими школьниками, опыт работы в муниципальной школе; Умение мотивировать, искать и внедрять лучшие методики преподавания; Умение работать с детьми с различным уровнем подготовки; Высшее образование.  Обязанности:  Преподавать детям-дошкольникам 5-6 лет две программы «Подготовки к школе»: за два года и за год до школы; Знать школьные программы начальных классов и требования по подготовке детей к первому классу; Готовить дидактический материал к занятиям; Уметь безошибочно определять уровень знаний дошкольника – проведение обширной диагностики готовности ребенка к школе; Осуществлять помощь в выполнении домашнего задания ученикам начальной школы; Общение с родителями, умение донести информацию об ученике (на каком этапе сейчас ребенок, какие достижения, успехи, в чем нужно еще стараться и т.д.);   Вести ведомость присутствия детей на занятиях; Тесно работать в команде, выдерживать сроки подготовки детей к экзаменам.  Условия работы:  Гибкий график: 5 дней в неделю, выходные: суббота и воскресенье; Заработная плата от 25 000 р.; Работа на территории центра; Эффективные совещания; Профессиональный, дружелюбный, отзывчивый коллектив со своими традициями и ценностями.    Место работы: г. Краснодар, бульвар Клары Лучко, д. 4  "
Senior Civil Engineer (Oil & Gas),https://hh.ru/applicant/vacancy_response?vacancyId=46092485,2021-07-08T15:22:12+0300,False,,,,Более 6 лет,Полный день,MS PowerPoint;Opera;Teambuilding;Английский язык;,Филиал Частной компании с ограниченной ответственностью Си Би энд Ай Русланд Б.В.,Москва,"Responsibilities: Acting as focal point for RDI coordination of all Civil, Structural, Architectural, Building and Water Supplies and Sewage Systems (including Fire Fighting) scopes supporting the HO lead CSA for Russian Federation Projects Execution.Responsible for the coordination with RDI’s including the interdisciplinary technical issues, review of RDI deliverables and closeout of the projects.Specific experience and knowledge of Russian codes and Standards is required.Further involved in budgets preparation for RDI scope (Including coordination scope) during proposal stages for Russian projects including staffing and man-hour estimates. Requirements: Minimum 5 years’ experience in a similar role in oil &amp; gas.Minimum 15 years of total experience.Experience in PD and DD development within an RDI organizationExperience in working with western FEED contractors and familiar with Western FEED principle.Deep knowledge of RDI organization and related work processes, design methodologies, process of PD and PSTS approvals with authorities.Familiar with applicable Russian laws, norms and standards.Deep knowledge of Russian standards and Federal laws (SP, Snip, GOST, RF, …)Familiar with use of Russian certified Civil and structural design related software (namely SCAD). Proven communication skills verbal, written and presenting – Fluent in Russian and English Условия: - Достойная заработная плата - Работа в центре Москвы (м.Павелецкая) - ДМС, страхование жизни"
Менеджер по аренде,https://hh.ru/applicant/vacancy_response?vacancyId=44572497,2021-07-16T11:56:20+0300,False,,90000,RUR,От 1 года до 3 лет,Полный день,Аренда недвижимости;Коммерческая недвижимость;Заключение договоров;Договоры аренды;Документальное сопровождение;Аренда объектов;Управление недвижимостью;,HRT Group,Москва,"В отдел аренды требуется менеджер по аренде для работы с действующими арендаторами.  Вам предстоит работать с Объектом ТЦ Мост (Самара), ЖК RedSide, Тюмень Калита. В нашем управлении бизнес центры класса «А», «В+», «В», «no name»).  Сопровождение действующих договоров аренды, в том числе:  ежедневное взаимодействие с арендаторами по всем возникающим в ходе арендных отношений вопросам подготовка к подписанию договоров аренды, дополнительных соглашений, актов приема - передачи и иных документов отслеживание сроков по договорам, их пролонгация контроль проведения арендаторами оплаты работа с дебиторской задолженностью подготовка отчетов и презентаций об итогах работы участие в формировании бюджета подразделения Осуществление ротации арендаторов  Требования:  Обязателен опыт работы с аналогичными функционалом с БЦ класса «А»/«В+», «В» от 50 000 м.кв, 100-150 договоров. Отличное знание рынка коммерческой недвижимости обязательно. Образование высшее, повышение квалификации. Знание гражданского законодательства в области недвижимости. Word, Excel, PowerPoint, 1C. Самостоятельность, ответственность, стрессоустойчивость, умение работать в режиме многозадачности Отличные коммуникативные навыки: грамотная речь, умение вести деловую переписку, переговоры с первыми лицами компаний. Желание развиваться в сфере недвижимости.  Обязанности:  Обеспечение прибыли от сдачи в аренду объектов недвижимости и оказания доп. услуг арендаторам. Своевременное предоставление достоверных отчетных и информационно-аналитических материалов руководству. Ведение отчетности об исполнении бюджета. Формирование и реализация улучшений для арендаторов на основании изучения текущего спроса и предложения. Телефонные консультации с арендаторами по различным вопросам. Подготовка коммерческих предложений, писем о намерениях, презентаций, различных рекламных материалов для действующих арендаторов объектов недвижимости. Согласование условий передачи помещений, участие в проведении переговоров по заключению договоров аренды и на оказание прочих услуг. Согласование технических и коммерческих условий переоборудования/ремонта помещения с действующими арендаторами объектов недвижимости. Согласование условий договора и предоставление дополнительных услуг по договору для действующих арендаторов объектов недвижимости. Заключение и оформление договоров аренды и дополнительных соглашений с действующими арендаторами объектов недвижимости. Контроль и обеспечение выполнения обязательств контрагентами по договорам. Организация претензионной работы. Администрирование заключенных договоров, контроль документооборота, контроль платежей, сопровождение клиентов в рамках исполнения обязательств по заключенным договорам. Организация работы по сокращению дебиторской задолженности клиентов компании по договорам аренды и другим доходным договорам. Встречи с арендаторами, визуальный осмотр помещений, контроль соблюдения условий договоров аренды.  Условия:  Официальное оформление по ТК РФ с первого дня работы. Москва-Сити, м. Международная (Бизнес-Центр класса «А»), 3 мин пешком до башни. График работы: 5/2 (с 10.00-19.00 часов). Оклад 90 000руб до вычета налогов. ДМС после испытательного срока. Профессиональное обучение за счет компании. Подчинение начальнику отдела аренды. За счет компании: чай/кофе в течение рабочего дня. Наши сотрудники – это главный актив: каждому обеспечивается возможность повышения квалификации, профессионального развития и самореализации. "
1С developer with ERP integration,https://hh.ru/applicant/vacancy_response?vacancyId=45789093,2021-06-28T15:08:05+0300,False,280000,,RUR,Более 6 лет,Удаленная работа,Английский язык;ERP;интеграция;1С программирование;фриланс;freelance;1С разработка;,ExRP,Москва,"We need a consultant of experienced 1C Technical resources who can work on 1C development and ERP integration. Job description 1. Familiar with Requirements tracking, backlog grooming, requirements prioritization processes across multiple IT/Business partners. 2. Develop IT solutions to address complex problems 3. Implement new features in a highly collaborative environment with product owners, specialists, and software &amp; hardware engineers. 4. Work closely with Scrum master, Product owner and global delivery teams to drive and be a key contributor to Russia project releases 5. Collaborate cross-functionally with other IT teams to implement an integrated solutions. 6. Identify opportunity gaps and challenges; translate these into a actionable scope/ roadmap, and orchestrate end-to-end solutions 7. Deep knowledge of 1C Process and systems background with knowledge and experience in agile/waterfall project methodologies 8. Solid analytical thinking and problem-solving skills 9. Self-starter, who can work both independently and multi-functionally The most important is ability to analysis,design and develop in 1C and ability to talk in English and Russian Name of the project or industry – HiTech industry. Period of engagement is ~6 months. This could get extended based on performance of the consultants Start day – asap Remote work"
Data Engineer (Remote),https://hh.ru/applicant/vacancy_response?vacancyId=46274761,2021-07-15T16:49:25+0300,False,250000,350000,RUR,От 3 до 6 лет,Удаленная работа,Git;SQL;Английский язык;Data Analysis;ETL;,Бизапс,Москва,"We are looking for Data Engineer to join our team working with Switzerland partner (aviation industry). Key responsibilities:  Implementation and maintenance of automated reporting process, namely data cleaning, processing and visualization. Full-stack implementation of analytical database, customer platform and other user interfaces. Write efficient and maintainable codes with unit and integration test cases, to add new feature, ensure daily operation and meet user’s tailored request. Proactively share technical knowledge to improve tools and work of the team/company.  Min qualifications:  Proven experience in data engineering, incl. data structuring, processing and visualization Very good knowledge in a programming language, proficiency in R is a must (development is in R-studio) Experience in writing SQL statements Familiar or willing to learn AWS, ShinyApp, Markdown, HTML, REST API, R Server and R Connect Familiar with distributed version control systems, i.e. Git  Preferred qualifications:  Knowledge in custom ETL design, implementation and maintenance Experience in database architecture and algorithm design Upper intermediate English  We offer:  Remote job Decent Salary Interesting Global project Opportunity to practice English "
Преподаватель корпоративного английского в офис / Corporate English tutor,https://hh.ru/applicant/vacancy_response?vacancyId=45792022,2021-06-28T15:59:43+0300,False,18000,18000,RUR,От 1 года до 3 лет,Гибкий график,Google Docs;Zoom;Telegram;Punctuality;,Empire English,Москва,"Job Description: Offline classes in officeOnline attendance-reportsSending notifications via special chats We are looking for:Native speakers of English / bilingualsAn experienced teacherA charismatic and enthusiastic employee Offer:2 classes a week from 18.00 to 19.30Classes will be conducted in office (Elektrozavodskaya metro station)2.250 rub per 1 class (90 minutes) / 18.000 rub per a block of 8 classesPayment — twice a month   Hello, my name is Alyona I am HR at Empire English We are looking for a native speaker of English for a group of adult students (level В1-B2). This is a part-time job that you can combine with another type of occupation. We are looking for an employee who can become a part of our team. This will give you a chance to grow both professionally and financially. Therefore while interviewing our candidates we expect that you share our main values: an open mind and professional approach. Selected candidates will be interviewed in 2 stages: 1 online interview with HR, where we evaluate your knowledge and discuss the schedule; and 2 — offline interview with the project manager, where you will get more information about our company and the classes. Before the interview you need to fill out an online form. Please contact us via email We will send you an online form and answer your questions :)      "
Data Engineer (Remote),https://hh.ru/applicant/vacancy_response?vacancyId=46274762,2021-07-15T16:49:25+0300,False,250000,350000,RUR,От 3 до 6 лет,Удаленная работа,Git;SQL;Английский язык;Data Analysis;ETL;R;R-studio;,Бизапс,Казань,"We are looking for Data Engineer to join our team working with Switzerland partner (aviation industry). Key responsibilities:  Implementation and maintenance of automated reporting process, namely data cleaning, processing and visualization. Full-stack implementation of analytical database, customer platform and other user interfaces. Write efficient and maintainable codes with unit and integration test cases, to add new feature, ensure daily operation and meet user’s tailored request. Proactively share technical knowledge to improve tools and work of the team/company.  Min qualifications:  Proven experience in data engineering, incl. data structuring, processing and visualization Very good knowledge in a programming language, proficiency in R is a must (development is in R-studio) Experience in writing SQL statements Familiar or willing to learn AWS, ShinyApp, Markdown, HTML, REST API, R Server and R Connect Familiar with distributed version control systems, i.e. Git  Preferred qualifications:  Knowledge in custom ETL design, implementation and maintenance Experience in database architecture and algorithm design Upper intermediate English  We offer:  Remote job Decent Salary Interesting Global project Opportunity to practice English "
Consultant / Senior Consultant / Manager,https://hh.ru/applicant/vacancy_response?vacancyId=45754829,2021-06-25T18:30:40+0300,False,200000,,RUR,От 3 до 6 лет,Полный день,Анализ рынка;Стратегический консалтинг;Анализ данных;Работа в команде;MS Excel;Анализ финансовых показателей;Подготовка презентаций;Английский язык;Консультирование;Финансовое моделирование;Бизнес-моделирование;Аналитические исследования;Бизнес-анализ;Аналитика;Бизнес-консультирование;Анализ бизнес показателей;Business Process improvement;Strategy Development;,Glassford Global,Москва,"We are an analytical services provider, serving top tier consulting and industrial companies. We are known for delivering best in class analytics, fast. We ourselves have worked in top consulting, know how good and bad consulting looks and feels, and strive to make Glassford Global a better place to work.   We are looking for young consultants of various backgrounds.   What you will get  You will do a consulting work, while being able to maintain a healthy work-life balance. You will solve analytical puzzles, find solutions to business problems, and present your point of view with an impact. You will be dealing with the most complex and urgent tasks addressed by the consulting industry today and will work side by side with leading consulting teams. You will get a better resume, as the name Glassford Global tells a lot to managers and partners in big consultancies that work with us. You can count on our referrals and help with finding your next job. We value our alumni as much as our clients do. And finally, it is fun to work with us. We are a start-up, after all.    What we need from you  Intellectual rigor and genuine curiosity for finding better and more efficient solution than a client has requested. We exceed expectations; this is our and your way to a sustainable success. Sense of urgency and willingness to work hard and fast to fit the always-burning client deadlines and to maintain a good lifestyle. Attention to details and self-discipline to deliver a high quality product. Ability to work with diverse people and management styles, as you may be rotated from client to client frequently. Good English, Excel and PowerPoint skills.    Background needed  At least 2 years in consulting. Foreign branded consultancies are a big plus (Big-3: McKinsey, BCG, Bain; Big-4: PwC, EY, Deloitte, KPMG; Tier 2: ATKearney, Roland Berger, etc.) Bachelor&#39;s degree from a known university. Engineering and natural sciences (Physics, Mathematics, etc) are a big plus   "
