vacancy,url,created,has_test,salary_from,salary_to,currency,experience,schedule,skills,employer,area,description
Middle Machine Learning Engineer,https://hh.ru/applicant/vacancy_response?vacancyId=45369101,2021-07-09T11:32:05+0300,False,,,,От 1 года до 3 лет,Удаленная работа,Python;Machine Learning;Spark;AWS;Английский язык;NLP;,Provectus,Санкт-Петербург,"At Provectus, we are obsessed with technologies that impact the future of the whole of humanity. Just imagine: AI for curing eye diseases, ML for making factories safe for workers, preventing pandemic spreading, etc. It’s not about the future, it’s about the products we’ve already developed with #ProvectusTeam. Join us if you have the same passion for making products using AI/ML technologies, cloud services, and data engineering. Join us if you value a friendly corporate environment, and almost a family-driven approach to every employee. Join us if you want to grow professionally and ready for learning new things constantly.   As a Machine Learning Engineer, you’ll be provided with all opportunities for development and growth.   Responsibilities:  Create ML models from scratch or improve existing models Collaborate with the engineering team, data scientists and product managers to productionize models Develop experimentation roadmap Setup reproducible experimentation environment and implement experimentation pipelines  Requirements:  Comfortable with standard ML algorithms and underlying math Practical experience with solving classification and regression tasks in general, feature engineering Practical experience with one or more use cases from the following: NLP, Computer Vision, Forecasting Solid software engineering skills (i.e., ability to produce well-structured modules, not only notebook scripts) Python expertise, Docker English level - strong intermediate  Strong plus:  Practical experience with ML models in production Practical experience with cloud platforms (AWS stack is preferred, e.g. Amazon SageMaker, ECR, EMR, S3, AWS Lambda) Practical experience with deep learning models Practical experience with Spark  What we offer: We offer you attractive professional and educational opportunities, a competitive salary, and fun colleagues who make every online and offline event a treat. Briefly about us: Provectus is an Artificial Intelligence consultancy and solutions provider, helping businesses achieve their objectives through AI. We are recognized by industry analysts as a leading provider of AI solutions in specific business domains, driven by sophisticated IT service management and tech innovation. Provectus is a value driver and a trusted partner for our clients and employees. We are waiting for you to become a part of our team!"
Senior Machine Learning Engineer (Кипр),https://hh.ru/applicant/vacancy_response?vacancyId=43249913,2021-06-27T18:04:02+0300,False,5500,7000,EUR,Более 6 лет,Полный день,,MetaQuotes Software Corp.,Москва,"Внимание. Вакансия предполагает обязательный переезд на Кипр, в Лимасол - удаленная работа или аутсорс-услуги не рассматриваются.    MetaQuotes, компания с мировым именем, многолетний и безоговорочный лидер индустрии, продолжает расширять возможности для своих клиентов, постоянно повышая качество и дополняя функциональность своих продуктов.   Мы начинаем поиск Ведущего ML специалиста для постоянной работы в штате нашей компании. Нам нужен въедливый практик, человек, который решает задачи сам, от ее постановки до полной интеграции в процесс.   Мы НЕ ищем руководителя/аналитика/консультанта, который может научить работать других. Нам нужен тот, кто будет работать самостоятельно.  Просим вас в сопроводительном письме указать ссылки на портфолио внедренных вами проектов.     Вам предстоит заняться следующим:   разработкой систем поведенческого анализа и классификацией пользователей в областях: финансового трейдинга, рекламной аналитики, трекинга посетителей сайтов разработкой механизма непрерывной автоматической рекластеризации и механизмов модерации новых классов внедрением ML-решений в имеющуюся инфраструктуру работой с бизнес-заказчиками; соблюдение согласованных сроков; участие во всём цикле проекта - от сбора идей до реализации, внедрения в продакшн и последующего непрерывного развития  Ожидания:  опыт в проектах по моделированию в бизнес-ориентированном окружении; практика применения ML в реальных задачах от 0 до 100% готовности опыт интеграции систем моделирования с серверным программным обеспечением, в идеале - с С++ приложениями опыт в разработке ML систем - от 5 лет в бизнес-ориентированном окружении широкий кругозор в индустрии и знание актуальных трендов в теории и инструментах ML: классические методы, нейронные сети, Python, R, tensor-flow; умение быстро и аргументированно оценивать преимущества и недостатки различных подходов  Что даст вам преимущество перед другими кандидатами:  опыт в проектах по: классификации пользователей по поведенческим параметрам, выявлению мотивированного поведения, классификации веб-сайтов и приложений, симуляции спортивных соревнований знание Python (Cython, Jython, PyPy), NumPy, SciPy, Pandas; опыт коммерческой разработки С++ знание SQL, NoSQL баз данных и MapReduce: Mongo, Elastic, Hadoop, ClickHouse навыки devops в Windows и/или Linux окружении: ansible, shef, shell programming  Условия:  Полная оплата вашего проезда и проживания для посещения собеседования (если понадобится очная встреча) Компенсация всех ваших расходов на переезд, мы выплачиваем вам одноразовую компенсацию не менее 5000 евро Компенсация расходов на аренду жилья в первый месяц проживания на Кипре Помощь в оформлении всех необходимых документов Заработная плата выше рынка Медицинская страховка для вас и вашей семьи Бесплатное питание в офисе Уникальный опыт, невероятно сильная команда "
Специалист по Machine learning,https://hh.ru/applicant/vacancy_response?vacancyId=44429431,2021-07-18T14:05:15+0300,False,250000,,RUR,От 3 до 6 лет,Гибкий график,C++;Machine learning;CUDA;OpenCV;Neural Networks;Python;,Адалиск,Москва,"Стабильной компании специализирующейся на решении задач связанных с трехмерным моделированием и обработкой 3D данных, давно и успешно работающей с крупным стратегическим партнером в США, требуется специалист по machine learning для разработки 3D CAD системы. Это работа для тех, кто любит придумывать алгоритмы и решать сложные задачи. Вам будет предоставлена большая свобода творчества и простор для экспериментов. Если вы знаете математику, С++, нейронные сети и готовы применить эти знания для решения интересных задач, которые до вас никто не решал, добро пожаловать. Обязанности:  Разработка алгоритмов для медицинской (ортодонтия) CAD системы с использованием машинного обучения. Дизайн и разработка Deep Learning решений для 3D данных, включая данные, представленные полигональными сетками и облаками точек. Дизайн и разработка Deep Learning решений для восстановления трехмерных сцен из 2D изображений. Разработка количественных и качественных оценок Deep Learning алгоритмов Создание и поддержка кодовой базы и необходимой документации. Исследования и эксперименты в разработке алгоритмов машинного обучения. Способность работать одновременно над несколькими алгоритмами и быстро прототипировать алгоритмы.  Требования:  Глубокое знание DNN (Deep Neural Networks), желательно PyTorch. Отличное знание и серьезный опыт работы с Python. Серьезный опыт работы с обработкой изображений и/или компьютерным зрением. Опыт работы и знание GAN – плюс. Опыт работы с DNN в области обработки 3D данных (облака точек, полигональные сетки), включая реконструкцию 3D данных из 2D – плюс. Опыт работы по разработке DL решений для мобильных устройств – плюс. Знание и опыт работы с С++ - будет плюсом. Хорошая математическая подготовка, знание предметной области и алгоритмов аналитической геометрии и линейной алгебры, знание вычислительной математики. Знание английского языка на разговорном уровне.  Условия:  Официальное трудоустройство, полностью белая конкурентоспособная заработная плата без задержек; Регулярная индексация зарплаты, бонус по итогам года; Гибкий график, вы сможете совмещать работу с образованием или хобби. Формат работы может быть любым - офис/удаленка, все обсуждается. Переработки бывают очень редко, но если это случается - предоставляется дополнительный выходной; ДМС (включая стоматологию и госпитализацию) сразу после испытательного срока, страхование выезжающих за рубеж; возможность страхования членов семьи; Комфортный офис, не &quot;опен-спейс&quot;, бесплатные обеды, оплата тренажерного зала; Дружный доброжелательный коллектив, в котором приятно работать, лояльное начальство; Возможны командировки в США. "
Middle Machine Learning Engineer,https://hh.ru/applicant/vacancy_response?vacancyId=45369002,2021-07-09T11:31:59+0300,False,,,,От 1 года до 3 лет,Удаленная работа,Python;Machine Learning;Spark;AWS;Английский язык;NLP;,Provectus,Казань,"At Provectus, we are obsessed with technologies that impact the future of the whole of humanity. Just imagine: AI for curing eye diseases, ML for making factories safe for workers, preventing pandemic spreading, etc. It’s not about the future, it’s about the products we’ve already developed with #ProvectusTeam. Join us if you have the same passion for making products using AI/ML technologies, cloud services, and data engineering. Join us if you value a friendly corporate environment, and almost a family-driven approach to every employee. Join us if you want to grow professionally and ready for learning new things constantly.   As a Machine Learning Engineer, you’ll be provided with all opportunities for development and growth.   Responsibilities:  Create ML models from scratch or improve existing models Collaborate with the engineering team, data scientists and product managers to productionize models Develop experimentation roadmap Setup reproducible experimentation environment and implement experimentation pipelines  Requirements:  Comfortable with standard ML algorithms and underlying math Practical experience with solving classification and regression tasks in general, feature engineering Practical experience with one or more use cases from the following: NLP, Computer Vision, Forecasting Solid software engineering skills (i.e., ability to produce well-structured modules, not only notebook scripts) Python expertise, Docker English level - strong intermediate  Strong plus:  Practical experience with ML models in production Practical experience with cloud platforms (AWS stack is preferred, e.g. Amazon SageMaker, ECR, EMR, S3, AWS Lambda) Practical experience with deep learning models Practical experience with Spark  What we offer: We offer you attractive professional and educational opportunities, a competitive salary, and fun colleagues who make every online and offline event a treat. Briefly about us: Provectus is an Artificial Intelligence consultancy and solutions provider, helping businesses achieve their objectives through AI. We are recognized by industry analysts as a leading provider of AI solutions in specific business domains, driven by sophisticated IT service management and tech innovation. Provectus is a value driver and a trusted partner for our clients and employees. We are waiting for you to become a part of our team!"
Machine Learning Team Lead,https://hh.ru/applicant/vacancy_response?vacancyId=38605900,2021-07-19T05:57:15+0300,False,,,,От 1 года до 3 лет,Гибкий график,,Azoft,Новосибирск,"18 лет компания Azoft работает на рынке международного IT-аутсорсинга, предоставляя услуги разработки ПО для компаний по всему миру. Мы ищем ответственного, ориентированного на людей руководителя отдела. Готового вкладывать в своих людей время и силы.Отдел R&amp;D занимается нестандартными проектами, на которых применяет методы машинного обучения для решения задач наших клиентов. Мы учим квадрокоптер летать самостоятельно, распознаем объекты на изображениях, анализируем видео - и аудио- потоки, разрабатываем рекомендательные системы и др. Чем предстоит заниматься: Руководить отделом, а именно   Координировать работу отдельных ML-инженеров и целых команд   Распределять проектные ресурсы и планировать загрузку   Повышать эффективность бизнес-процессов внутри отдела и во взаимодействии со смежными отделами   Совместно с отделом продаж обеспечивать загрузку для разработчиков, участвовать в переговорах с клиентами, помогать находить и выигрывать крутые проекты   Совместно с HR-ами подбирать, адаптировать, мотивировать, развивать и продвигать разработчиков   Быть лицом отдела на внутренних и внешних мероприятиях   Выполнять целевые показатели по ФОТ и загрузке разработчиков   Вести отчетность и защищать ее перед руководством компании   Пожелания к будущему сотруднику:   Высшее профильное образование: мехмат, физфак, факультет информационных технологий   Широкий кругозор в IT и методах ML   Желательно, дополнительное образование по направление методов Machine Learning   Развитые коммуникации, умение договориться, выступить с докладом   Умение собирать и анализировать информацию, принимать обоснованные решения   Готовность брать ответственность за себя и своих сотрудников   Английский язык - Upper Intermediate и выше   Мы предлагаем:   Профессиональную и очень дружелюбную команду   Возможность принимать решения и влиять на жизнь компании   Пространство для реализации себя, своих профессиональных и финансовых амбиций   По-настоящему гибкий график работы   Развитие сотрудников: семинары, конференции, English   Забота о здоровье: 2 крутые команды - ИТ-футбол и ИТ-баскетбол, частичная компенсация абонементов в бассейн и фитнес-клубы.   Хороший отдых: совместные праздники и еженедельные Печенька-Party   Закрытая парковка: для автомобилей, велосипедов, самокатов, гироскутеров :)    "
Computer Vision Engineer (Machine Learning),https://hh.ru/applicant/vacancy_response?vacancyId=46182093,2021-07-15T06:04:16+0300,False,,,,От 1 года до 3 лет,Удаленная работа,Python;OpenCV;C++;Tensorflow;YoLo3+;Машинное обучение;Machine Learning;Computer Vision;,РусИнТех Сервис,Новосибирск,"RIT Automation – разработчик, предоставляющий высокотехнологичные решения для горнодобывающей промышленности с 2011г. Наши решения: системы высокоточного позиционирования оборудования и персонала, системы автоматизации и диспетчеризации производственного процесса, роботизация. Мы являемся резидентами Инновационного центра &quot;Сколково&quot; и Технологического парка &quot;Академпарк&quot;. Мы приглашаем в нашу команду специалиста в области ML для участия в развитии нового направления.  Обязанности:   разработка алгоритмов машинного зрения;   настройка баз данных;   решение задачи контроля периметра;   настройка и развитие инфраструктуры разработки систем машинного зрения, машинного обучения.   Требования:  высшее образование (желательно математика, физтех); C++, Python, Tensorflow, YoLo3+, OpenCV; опыт создания инфраструктуры по разработке систем машинного обучения и компьютерного зрения; знание основных библиотек.  Условия:   Официальное трудоустройство (&quot;белая&quot; заработная плата), ДМС;   Работа удаленно (возможна работа в офисе);   Удобный для тебя график работы (возможно совмещение с учебой);   Кофе, чай, фрукты и др. плюшки, а также свободная парковка для машин;   Разнообразные корпоративные мероприятия.   Если тебя заинтересовала наша вакансия, смело отправляй резюме!"
Senior Machine Learning Engineer,https://hh.ru/applicant/vacancy_response?vacancyId=42359317,2021-06-21T20:38:29+0300,False,,,,От 3 до 6 лет,Полный день,machine learning;AWS;Airflow;Kubernetes;,Grid Dynamics,Санкт-Петербург,"A project for one of the largest players in the game industry in the US. The customer is an American video game publisher based in California. The team is doing DS and ML for Sales predictions for the whole year. Our project team is 1MLOPS and 3 DS. AWS ecosystem.Responsibilities:  Ability to lead the project. Proactively educating the client team and bringing best practices. Communicate with business stakeholders to clarify their requirements and present the teamwork results.  Requirements:  5+ years of experience developing and deploying machine learning systems into production. Solid experience with AWS ecosystem Strong experience working with Airflow, SageMaker, Snowflake University or advanced degree in engineering, computer science, mathematics, or a related field. Strong knowledge of data pipeline and workflow management tools. Relevant working experience with Docker and Kubernetes is a plus. Experience in working across different global cultures a plus. Good communication skills and interpersonal skills.  We offer:  Opportunity to work on bleeding-edge projects Work with a highly motivated and dedicated team Flexible schedule Medical insurance Benefits program Corporate social events Professional development opportunities  About us: Grid Dynamics is the engineering services company known for transformative, mission-critical cloud solutions for retail, finance and technology sectors. We architected some of the busiest e-commerce services on the Internet and have never had an outage during the peak season. Founded in 2006 and headquartered in San Ramon, California with offices throughout the US and Eastern Europe, we focus on big data analytics, scalable omnichannel services, DevOps, and cloud enablement."
Product manager/менеджер продукта (Machine learning),https://hh.ru/applicant/vacancy_response?vacancyId=45967876,2021-07-20T11:51:50+0300,False,150000,,RUR,От 1 года до 3 лет,Полный день,Проведение презентаций;HTTP;HTTPS;HLS;MPEG_DASH;SRT;Английский язык;Launching new products;,СДН-видео,Москва,"CDNvideo – крупнейший оператор CDN в России и СНГ. Мы именно те, кто способствует возможности посмотреть трансляцию футбольного матча, церемонии вручения кинонаград из Лос- Анджелеса, Олимпиаду или прямую линию с президентом и etc. в максимально хорошем и доступном качестве в режиме реального времени. В данный момент мы развиваем дополнительный проект по направлению machine learning и ищем драйвового продуктолога, который выведет данный проект &quot; в люди&quot;. Обязанности: - выявление и приоритизирование перспективных точек роста - разработка видения и плана дорожной карты - взаимодействие с дирекцией о жизнедеятельности продукта  - определение ценовой политики продуктов - определение метрик успешности продукта (выручка и обратная связь) - консультация продавцов и маркетологов по вопросам продукта - помощь в создании презентаций - поиск поставщиков решений и взаимодействие с ними - сравнение с конкурентами - выступление на профильных конференциях - подготовка видеоинструкций - клиентская документация Требования:   Понимание современного состояния и возможностей ML в области GAN и Computer Vision. Знание основных типов нейронных сетей, методов их обучения и методов оценки качества.     Понимание механизма работы сетевых протоколов TCP/IP, HTTP/HTTPS и стриминговых протоколов HLS, MPEG_DASH, SRT (желательно);&quot;  Опыт работы в IT в качестве продуктолога, маркетолога или в продажах от 2 лет, либо опыт организации собственного бизнеса (предпочтительно); Отличные коммуникативные навыки, умение понимать людей и договариваться с ними;   Умение готовить продающие презентации и снимать обучающие видео; Ответственность, инициативность, творческое мышление; Стратегическое мышление, умение находить точки роста и нестандартные решения; Понимание механизма работы сетевых протоколов TCP/IP, HTTP/HTTPS и стриминговых протоколов HLS, MPEG_DASH, SRT (желательно); Хороший письменный русский, английский на уровне не ниже среднего (чтение/переписка), китайский (будет бонусом).  Условия: Мы предлагаем:  стабильную работу в инновационной быстроразвивающейся компании-резиденте технопарка Сколково, оформление по ТК РФ ( официальная заработная плата, включая все премии; оплата больничных в 100% размере, отпуск). заработная плата: оклад + реально выплачиваемая премия по итогам месяца+ итоговая годовая премия при успешной реализации и запуске продуктов график 5/2 с 10 до 19 в самом центре столицы; возможность развиваться не только в работе, но и посвящать время спорту (футбол/настольный теннис/коньки/лыжи и пр.) вместе с коллегами, и другим увлечениям; "
Data scientist/Machine learning engineer в команду прикладных исследований ИИ,https://hh.ru/applicant/vacancy_response?vacancyId=44007750,2021-07-15T10:37:33+0300,False,,,,От 1 года до 3 лет,Гибкий график,Python;C++;ML;Deep Learning;PyTorch;Machine Learning;,ВКонтакте,Санкт-Петербург,"Наша команда развивает передовые технологии машинного обучения и искусственного интеллекта.Приглашаем специалиста, который будет вместе с нами работать над проектами на грани «вау» и «это нереально».   Вам предстоит: • заниматься различными задачами по обработке естественного языка; • обучать и внедрять современные SoTA-модели на основе BERT и GPT; • исследовать и воплощать в жизнь решения для суммаризации, машинного перевода и автоматической поддержки пользователей; • разрабатывать диалоговые системы; • оптимизировать работу новых сервисов; • решать новые задачи в Language Processing.   У нас интересно, потому что: • вы будете создавать новые технологии, по качеству сопоставимые с разработками конкурентов-гигантов; • сможете придумывать изящные решения для сложных задач; • выступать на митапах и конференциях с докладами и статьями, рассказывать о топ-технологиях, которые мы применяем у себя (среди них суммаризация, автофильтры, unintended bias в задаче текстовой классификации, сжатие моделей и многое другое).   Иван Самсонов, менеджер проекта: «Проекты, за которые берётся наша команда, — это всегда челленджи, меняющие восприятие аудитории.Если вы хотите сделать что-то действительно новое и крутое, присоединяйтесь к нам!»   Мы ожидаем, что вы: • пишете на Python; • понимаете концепции Deep Learning и можете свободно их применять; • знаете классические и современные подходы к обработке естественного языка; • умеете пользоваться PyTorch или TensorFlow; • владеете Bash и CUDA; • знаете Docker. Будет плюсом, если вы работали с диалоговыми системами, суммаризацией и машинным переводом.   Сейчас все сотрудники ВКонтакте находятся на удалёнке, поэтому мы ждём кандидатов, которые начнут работать из дома, а в будущем смогут продолжить в офисе. Будьте уверены в своих силах, откликайтесь — желаем удачи!"
Product-менеджер (Machine Learning),https://hh.ru/applicant/vacancy_response?vacancyId=45824083,2021-06-29T14:33:25+0300,False,,,,От 3 до 6 лет,Гибкий график,Product Development;Machine Learning;IaaS;,Selectel,Санкт-Петербург,"Мы в поисках Product-менеджера для развития ML-направления в команду разработки ML/AI продуктов.  Основные задачи ML команды   Создавать новые продукты для автоматизации ML разработки   Разработка платформенных сервисов с использованием ML   Исследование новых платформ/инструментов для внедрение их в продукты компании   Основные задачи на этой позиции   Исследование пользователей   Генерация и проверка гипотез   Подготовка требований и постановка задач на разработку   Контроль и приемка результатов   Запуск продукта   От вас мы ожидаем   Опыт работы системным аналитиком или продакт-менеджером (желательно в IT)   Опыт запуска продуктов или отдельных фичей IT-продуктов   Хорошие знания и богатый опыт в части исследований пользователей (JTBD, CustDev, CJM, юзабилити тесты)   Системный подход, умение очень хорошо структурировать информацию   Техническая компетентность в предметной области   Развитые soft skills (коммуникация, разрешение противоречий, работа с конфликтами)   Любознательность   Мы придем в восторг, если у вас есть   Понимание, чем идея отличается от гипотезы   Знание теории систем или ТРИЗ   Знание рынка IaaS (или его понимание)   Опыт в работе с ML - обработка данных, разработка моделей и их применение   Про условия работы   Официальное оформление, белая зарплата   Годовая премия по результатам работы до 15% от суммарного оклада за 12 месяцев   Офис в г. Санкт-Петербург, 10 минут пешком от м. Московские ворота, своя парковка   Релокационный бонус при переезде   Бесплатные обеды и кофе-брейки   Гибкое начало рабочего дня (до 12:00)   Про здоровье и спорт   Ежемесячная надбавка за некурение   ДМС + стоматология + офисный врач   Доступ к психологическим консультациям: онлайн, в офисе или кабинете психолога   50% оплата абонемента в фитнес-клуб   Спортивные мероприятия (турниры по пейнтболу, картингу, «Гонка героев», киберспорт)   Аренда залов для футбола на газоне, пляжного волейбола, йога в офисе   Офисный душ   Про развитие   От 50% до 100% оплаты обучения английскому, еженедельные бесплатные разговорные клубы с носителями языка   Внутренние обмены знаниями: lightning &amp; thunder talks   Персонализированный план обучения, возможность участия в конференциях по всему миру   Онлайн-библиотека Alpina Digital   Про досуг   Образовательные мероприятия (мастер-классы, лекции про вселенную или по психологии, квизы и многое другое)   Походы в кино на фильмы про динозавров и трансляции фильмов в собственном конференц-зале   PlayStation VR zone, кикер и настольный теннис  "
Python C++ Разработчик-исследователь (machine learning),https://hh.ru/applicant/vacancy_response?vacancyId=46017265,2021-07-19T13:10:40+0300,False,,,,Более 6 лет,Полный день,Python;MATLAB;C++;Statistica;MS Access;,Лаборатория Касперского,Москва,"Проект - Нейроморфная платформа на основе (спайковых) импульсных нейронных сетей (SNN). Наукоемкие задачи, связанные с исследованием алгоритмов обучения импульсных сетей. Прикладные задачи обработки данных от различных устройств с помощью импульсных сетей, включая их выполнение на специализированном аппаратном обеспечении. Разработка и применение машинного обучения для защиты современной технологической среды   Обязанности:   Разработка модулей нейроморфной платформы  Исследование и разработка методов обучения импульсных сетей Разработка и исследование методов переноса обычных нейронных сетей на SNN платформу Разработка прикладных решений Интеграция с другими продуктами отдела на основе обычных нейронных сетей    Требования:  Языки С++ и Python, Tensorflow + Keras на высоком уровне, продемонстрированном в конкретных проектах Хорошая математическая подготовка. Уверенные знания различных архитектур нейронных сетей. Опыт участия в проектах с интенсивным использованием нейросетевых технологий и машинного обучения  Желательно:  Опыт работы с машинным обучением по данным многомерных временных рядов "
Machine Learning Engineer,https://hh.ru/applicant/vacancy_response?vacancyId=43540184,2021-07-07T17:05:18+0300,False,,,,От 3 до 6 лет,Полный день,Python;ANSYS;PLM;Английский язык;,Siemens,Санкт-Петербург,"With over 1,600 research operatives worldwide, Siemens Technology department (new.siemens.com/global/en/company/innovation/research-development.html) occupies a special position within Siemens&#39; R&amp;D facilities. It functions as an international network of expertise and as a global partner for technology and innovations. Through its R&amp;D activities in Germany, the USA, China, India, Russia, Japan, and Eastern Europe Siemens Technology helps secure the company&#39;s technological future and bolster its competitiveness. We are looking for a motivated specialist who will contribute to R&amp;D activities of Siemens Technology Russia in the area of novel technological solutions for advanced multidisciplinary and multiphysics simulations of industrial equipment. Particularly, we deal with development and application of advanced machine learning and data analytics driven frameworks for Computer Aided Design (CAD) and Computer Aided Engineering (CAE) to extend and accelerate the conventional engineering simulations and optimizations. What are my responsibilities?  Execution and management of R&amp;D projects including communication with customers, scouting for potential projects, and promotion of R&amp;D products Documenting the obtained R&amp;D results in the form of reports or presentations  What do I need to qualify for this job?  MS/PhD in mechanical engineering or similar Proven experience in working with Python frameworks for data analytics (Numpy, Pandas, Dask, etc.), machine learning (Scikit-Learn, Pytorch, Tensorflow, etc.), and visualization (Matplotlib, Plotly, PyQT, VTK) Knowledge in at least one of the following physical domains: computational fluid dynamics, structural mechanics, acoustics, electromagnetics, system simulations Fluent Russian and English (knowledge of German is an advantage) Good communication skills Experience with agile project management Readiness to work in a team Ability to switch between multiple tasks  What would be beneficial?  Proven experience in working with CAD/CAE, data management, optimization, and/or system simulation software (preferably based on Siemens PLM solutions) International experience  What else should I know?  Full time position, office in St. Petersburg Corporate medical insurance program Corporate pension program International business trips possible Corporate trainings based on development plan Fitness compensation program "
Стажер Data Science / Machine Learning,https://hh.ru/applicant/vacancy_response?vacancyId=45728356,2021-06-24T21:01:50+0300,False,300,600,USD,Нет опыта,Гибкий график,Python;Data Science;Machine Learning;,Exclusive PR Solutions,Новосибирск,"Exclusiveprs.com - лидер отрасли в области аналитики данных, медиа и PR. Мы ищем студентов университетов, специализирующихся в области компьютерных наук, которые заинтересованы в изучении передовых технологий анализа данных и машинного обучения на реальных проектах в области обработки естественного языка (Natural Language Processing). Мы предлагаем хороший старт для карьеры в области Data Science с дальнейшей релокацией в Москву. Опытная команда из выпускников НГУ, МФТИ, Колумбийского университета (США).   ОБЯЗАННОСТИ - Глубоко погружение в бизнес-процессы клиентов с целью исследования данных, чтобы получить значимые инсайды для бизнеса - Сбор данных с помощью парсинга и обработка данных - Создание прототипов моделей машинного обучения на Python на основе клиентских данных - Внедрении прогнозных моделей в продукты и сервисы клиентов МЫ ПРЕДЛАГАЕМ - Оплачиваемую стажировку с возможностью неполного рабочего дня (совмещения с учебой) - Гибкий рабочий график - Вы будете работать над международными проектами и взаимодействовать с опытными разработчиками - Ваша стажировка будет включать программу обучения для развития навыков в области Data Science и машинного обучения - Вы сможете взаимодействовать с менторами, которые будут следить за вашим развитием на протяжении всей стажировки - По результатам стажировки предлагаем трудоустройство в штат компании или партнеров (Сбер, Яндекс и др.)   ОБРАЗОВАНИЕ И КВАЛИФИКАЦИЯ - Студенты университетов в области компьютерных наук, информационных технологий, разработки программного обеспечения или аналогичных дисциплин (приоритет перед НГУ, НГТУ) - Владение английским на уровне B1 (чтение и понимание технических статей) - Знание Python, опыт работы с библиотеками машинного обучения, например, scikit-learn, numpy, pandas, pytorch"
Middle Machine Learning Engineer,https://hh.ru/applicant/vacancy_response?vacancyId=44691367,2021-07-19T14:39:41+0300,False,,,,От 3 до 6 лет,Полный день,Python;SQL;Математическая статистика;Deep learning;machine learning;Статистический анализ;Pytorch;Tensorflow;,Rutube,Москва,"Мы создаем национальную видеоплатформу Rutube. Rutube - продукт, известный на рынке более 10 лет. В 2021 году мы совместно с руководством ГПМ разработали новую стратегию и произвели перезапуск сервиса. Впереди еще много амбициозных целей, новых проектов и развитие существующих направлений. Наша библиотека непрерывно пополняется разнообразным полезным и развлекательным контентом. Помимо кино, программ и TV-шоу российских телеканалов нашим пользователям будут доступны творческие видео блогеров, подкасты, культурные события, видео из области образования, стриминг игр и многое другое. Каждый пользователь может найти что-то для себя, и мы стремимся, чтобы это было легко и соответствовало его ценностям и интересам. Вас ждет:  Работа с большими объёмами данных; Подготовка данных, выявление закономерностей на признаках; Построение, оценка и внедрение моделей машинного обучения; Построение и статистическая проверка гипотез по имеющимся данным; Предложения по включению новых данных.  Мы ожидаем, что Вы:  Имеете опыт решения прикладных задач в Python (PyTorch, Tensorflow, Catboost/xgboost) на Linux с помощью машинного обучения; Опыт программирования в Python от 3 лет (знакомы с объектно-ориентированным стилем, тестированием кода, code review, git); Можете быстро разбираться в современных научных статьях по рекомендательным системам и машинному обучению; Знакомы с базовыми алгоритмами deep learning и машинного обучения; Знакомы с методами оптимизации моделей машинного обучения, теорией вероятностей и мат. статистикой, линейной алгеброй; Знаете английский на уровне, позволяющем читать и понимать англоязычные технические документы без словаря; Уверенно работаете с SQL и можете погрузиться в сырые данные.  Будет плюсом, если Вы:  Имеете опыт работы с рекомендательными системами; Любите учиться и самостоятельно разбираться с задачей; Принимали участие в соревнованиях Kaggle, хакатонах, олимпиадах по програмированию или математике.  У нас:  Заработная плата полностью белая. Уровень готовы обсудить индивидуально; Интересные проекты на пике современных технологий; Красивый офис недалеко от м. Проспект Мира/ м. Рижская; График работы 5/2, гибкое начало дня с 9:00-11:00 до 18:00-20:00 (можно в офисе, удаленно или с гибридным графиком); ДМС после испытательного срока; Комфортная кухня с вкусным кофе, чаем, какао, фруктами и овощами. "
Разработчик (Machine Learning),https://hh.ru/applicant/vacancy_response?vacancyId=44332537,2021-06-28T09:16:35+0300,False,,,,От 1 года до 3 лет,Полный день,Python;Linux;MATLAB;Математический анализ;Docker;,Ижевский радиозавод,Ижевск,"ИЖЕВСКИЙ РАДИОЗАВОД — российская группа приборостроительных компаний, реализующая российские и международные проекты в области космоса, железной дороги, топливно-энергетического комплекса. Дата основания — 6 марта 1958 года. На текущий момент предприятие насчитывает более 5500 человек. Вакансия: Разработчик (Machine Learning) отдел робототехники. Задачи: 1. Разработка систем распознавания автомобильных номеров, дорожных знаков, градация транспортных средств (грузовик, легковой авто, мотоцикл) на основе нейронных сетей. 2. Разработка многопоточных приложений, ТПО c gui. 3. Адаптация алгоритмов в области обработки изображений / deep learning, разработка новых алгоритмов (классификация, детектирование, сегментация и др.). СТЕК ТЕХНОЛОГИЙ:Python, Docker. Работаем по методологии scrum / agile . МЫ ИЩЕМ РАЗРАБОТЧИКА, КОТОРЫЙ:  имеет опыт работы с задачами машинного обучения (компьютерного зрения); понимает принципы построения архитектур свёрточных сетей; имеет опыт разработки на Python; хорошо знает математику, линейную алгебру и мат. статистику, теорию вероятностей; знает Keras, PyTorch, Tensorflow, Caffe, Mxnet, sklearn, Cuda (будет плюсом опыт работы TensorRT, ROS, Docker); владеет навыками работы с OpenCV; работал с ОС Linux.   "
Python Developer (Machine Learning),https://hh.ru/applicant/vacancy_response?vacancyId=45272648,2021-07-06T10:34:56+0300,False,,,,От 1 года до 3 лет,Полный день,Работа с базами данных;Python;Machine Learning;Natural Language Toolkit;,ФАН,Санкт-Петербург,"Вы будете:• Превращать аудиозаписи в текст• Группировать тексты• Модифицировать тексты (rewrite)• Сбор и анализ данных Требования:• Отличные знания алгоритмов и структур данных• Умение грамотно использовать алгоритмы машинного обучения• Навыки работы с фреймворками Big Data• Навыки работы с Natural Language Toolkit• Сильная математическая база• Знание статистики (в частности методов анализа временных рядов), алгоритмов машинного обучения (с учителем и без учителя) Опыт решения задач в области анализа данных Предлагаем: • Шикарную молодежь по соседству, которая думает что умеет шутить;• Сложные задачи;• Пятидневный рабочий день;• Возможность обсудить зарплату;• Питание за наш счет, чай, кофе."
Оператор сварочной установки / Welding Machine Operator,https://hh.ru/applicant/vacancy_response?vacancyId=46293349,2021-07-16T12:06:56+0300,False,,,,От 3 до 6 лет,Полный день,,Линде Северсталь,Санкт-Петербург,"Компания LINDE SEVERSTAL LLC — это совместное предприятие немецкой компании Linde AG, расположенной в Мюнхене, и российской компании ПАО «Северсталь». Основной вид деятельности совместного предприятия — производство спиральных теплообменников, которые будут использоваться на заводах по производству сжиженного природного газа (СПГ). Компания Linde Severstal LLC - ведущий поставщик теплообменников для заводов СПГ на российском рынке. В данный момент в компании открыт конкурс на вакансию Оператор сварочной установки  Обязанности:  Работа оператором на установках для автоматической сварки под флюсом и обучение новых операторов Автоматическая сварка под флюсом на сварочных колоннах (одно- и двух-дуговые процессы) Автоматическая сварка под флюсом на установках для обварки патрубков Вспомогательные сопутствующие слесарно-сборочные и зачистные операции Обучение операторов сварочных установок  Требования:  Опыт автоматической сварки под флюсом продольных и кольцевых швов обечаек Профильное среднее профессиональное образование Опыт работы на предприятиях среднего или тяжелого машиностроения не менее 3-х лет Знания процесса автоматической сварки под флюсом нержавеющих сталей Умения в настройке сварочных режимов автоматической сварки под флюсом при изготовлении изделий из нержавеющих сталей Опыт автоматической сварки под флюсом продольных и кольцевых швов обечаек  Как дополнительное преимущество:  Знания, умения и опыт ручной аргонодуговой сварки Знания, умения и опыт автоматической аргонодуговой сварки соединений &quot;труба-трубная доска&quot; Знание, умение и опыт полуавтоматической сварки нержавеющих сталей Наличие действующего удостоверения НАКС на ОХНВП (1, 6) Опыт работы на установках для автоматической сварки под флюсом производства АО НПФ ИТС и ESAB  Условия:  работа в стабильной развивающейся компании на современном оборудовании; возможности профессионального развития и карьерного роста; конкурентоспособная заработная плата; трехсменный график работы (5/2, суббота и воскресенье - выходные дни); обучение и стажировки на заводе Linde AG в Германии. "
Руководитель R&D отдела (Machine Learning),https://hh.ru/applicant/vacancy_response?vacancyId=38552927,2021-07-19T05:57:15+0300,False,,,,От 1 года до 3 лет,Гибкий график,,Azoft,Новосибирск,"18 лет компания Azoft работает на рынке международного IT-аутсорсинга, предоставляя услуги разработки ПО для компаний по всему миру. Мы ищем ответственного, ориентированного на людей руководителя отдела. Готового вкладывать в своих людей время и силы.Отдел R&amp;D занимается нестандартными проектами, на которых применяет методы машинного обучения для решения задач наших клиентов. Мы учим квадрокоптер летать самостоятельно, распознаем объекты на изображениях, анализируем видео - и аудио- потоки, разрабатываем рекомендательные системы и др. Чем предстоит заниматься: Руководить отделом, а именно   Координировать работу отдельных ML-инженеров и целых команд   Распределять проектные ресурсы и планировать загрузку   Повышать эффективность бизнес-процессов внутри отдела и во взаимодействии со смежными отделами   Совместно с отделом продаж обеспечивать загрузку для разработчиков, участвовать в переговорах с клиентами, помогать находить и выигрывать крутые проекты   Совместно с HR-ами подбирать, адаптировать, мотивировать, развивать и продвигать разработчиков   Быть лицом отдела на внутренних и внешних мероприятиях   Выполнять целевые показатели по ФОТ и загрузке разработчиков   Вести отчетность и защищать ее перед руководством компании   Пожелания к будущему сотруднику:   Высшее профильное образование: мехмат, физфак, факультет информационных технологий   Широкий кругозор в IT и методах ML   Желательно, дополнительное образование по направление методов Machine Learning   Развитые коммуникации, умение договориться, выступить с докладом   Умение собирать и анализировать информацию, принимать обоснованные решения   Готовность брать ответственность за себя и своих сотрудников   Английский язык - Upper Intermediate и выше   Мы предлагаем:   Профессиональную и очень дружелюбную команду   Возможность принимать решения и влиять на жизнь компании   Пространство для реализации себя, своих профессиональных и финансовых амбиций   По-настоящему гибкий график работы   Развитие сотрудников: семинары, конференции, English   Забота о здоровье: 2 крутые команды - ИТ-футбол и ИТ-баскетбол, частичная компенсация абонементов в бассейн и фитнес-клубы.   Хороший отдых: совместные праздники и еженедельные Печенька-Party   Закрытая парковка: для автомобилей, велосипедов, самокатов, гироскутеров :)    "
Machine learning engineer,https://hh.ru/applicant/vacancy_response?vacancyId=46384344,2021-07-20T15:45:55+0300,False,,,,Нет опыта,Полный день,,Сбербанк,Санкт-Петербург,"В дивизион Цифровой кредитный мониторинг Корпоративного блока ПАО Сбербанк ищем коллегу.  Вам предстоит работа в команде, где будут методологи, аналитики, разработчики, data scientist’ы и data engineer’ы.Команда занимается исследованиями, разработкой и выводом в пром моделей для задач в области цифрового кредитного мониторинга.Спектр и характер задач предполагает применение широкого инструментария ML, DL, статистики, в таких областях как: NPL, CV, анализ временных рядов. Некоторые примеры применения моделей:Наши модели работают на предсказание дефолтов, анализ текстов новостей, мониторинг объектов по космоснимкам, понимание и классификацию условий договора, идентификацию объектов недвижимости в текстах выписок из ЕГРН. Функциональные обязанности:Проведение исследований и разработка моделей на этапе POCРазработка /подготовка pipeline предобработки данных для моделей, в том числе написание витрин данных на стеке Hadoop/Hive/SparkАдаптация кода моделей для вывода в productionПодготовка автотестов Основные требования:Опыт разработки на Python от 1 года.Опыт или завершённые курсы DS и/или проекты/разработанные модели (примеры ноутбуков).Отличное знание SQL - Join`ы, агрегаты, группировки, вложенные запросы, индексы, хранимые процедуры, оконные функции.Знание форматов данных: сsv и разновидности, json, yaml, parquet, orc.Знание OLTP, OLAP, ACID, Теорема CAP.Понимание процессов ETL, ELT; CDC ​ - как плюс.Знание языков Scala или Java - как плюс. Мы предлагаем:- Комфортный офис рядом с метро или удаленная работа из дома в пределах С-Пб и Лен области.- Отсутствие дресс-кода.- ДМС.- крупнейшее DS&amp;AI community - более 600 DS банка, включая:регулярный обмен знаниями, опытом и лучшими практиками.возможность переиспользования кода и библиотек из централизованного репозитория.интерактивные лекции и мастер-классы от ведущих ВУЗов и экспертов технологических компаний.дайджест о самых последних разработках в области DS&amp;AI и отчеты с крупнейших конференций мира.регулярные внутренние митапы"
Washing Machine Product Manager,https://hh.ru/applicant/vacancy_response?vacancyId=46242599,2021-07-14T16:12:09+0300,False,,,,Более 6 лет,Полный день,MS PowerPoint;Английский язык;Data Analysis;Analytical skills;P&L;MS Excel;Product Management;Presentation skills;,"Самсунг, Группа компаний",Москва,"Responsibilities:  Product ownership Build up market leadership in focus segments in Russia and CIS countries P&amp;L management Market analysis, including Price Index, Benchmarks, etc Distribution policy and price policy development Delivery of product information to the partners PLC: New Product launching, Product development, EOL management SKU performance tracking and counter measures PSI management Promo programs development Close collaboration with Key Account Managers (sell-out/sell-in guidance, feedback gathering, etc) Reporting to direct supervisor, division head and management  Requirements:  Product marketing experience is must for the candidate Experienced data analysis Fluent English Database operation experience (Excel, Word, PowerPoint, Internet explorer, Outlook) Strong skills in Excel Strong presentation skills Good in Mathematics Creativeness, analytical skills, result oriented, stress resistant, positive thinking mind is necessary. "
Machine Learning Engineer на Computer Vision направление,https://hh.ru/applicant/vacancy_response?vacancyId=44053050,2021-06-25T15:16:04+0300,False,,,,От 3 до 6 лет,Полный день,Python;PostgreSQL;Django Framework;SQL;Git;Airflow;MLFlow;,Газпром-медиа Развлекательное телевидение (ГПМ РТВ),Москва,"Кого ищем: Machine Learning Engineer (Middle/Senior) на Computer Vision направление О команде: ДУД отвечает за централизованный сбор, хранение, обработку и анализ данных из всевозможных источников холдинга, создание новых продуктов на основе данных. ДУД состоит из команд разработки, тестирования, эксплуатации, продуктовых аналитиков и специалистов по анализу данных (DS). Проект: Система разметки архивных видео для телеканалов (десятки тысяч часов) Задачи:   Построение системы быстрого поиска контента в видео по тегам   Разработка высоконагруженных end-to-end web-сервисов на базе ML-моделей из прототипов, предоставленных DS/DL-командами; плюс к этому умение разработать базовые ML-модели и бейзлайны, взятые из туториалов или пейперов, при отсутствии прототипов   Построение DAGов   Оптимизация существующих web-сервисов и ML-моделей внутри них   автоматизация ETL-процессов сбора данных для ML-сервисов (самостоятельно и совместно с DE)   Разработка и поддержка чеков полноты данных для статистического анализа и машинного обучения   Контроль за CI/CD приложений, помощь в реагировании на инциденты   Настройка мониторинга метрик качества моделей   Поддержание высокого уровня культуры написания и тестирования кода   Требования:   Опыт разработки ПО от 2 лет   Опыт внедрения ML моделей в продакшен   Pipeline-friendly - опыт выстраивания многостадийных DAGов - Airflow, MLFlow, DVC   Data-search-friendly - опыт с системами быстрого поиска контента Faiss/Annoy/NMSLIB/Milvus   Web-friendly: понимание основных частей, из которых состоит web-приложение, опыт с Celery, поверхностное знание Python Django или опыт с аналогичными фреймворками (Flask/FastAPI/Java Spring)   Dl-friendly: знание фреймворков для deep learning (PyTorch, TensorFlow)   Dl-inference-friendly: знание стека для оборачивания DL моделей в inference мод (ONNX, TensorRT)   Ml-friendly: знание python-стека, Numpy, Scipy, Sklearn, Pandas, XGBoost/CatBoost   Database-friendly: опыт с одной или несколькими RDBMS/NoSQL/Key-Value (PostgreSQL, ClickHouse, Redis/Ignite), написание SQL-запросов   Broker-friendly: опыт с Kafka/RabbitMQ   Docker-friendly: базовое понимание работы с контейнерами   Unix-friendly: bash, sed, awk, find, grep, ssh   Ggit-friendly: знание git, командная работа с репозиторием, понимание различных workflows   Gof-friendly: понимание ООП, знание основных шаблонов проектирования приложений   People-friendly: культура документирования своих решений\кода, соблюдение codestyle, code review   Условия:  Knowledge sharing и профессиональный рост Возможность принимать участие в конференциях и проходить обучение ДМС со стоматологией после испытательного срока Доплаты по больничному листу (до 15 дней в году) Трудоустройство по ТК РФ Возможность работать удаленно или в московском офисе на м. Маяковская, SOK Сады Пекина "
Machine Learning Developer (remote),https://hh.ru/applicant/vacancy_response?vacancyId=46310711,2021-07-16T22:03:47+0300,False,4500,,USD,Более 6 лет,Удаленная работа,ML;AWS;ANSI SQL;NumPy;SciPy;scikit_learn;Pandas;Jupyter;Matplotlib;IoT;ElasticSearch;Spark MLLib;Zeppelin;Python;Seaborn;PyTorch;Dask;Machine Learning;Tensorflow;,ClearScale,Москва,"ABOUT CLEARSCALE ClearScale is a leading company that provides a wide range of cloud services including architecture design, development, integration, migration, automation, and managed services. We help Fortune 500 enterprises, mid-sized business, and startups succeed with ambitious, challenging, and unique cloud projects. We architect, develop, and launch innovative and sophisticated solutions using the best cutting-edge cloud technologies. ClearScale is growing quickly and there is high demand for the services we provide. Clients come to us for our deep experience with key cloud infrastructure, automation, and management providers like AWS, Chef, Docker, and RightScale. This is a unique opportunity to make a big impact, enjoy competitive compensation, work on a wide variety of projects for clients across multiple industries, and work alongside some of the best minds in the cloud. You’ll be joining the team at an exciting time as we work together on solving all sorts of interesting problems. We’re looking for enthusiastic people from a range of backgrounds to join our team. We value people who take pride in their work and place an emphasis on getting things done. About the role ClearScale is looking for an individual who performs a Machine Learning Developer or Data Scientist role. The successful candidate should demonstrate the ability to build, train, tune, and deploy machine learning (ML) models using the AWS Cloud. About the project ClearScale is running various projects closely related to Machine Learning, Artificial Intelligence and Internet Of Things.One of the projects is aiming at creation of valuable insights and forecasts for stock market investors and traders based on companies fundamentals, contracts data, news feed sentiment. It requires strong expertize in neural networks, NLP and various ML algorithms.Others include recommendation engines for e-commerce companies as well as for public/private educational organizations.These projects either startups started from the scratch either bring completely new techniques to the mature businesses. Responsibilities  Select and justify the appropriate ML approach for a given business problem Identify appropriate AWS services to implement ML solutions Design and implement scalable, cost-optimized, reliable, and secure ML solutions The ability to express the intuition behind basic ML algorithms Experience with ML and deep learning frameworks Create data repositories for machine learning Identify and implement a data-ingestion solution Identify and implement a data-transformation solution Sanitize and prepare data for modeling Perform feature engineering (missing and unbalanced data, outliers) Analyze and visualize data for machine learning Train machine learning models Perform model tuning (learning rate, regularization techniques), hyperparameter optimization Evaluate machine learning models Apply basic AWS security practices to machine learning solutions Deploy and operationalize machine learning solutions  Requirements  Specialty, Masters or Ph.D. in the related field Hands-on experience in the practical applications of Probability and Statistics, Linear Algebra, Calculus to the field of Machine Learning Hands-on experience working with time series, trends, and seasonality Advanced knowledge of ANSI SQL (ability to write advanced analytical queries) 5+ years of experience in Machine Learning applications (classical and deep learning models, ensemble learning) 5+ years of experience in Python ML frameworks (NumPy, SciPy, scikit_learn, Pandas, Jupyter, Matplotlib) 2+ years of experience working with the general AWS infrastructure  Would be a plus  In-depth knowledge in one or more Machine Learning areas: Deep Learning, NLP, Recommender Systems, Reinforcement Learning In-depth knowledge of Tensorflow/Keras In-depth knowledge of AWS SageMaker and one or more of the following related algorithms: Linear Learner, XGBoost, Seq2Seq, DeepAR, BlazingText, Object2Vec, Object Detection, Image Classification, Semantic Segmentation, Random Cut Forest, Neural Topic Model, Latent Dirichlet Allocation, K-Nearest-Neighbors, K-Means, Principal Component Analysis, Factorization Machines, IP Insights, Reinforcement Learning, Automated Model Tuning Hands-on experience with Docker, Internet of Things In-depth knowledge of one or more of the following AWS technologies: S3, Kinesis, Glue, Redshift, RDS, Aurora, DynamoDB, ElastiCache, Data Pipeline, Batch, DMS, Step Functions, Athena, QuickSight, EMR, SageMaker, Ground Truth, Comprehend, Translate, Transcribe, Polly, Rekognition, Forecast, Lex, Personalize, Textract, DeepRacer, DeepLens, IoT Hands-on experience with ElasticSearch Hands-on experience with Apache Spark MLLib (Zeppelin) Hands-on experience with OpenCV Hands-on experience with advanced Python data frameworks (Seaborn, PyTorch, Dask)  Valid AWS certificates would be a great plus (not a must):   AWS Certified Solutions Architect – (Associate / Professional) AWS Certified DevOps Engineer – (Professional) AWS Certified SysOps Administrator – (Associate) AWS Certified Developer – (Associate)  You’ll be a great fit if:  You are able to be collaborative, adaptive, flexible and have a strong leadership and communication skills You love being a part of a small, dynamic, and agile team that encourages you to learn and grow You desire to work with some of the world’s top brands You love finding solutions to interesting problems and figuring out how things work You welcome having autonomy with complex tasks You are passionate about using your experience and expertise to inspire the team  We offer:  High compensation paid every two weeks in USD We work 100% remotely from various cities and countries and we trust each other: we do not track your screens, clicks, typing or webcam as many other companies do. Professional reputation of engineers and developers in our community is of the highest value Very flexible schedule consisting of 40 hours per week Bureaucracy-free environment We adore change-makers and creators so you&#39;ll be able to influence our processes Highly skilled project teams that consists of senior level professionals Wise projects rotation including ML, Big Data, IoT, fintech and healthcare Paid AWS certifications and internal education.     "
Machine Learning Engineer,https://hh.ru/applicant/vacancy_response?vacancyId=46025618,2021-07-06T17:45:57+0300,False,,,,От 1 года до 3 лет,Полный день,,Сбербанк,Москва,"В Сбере каждый год растёт количество моделей, используемых в процессах банка. При этом каждую из этих моделей мало разработать, нужно её ещё провалидировать, внедрить и поставить на регулярный мониторинг. Чтобы эффективно решать эти задачи, в Сбере появилась платформа полного цикла для работы с данными и моделями - SberDS. Она позволяет эффективней решать задачи подготовки данных и машинного обучения, ускоряет процесс проверки гипотез, упрощает процесс разработки и валидации моделей, а также контролирует результат работы модели в проде. В команду SberDS.R&amp;D мы ищем талантливого ML-инженера который будет:  Расширять возможности платформы в областях распределённой обработки данных и глубокого обучения; Исследовать возможности решения задач заказчиков на SberDS; Определять перечень доработок платформы и участвовать в их реализации.  Для этого потребуется:  Хорошее знание Python (стандартные и ML библиотеки, умение применять ООП); Понимание принципов построения моделей машинного обучения; Опыт работы со Spark (pyspark) и в целом с экосистемой Hadoop; Знание SQL; Опыт работы с docker; Умение работать с git; Системное мышление, желание разбираться в предметной области, в бизнес-процессах; Техническое высшее образование.  Будет плюсом если есть опыт работы с:  Библиотеками deep learning (PyTorch, Tensorflow, и т. д.) Linux-системами Flask/Django  Мы предлагаем:  Смешанный режим работы; Профессиональное обучение, семинары, тренинги, конференции; Работа с современным стеком технологий; Регулярные DS-митапы, большое внутреннее DS сообщество; Спортзал в офисе. "
Machine Learning Engineer,https://hh.ru/applicant/vacancy_response?vacancyId=43659406,2021-07-20T10:33:22+0300,False,,,,От 1 года до 3 лет,Полный день,Python;Java;SCALA;,Mail.ru Group,Санкт-Петербург,"Что нужно будет делать Работать над проектами в области автоматизации модерации и информационной безопасности, используя big data стэк. В команде мы в основном практикуем end-to-end решения задач, поэтому предполагается, что кандидат разделяет наше мировоззрение и готов погружаться в продакшен код, а не ограничиваться разработкой прототипа. Наш стек:  Языки: Python, Java, Scala; Технологии которые часто используем в работе: PyTorch, DVC, MlFlow, Hadoop,Spark, Airflow, Kafka.  Примеры того, чем мы занимаемся:  Модерацией в Юле; Детекцией ботов, мошенников, используя графовые, поведенческие данные и контентные признаки; Автоматизация восстановления профиля на основе распознавания лиц и жестов; Поиск дубликатов объявлений; ML инфраструктурой и процессами.  Требования:  Уверенные навыки в программирования на Python и хотя бы одном статически типизированном языке; Хорошие знания базового ML; Представление о современном состоянии NLP, умение использовать базовые вещи(word2vec, cnn, эмбеддинги, faiss); Работа с современным BigData стеком (Hadoop/Spark/Airflow).  Будет плюсом:  Опыт оптимизации DL решений на инференс; Уметь прочитать, а затем воспроизвести в коде статью; Опыт промышленной разработки на Java/Scala/Python; Опыт разработки промышленных AI сервисов; Опыт применения DevOps практик в контексте разработки ML моделей; Опыт применения ML в cybersecurity и общее представление об этой сфере.  Работа в Mail.ru Group ─ это:  разнообразие проектов: соцсети, почтовые сервисы, киберспорт, игры, электронная коммерция, мессенджеры, образование, B2B ─ которые помогают миллионам пользователей работать, решать бытовые задачи, учиться и развлекаться; сложные и интересные задачи: высоконагруженные сервисы, которые задают уровень для конкурентов качеством и технологиями; быстрый рост в трендовых направлениях; амбициозные цели перед каждым проектом; экспертиза: сотрудники Mail.ru Group обладают передовым опытом, преподают в образовательных проектах, выступают на российских и международных конференциях; команда: вместе работаем, занимаемся спортом, участвуем в соревнованиях и отдыхаем; профессиональное развитие: организуем митапы, конференции, встречи разработчиков и тестировщиков, семинары и тренинги, куда открыт доступ каждому сотруднику; здоровье и спорт: программа ДМС доступна с первого месяца работы; поддерживаем 8 корпоративных видов спорта (футбол, баскетбол, волейбол, бег, плавание, хоккей, триатлон, настольный теннис); оборудование: мощное железо, дополнительные мониторы, специализированные гаджеты ─ все для решения масштабных задач и экспериментов; возможность работать удаленно или по гибридному графику: часть рабочего времени — в офисе, часть — дома.  Мы будем рады вашему отклику и, при обоюдном интересе, предложим условия и проекты, от которых не захочется отказываться."
Computer Vision Engineer (Machine Learning),https://hh.ru/applicant/vacancy_response?vacancyId=46182095,2021-07-13T07:22:57+0300,False,,,,От 1 года до 3 лет,Удаленная работа,Python;OpenCV;C++;Tensorflow;YoLo3+;Машинное обучение;Machine Learning;Computer Vision;,РусИнТех Сервис,Барнаул,"RIT Automation – разработчик, предоставляющий высокотехнологичные решения для горнодобывающей промышленности с 2011г. Наши решения: системы высокоточного позиционирования оборудования и персонала, системы автоматизации и диспетчеризации производственного процесса, роботизация. Мы являемся резидентами Инновационного центра &quot;Сколково&quot; и Технологического парка &quot;Академпарк&quot;. Мы приглашаем в нашу команду специалиста в области ML для участия в развитии нового направления.  Обязанности:   разработка алгоритмов машинного зрения;   настройка баз данных;   решение задачи контроля периметра;   настройка и развитие инфраструктуры разработки систем машинного зрения, машинного обучения.   Требования:  высшее образование (желательно математика, физтех); C++, Python, Tensorflow, YoLo3+, OpenCV; опыт создания инфраструктуры по разработке систем машинного обучения и компьютерного зрения; знание основных библиотек.  Условия:   Официальное трудоустройство (&quot;белая&quot; заработная плата), ДМС;   Работа удаленно (возможна работа в офисе);   Удобный для тебя график работы (возможно совмещение с учебой);   Кофе, чай, фрукты и др. плюшки, а также свободная парковка для машин;   Разнообразные корпоративные мероприятия.   Если тебя заинтересовала наша вакансия, смело отправляй резюме!"
R&D Engineer Computer Vision and Machine Learning,https://hh.ru/applicant/vacancy_response?vacancyId=45087995,2021-06-30T19:05:40+0300,False,,,,От 3 до 6 лет,Полный день,MATLAB;Data Analysis;C++;Atlassian Jira;SPSS;,Envista Holdings Corporation,Москва,"   Role Overview/Summary:   We are looking for a research engineer/scientist in the field of Computer Vision, Digital Image Processing, Computer Graphics, and Machine Learning. You will join a team of software developers, mechanical engineers, clinical experts, and fellow researchers, to create next-generation solutions for Spark and Digital Orthodontics in general. Primary Duties and Responsibilities:    Investigate various aspects of the digital orthodontics workflow to identify areas for automation and optimization. Develop advanced algorithms and methodologies for automatic processing, augmentation, integration, and prediction of photographic, volumetric, geometric and/or meta data. Participate in an iterative concept prototyping pipeline to validate or disprove new ideas. Design experiments, metrics, and acceptance criteria, for the validation of proposed solutions both in terms of technical capability and clinical significance. Implement proposed solutions as high-fidelity prototypes that can be readily handed-over to product development teams for commercialization. Create technical reports to document the investigation, its findings, and proposed solutions. Work with cross-functional teams regularly to communicate progress and potential risks. Conduct technology and patent scans to be in-tuned with the state of the art. Participate in patent filing activities.   Job Requirements  Job Requirements REQUIREMENTS:    Master&#39;s degree in Computer Science, Applied Mathematics, or other Engineering disciplines in related fields. Minimum 3 years of professional R&amp;D experience in Computer Vision, Digital Image Processing, Computer Graphics, and/or Machine Learning. Demonstrated problem-solving skills; ability to distill complex or abstract requirements into actionable ideas. Strong mathematics and algorithm design skills. Good spoken and written English skills. Effective technical writing skills.    PREFERRED QUALIFICATIONS:    PhD in Computer Science, Applied Mathematics, or other Engineering disciplines in related fields. Solid C++ and object-oriented programming skills; proficiency in design patterns and best practices; industry experience in commercial software development. Deep understanding of computer vision techniques and digital image processing algorithms. Extensive knowledge and experience in various AI fields (e.g., deep learning, support vector machines, fuzzy logic, logistic regression, and others), and AI/Data Science platforms (e.g., TensorFlow, Matlab AI toolbox, and/or KNIME). Strong communication skills; ability to explain complex ideas in ways that can resonate with and influence other people. Proven ability to challenge the status quo and think outside the box; ability to learn from previous mistakes and iterate to generate new solutions quickly. Experiences in data analysis and visualization is a plus. Prior work experiences in healthcare (FDA) regulated industry is a plus.    Critical Success Factors:    Solid technical understanding and real-world experiences in related fields. A growth mindset and a relentless pursuit of continuous improvement; willingness to constantly challenge oneself and be challenged; openness to different ideas and unfamiliar domains. Results Oriented; a good understanding and appreciation of the balance between scientific rigor and engineering solutions.     "
"Оператор станков с программным управлением 5-го разряда (Schaublin Machines SA225TM-CNC, Condor 81)",https://hh.ru/applicant/vacancy_response?vacancyId=44757805,2021-07-19T17:06:54+0300,False,,,,От 3 до 6 лет,Полный день,Сборочное производство;Чтение чертежей;Станочник широкого профиля;Токарная обработка деталей;,Государственный космический научно-производственный центр им. М.В. Хруничева,Москва,"В цех основного производства крупного предприятия ракетно-космической отрасли требуются операторы станков с программным управлением 5 разрядов Обязанности:  Ведение процесса обработки деталей диаметром от 2 мм до 20 мм (жиклёров, гильз, плунжеров, клапанов) с большим числом переходов, требующих перестановок деталей; Подбор и установка инструментальных блоков с заменой и юстировкой инструмента; Подналадка узлов и механизмов в процессе работы; Корректировка режимов резания по результатам работы станка.  Требования:  Чтение технологических процессов, чертежей. Знание и применение контрольно-измерительных инструментов и приборов. Опыт работы станочником/ оператором станков/ токарем обязателен.  Мы предлагаем:  Интересную, стабильную работу на крупном предприятии ракетно-космической отрасли. Оформление согласно Трудового кодекса РФ, официальная заработная плата. Возможность обучения, повышения квалификации, возможность участия в профессиональных конкурсах как внутри предприятия, так и во всей отрасли. Корпоративные мероприятия (спортивные соревнования, праздники). Для работников предприятия:   льготные путёвки в пансионат с лечением &quot;Заря&quot; (Подмосковье); льготное посещение Дворца водного спорта &quot;ФИЛИ&quot;, тренажёрного зала; бесплатные занятия в секциях: баскетбол, волейбол, футбол, гандбол, большой теннис, настольный теннис, шахматы.   Для детей работников предприятия:   льготное посещение детского садика.   Медицинское обслуживание в ведомственной поликлинике №2 ФМБА РФ. Наше предприятие находится вблизи ст. м. Фили (3 остановки), Багратионовская (пешком 12 минут). На нашей территории есть несколько столовых, иногородним работникам предоставляется место в общежитии рядом с работой. "
Machine Learning Engineer / Data Scientist,https://hh.ru/applicant/vacancy_response?vacancyId=46026437,2021-07-06T18:09:16+0300,False,,,,От 3 до 6 лет,Полный день,Python;Atlassian Jira;Java;Git;Linux;,Аркадия,Санкт-Петербург,"Arcadia, an innovative software development company providing services to international clientele, is looking for ML Engineer. Cutting-edge technologies. Agile development process. The highly professional team provides good opportunities for professional development and career.We are looking for a Data Scientist with Python knowledge. Responsibilities:   develop and maintain packages that will be used for drug discovery integrate cutting-edge ML/DL algorithms and approaches build data pipelines build APIs for model serving   work as a part of international team of chemists and data scientists to clarify requirements and agree upon important implementation details (in English).    Requirements   Python and its data stack (Pandas, NumPY, etc.) Python and its ML stack (PyTorch, scikit-learn, etc.)   Python and its parallelization stack (multiprocessing, Pebble, etc.) unit testing in Python (unittest, pytest) Jupyter Notebooks understanding of neural networks and their graph counterparts, graph embeddings   familiarity with Linux command line understanding of parallel processing in Python (thread-based, process-based), serialization, memory mapping understanding of SQL queries, minimal experience with Postgres/Oracle experience with task trackers (preferably Jira) and version control tools (preferably git).  Would be nice to have:  familiarity with Java and C++ experience with AWS understanding of drug discovery process and how ML is used there experience with RDKit and chemical data formats (SMILES, SMARTS, SDF, RDF) experience with Domino Data Lab experience in web technologies experience in development of simple services with Python (Flask, NginX, uWSGI, Docker).  Salary and benefits:  competitive salary (discussable, depending on experience) training programs, professional development benefits: voluntary health insurance (incl. dental insurance)‚ corporate events and sports activities flexible schedule comfortable office in the downtown near metro station/ or remote work. "
Machine Learning Engineer в отдел Перформанса,https://hh.ru/applicant/vacancy_response?vacancyId=45317201,2021-07-19T09:55:30+0300,False,,,,От 1 года до 3 лет,Полный день,Python;SQL;ML;,Mail.ru Group,Москва,"AdTech-направление объединяет рекламные продукты и инструменты для бизнеса Mail.ru Group, упрощая начало работы и ежедневное взаимодействие с рекламными кампаниями для любых категорий пользователей — от начинающих предпринимателей до профессионалов маркетинга. Задачи:  проводить полный цикл разработки моделей на основе машинного обучения и статистики: от исследований и получения данных до встраивания в продакшен и продуктовой аналитики; в составе команды формулировать продуктовые гипотезы, разрабатывать их и поддерживать реализованные продукты.  Будет плюсом:  предыдущий опыт работы с задачами из области интернет-рекламы (Computational Advertisng); предыдущий опыт работы в высоконагруженных веб-проектах; предыдущий опыт работы с рекомендательными системами; знакомство с Hadoop стеком — Hadoop, Spark; знакомство с системами продуктовой аналитики (пример: Clickhouse + Apache Superset); ML Ops.  Требования:  навыки разработчика — алгоритмы и структуры данных, хранилища данных, программирование на любом современном языке программирования, инструментарий разработчика; постановка и декомпозиция Data Science задач; машинное обучение — знание классических supervised/unsupervised моделей, базовое понимание нейросетевых моделей; проведение офлайн/онлайн-экспериментов; теория вероятностей и математическая статистика; понимание, как строить инженерные процессы вокруг DS задач — пайплайны, работа моделей в продакшене, деплой, воспроизводимость.  Работа в Mail.ru Group — это:  разнообразие проектов: соцсети, почтовые сервисы, киберспорт, игры, электронная коммерция, мессенджеры, образование, B2B — которые помогают миллионам пользователей работать, решать бытовые задачи, учиться и развлекаться; сложные и интересные задачи: высоконагруженные сервисы, которые задают уровень для конкурентов качеством и технологиями; быстрый рост в трендовых направлениях; амбициозные цели перед каждым проектом; экспертиза: сотрудники Mail.ru Group обладают передовым опытом, преподают в образовательных проектах, выступают на российских и международных конференциях; команда: вместе работаем, занимаемся спортом, участвуем в соревнованиях и отдыхаем; профессиональное развитие: организуем митапы, конференции, встречи разработчиков и тестировщиков, семинары и тренинги, куда открыт доступ каждому сотруднику; здоровье и спорт: программа ДМС доступна с первого месяца работы; поддерживаем 8 корпоративных видов спорта (футбол, баскетбол, волейбол, бег, плавание, хоккей, триатлон, настольный теннис); оборудование: мощное железо, дополнительные мониторы, специализированные гаджеты — все для решения масштабных задач и экспериментов; офис в 5 минутах от метро, крытый паркинг для всех сотрудников, велопарковка, а летом — прокат велосипедов, лонгбордов и самокатов; для поддержания иммунитета круглый год во фреш-баре овощи и фрукты; собственный тренажерный и спортивный зал в офисе; возможность работать удаленно или по гибридному графику: часть рабочего времени — в офисе, часть — дома.  Мы будем рады твоему отклику и, при обоюдном интересе, предложим условия и проекты, от которых не захочется отказываться."
Computer Vision Engineer (Machine Learning),https://hh.ru/applicant/vacancy_response?vacancyId=46182096,2021-07-13T07:22:57+0300,False,,,,От 1 года до 3 лет,Удаленная работа,Python;OpenCV;C++;Tensorflow;YoLo3+;Машинное обучение;Machine Learning;Computer Vision;,РусИнТех Сервис,Кемерово,"RIT Automation – разработчик, предоставляющий высокотехнологичные решения для горнодобывающей промышленности с 2011г. Наши решения: системы высокоточного позиционирования оборудования и персонала, системы автоматизации и диспетчеризации производственного процесса, роботизация. Мы являемся резидентами Инновационного центра &quot;Сколково&quot; и Технологического парка &quot;Академпарк&quot;. Мы приглашаем в нашу команду специалиста в области ML для участия в развитии нового направления.  Обязанности:   разработка алгоритмов машинного зрения;   настройка баз данных;   решение задачи контроля периметра;   настройка и развитие инфраструктуры разработки систем машинного зрения, машинного обучения.   Требования:  высшее образование (желательно математика, физтех); C++, Python, Tensorflow, YoLo3+, OpenCV; опыт создания инфраструктуры по разработке систем машинного обучения и компьютерного зрения; знание основных библиотек.  Условия:   Официальное трудоустройство (&quot;белая&quot; заработная плата), ДМС;   Работа удаленно (возможна работа в офисе);   Удобный для тебя график работы (возможно совмещение с учебой);   Кофе, чай, фрукты и др. плюшки, а также свободная парковка для машин;   Разнообразные корпоративные мероприятия.   Если тебя заинтересовала наша вакансия, смело отправляй резюме!"
Machine Learning Team Lead (Java/Python),https://hh.ru/applicant/vacancy_response?vacancyId=44908548,2021-06-25T15:04:35+0300,False,,,,Более 6 лет,Гибкий график,,Joom,Москва,"Joom — международный мобильный маркетплейс, самый быстрорастущий e-Commerce сервис Европы. Первую версию приложения мы запустили летом 2016-го года, к текущему моменту у нас более 400 миллионов установок по всему миру. Сейчас в поисках тимлида в команду рекомендаций: построение персональной ленты товаров для каждого пользователя. В команде 5 человек, которые как занимаются анализом данных, продумывают гипотезы, строят модели и проводят эксперименты, так и пишут production-код под высокие нагрузки. Мы ожидаем, что сотрудник на этой позиции будет часть времени заниматься управлением людьми, декомпозицией задач и стратегическим развитием направления, а часть — писать код и решать инженерные задачи. Задачи:  управление процессом разработки; развитие команды; разработка архитектурных решений; управление R&amp;D и инфраструктурой (real-time персонализация, развитие системы факторов); развитие рекомендаций как продукта (гипотезы, работа с данными, реализация прототипов, поддержка, инфраструктура).  Стек:   Languages: Java, Kotlin, Scala, Python; Infrastructure: AWS, k8s, docker, prometheus, jenkins; ML: catboost, tf, faiss, spark-mllib; Data: spark, airflow, flink, cassandra, mongo, kafka.  Требования:  опыт найма и управления командой ML разработчиков; уверенные навыки SWE: знание базовых алгоритмов и структур данных, понимание микросервисной архитектуры, принципов построения распределенных систем; уверенное владение Java или С++ или Python: опыт разработки и отладки распределенных, высоконагруженных приложений, умение писать тестируемый код; промышленный опыт в Machine Learning: знание основных подходов к моделированию и обучению (линейные модели, GBDT, DNN, RNN и др.), знание статистики, алгебры, численных методов, опыт работы с байесовскими методами, опыт full-stack разработки, включающей анализ сырых данных, формулирование гипотез, создание моделей, проведение экспериментов, внедрение результатов в продакшн; опыт построения распределенного ML-стека с нуля.  Будет плюсом:  опыт разработки рекомендательных / поисковых систем; знание Go, Kotlin, Spark, Hadoop; опыт работы с MapReduce.  Условия работы:   красивый и удобный офис в районе м. ЦСКА/Динамо;   релокационный пакет для соискателей не из Москвы;   белая зарплата;   пакет акций компании;   гибкий график;   любое оборудование для работы на выбор;   ДМС (в т.ч. для детей) и 100% оплачиваемые больничные;   ипотечная программа после двух лет работы;   бесплатная парковка;   корпоративные обеды.  "
"Machine Learning Researcher (Senior): CV,GAN",https://hh.ru/applicant/vacancy_response?vacancyId=46175188,2021-07-18T17:48:20+0300,False,250000,,RUR,От 3 до 6 лет,Удаленная работа,MATLAB;MS Access;Python;Математический анализ;Computer Vision;CUDA;,Тексел,Москва,"Основные требования: Python, PyTorch, свёрточные сети, генеративные модели (GAN, VAE), компьютерное зрение, git. Будет плюсом: TensorFlow, TensorRT, C++, CUDA, 3D-графика/вычислительная геометрия, Docker. Круг задач: разработка и улучшение нейронных сетей для генерации изображений, изучение релевантных статей. Плюсы:- Возможность сосредоточиться на исследованиях- Большое количество закрытых датасетов, в том числе и собственных- Оплата конференций- Предоставление любых аппаратных ресурсов для обучения моделей- Возможность участия в других интересных проектах внутри компании, не только по CV Компенсация, кафетерий льгот - в рынке, готовы обсуждать пожелания кандидата."
Machine learning engineer,https://hh.ru/applicant/vacancy_response?vacancyId=45754000,2021-07-16T11:32:26+0300,False,,,,От 3 до 6 лет,Удаленная работа,PyTorch;Python;Computer Vision;OpenCV;Git;,«Баланс-Платформа»,Москва,"Наша команда занимается задачами, связанными с интеллектуальной обработкой документов, созданием систем OCR/HCR, парсингом таблиц и извлечением сущностей и фактов из текстовой информации. Сейчас ищем коллегу для усиления направлении Computer Vision/OCR Задачи:  Развитие собственного движка OCR  Создание моделей распознавания рукописного текста и текста in the wild Детекция и распознавания таблиц, в том числе искаженных и без видимых границ Определения языка текста, поворота, типа шрифта и т.д.  Обязанности:  Имплементация и обучение моделей OCR, детекции текста, детекции объектов, сегментации и классификации Чтение статей и перекладывание SOTA в продакшен, в том числе NAS и self-supervised learning для HCR Организация циклов дообучения на новых данных (постановка задач разметчикам, запуск crowdsource майнинга данных и т.д) Оптимизация моделей для исполнения: квантизация, прунинг и дистилляция моделей. Портирование на OpenVino Релизы новых моделей в среды исполнения  Ожидаем от кандидата:  Отличное знание одного из фреймворков глубокого обучения (PyTorch, TensorFlow), + numpy, sklearn, pandas Опыт разработки/обучения/внедрения одной или нескольких типов моделей: object detection , semantic segmentation, instance segmentation, OCR, text detection, text spotting и т.д. Хорошее знание классического CV и OpenCV Хорошее знание алгоритмов, python3, ООП, SOLID, git, docker Желание изучать новые подходы, модели и технологии  Плюсом будет:  Хороший профиль на GitHub Медальки наKaggle  Опыт в GAN, StyleTransfer, Domain adaptation и NASУсловия работы: Возможна работа в офисе, удаленная или смешанный график.  Конкурентная белая заработная плата Оформление по ТК РФ Интересные задачи Возможность вместе с нами создавать инновационный продукт Посещение профильных конференций, обучение за счет компании Крутой полис ДМС для сотрудников, включая стоматологию, личного врача в офисе Работа в центре столицы – рядом с метро Тверская, Охотный Ряд, Театральная Команда молодых и заряженных ребят Пятничная пицца   "
"Backend-разработчик сервисов (Python, Machine Learning)",https://hh.ru/applicant/vacancy_response?vacancyId=40422384,2021-07-07T10:57:21+0300,False,,,,От 1 года до 3 лет,Гибкий график,Python;Git;SQL;Scrum;,Directum,Ижевск,"Наша команда разрабатывает интеллектуальные сервисы Directum Ario для автоматизации операций в различных информационных системах наших заказчиков (ECM, ERP, CRM и прочее). Примеры задач  автоматическая предобработка документов (определение ориентации и угла поворота документов при помощи нейросетей, коррекция яркости и контрастности, OCR); извлечение именованных сущностей из документов (организации, персоны, суммы, даты и т.д.); извлечение табличных фактов из финансовых документов; поиск графических объектов (подписи, печати, логотипы, поля документов и прочее).  Для усиления команды мы ищем увлечённого человека, который будет расширять интеллектуальные возможности наших продуктов. Уважаемые соискатели! Просьба обратить внимание, что вакансия не удаленная и мы рассматриваем кандидатов, проживающих в Ижевске или готовых к переезду в наш славный город. О работе  над решением работают 3 кроссфункциональные команды – 2 команды разработки и команда аналитиков данных; доступ к реальным данным для обучения моделей, проверки гипотез, выявления закономерностей; основной стек - Python (около 70%), .NET (около 30%); решение состоит из 11-ти микросервисов (на текущий момент), объединенных RabbitMQ; фреймворки/технологии - Tensorflow, Keras, Pytorch, ScikitLearn, OpenCV, RabbitMQ, Elastic и пр.; инструменты - Azure Devops, Git, VisualStudio, PyCharm; методологии/практики - Agile/Scrum, CodeReview, QA, CI/CD.  Задачи на ближайший период  реализовать обработку анкет (извлечение чекбоксов, отметок, рукопечатный текст); обучаемое извлечение фактов из таблиц (замена текущего механизма на правилах); перевести экспертную логику на машинное обучение. Например,  - удаление шумов и артефактов с изображений; - определение угла поворота, геометрических искажений сканов и т.д.; - обработка новых форматов документов (анкеты, рукописный ввод и т.д.); Мы ищем разработчика  со знанием Python, .NET; с опытом разработки сервисов от 1 года; плюсом будут интерес, желание, знания, опыт практического применения машинного обучения. Например:  - классификация текстовых данных; - извлечение именованных сущностей; - компьютерное зрение (сегментация изображений, поиск объектов, классификация изображений). Почему к нам стоит идти  наш продукт уже успешно используется в ряде крупнейших компаний нефтяной, космической, машиностроительной отраслей и не только; мы предоставим практические кейсы обработки реальных данных наших заказчиков; у нас есть оборудование для быстрой проверки гипотез на базе нейросетевых моделей; вы прокачаетесь в востребованном направлении, создавая реально полезные продукты; выделяется время на саморазвитие и изучение новых технологий, участие в AI-соревнованиях (Kaggle) в рамках обучения; у нас есть задачи и идеи для реализации на несколько лет вперед.  Что мы предлагаем  индивидуальный подход по заработной плате; каждые полгода происходит оценка профессионального развития с возможностью повышения зарплаты; официальное трудоустройство; гибкий график работы; дополнительные возможности для развития: внутреннее и внешнее обучение; бонусы за выступления на митапах и конференциях, за статьи в проф. сообществах; ДМС со стоматологией; скидки в спортивные клубы, тренажерная комната и теннисный стол в офисе; корпоративные занятия йогой; курсы по английскому языку в зависимости от вашего уровня знаний; комната отдыха с PlayStation4 + VR; авто- и велопарковка. "
ML инженер/Machine Learning engineer (Python),https://hh.ru/applicant/vacancy_response?vacancyId=44872118,2021-07-20T16:47:36+0300,False,,,,От 3 до 6 лет,Полный день,Python;SQL;numpy;pandas;Collaborative filtering;,МИА Россия сегодня,Москва,"Мы разрабатываем алгоритмы для сайтов в 30 странах мира, включая крупнейший новостной портал Рунета ria.ru. Рекомендательные алгоритмы, автоматическая модерация комментариев, автотэгирование контента, генерация текста, распознавание изображений - это только некоторые примеры задач, над которыми мы работаем.   Мы ищем члена команды, который готов улучшить рекомендательные алгоритмы для новостного контента, где не подходят алгоритмы, разработанные для ecommerce.  Обязанности:  Разработка алгоритмов, которые эффективно работают в реальном времени; Разработка моделей машинного обучения на больших данных (крупнейший новостной сайт страны, около 20 млн хитов в день); Разработка рекомендательных алгоритмов, разработка предсказательных моделей для разных источников трафика ;  Требования:  Высшее образование в области ML; Хорошая математическая подготовка; Аналогичный предыдущий опыт работы; Опыт работы с Docker, Docker Compose, Git, jira или аналоге; Знание SQL, опты работы с PostgreSQL; Опыт работы со Spark, MоngoDB, Kafka, Redis, Clickhouse будет являться преимуществом; Отличное знание Python; опыт оптимизации и профилирования кода будет являться плюсом; Способность формулировать и проверять гипотезы, объяснять полученные данные.  Условия:  м. Парк культуры (в шаговой доступности); Заработная плата обсуждается на собеседовании; Оформление по ТК; График работы пятидневная рабочая неделя; Социальный пакет (ДМС, корпоративный фитнес-клуб, врач-терапевт в офисе); Бесплатное посещение показов фильмов, лекций и других мероприятий на площадках МИА «Россия сегодня». "
Computer Vision Engineer (Machine Learning),https://hh.ru/applicant/vacancy_response?vacancyId=46182094,2021-07-13T07:22:57+0300,False,,,,От 1 года до 3 лет,Удаленная работа,Python;OpenCV;C++;Tensorflow;YoLo3+;Машинное обучение;Machine Learning;Computer Vision;,РусИнТех Сервис,Томск,"RIT Automation – разработчик, предоставляющий высокотехнологичные решения для горнодобывающей промышленности с 2011г. Наши решения: системы высокоточного позиционирования оборудования и персонала, системы автоматизации и диспетчеризации производственного процесса, роботизация. Мы являемся резидентами Инновационного центра &quot;Сколково&quot; и Технологического парка &quot;Академпарк&quot;. Мы приглашаем в нашу команду специалиста в области ML для участия в развитии нового направления.  Обязанности:   разработка алгоритмов машинного зрения;   настройка баз данных;   решение задачи контроля периметра;   настройка и развитие инфраструктуры разработки систем машинного зрения, машинного обучения.   Требования:  высшее образование (желательно математика, физтех); C++, Python, Tensorflow, YoLo3+, OpenCV; опыт создания инфраструктуры по разработке систем машинного обучения и компьютерного зрения; знание основных библиотек.  Условия:   Официальное трудоустройство (&quot;белая&quot; заработная плата), ДМС;   Работа удаленно (возможна работа в офисе);   Удобный для тебя график работы (возможно совмещение с учебой);   Кофе, чай, фрукты и др. плюшки, а также свободная парковка для машин;   Разнообразные корпоративные мероприятия.   Если тебя заинтересовала наша вакансия, смело отправляй резюме!"
Data Scientist / Machine Learning Engineer,https://hh.ru/applicant/vacancy_response?vacancyId=45678037,2021-06-23T12:52:40+0300,False,,,,От 3 до 6 лет,Полный день,Data Mining;Data Science;Machine Learning;Hadoop;Spark;TensorFlow;PyTorch;GPGPU;Математическая статистика;Numpy;Java;C++;Python;,AliExpress Россия,Москва,"  We are looking for Data Science / Machine Learning Engineer to develop new recommendation models and to improve our search engine performance.   Optimizing and developing components of AE search engine; Optimizing and developing recommendation algorithms; Leverage other machine-learning models useful for international e-commerce platform.  We build an international team, and English is the business language in our Moscow office. Requirements: Preferred Qualifications  Ability to implement, research and improve search and recommendations algorithms. Solid knowledge in ML theory, mathematical statistics, data mining. Experience with common data-processing engines and storages - Hadoop, Spark, and such. Possess good communication, cooperation, planning, execution capacity, strong responsibility and excellent learning capability Able to communicate in English at work  Highly desirable skills (in one or more of the following areas)   Experience with natural language processing technologies Experience with Deep learning Experience with Reinforcement learning Using real-time data for models retraining and inference Familiar with modern open-source ML tools, such as TensorFlow, PyTorch, Numpy and such. Programming skills with Java, Kotlin, or C++ Understanding of GPGPU computation concepts Chinese language skills will be a great plus  Conditions and Benefits  Work for one of world&#39;s biggest IT companies, in Russia, without cross-border relocation International, young, and very professional engineering team Comfortable office in Moscow City Competitive salary with performance-based bonuses Mac or Windows laptop of your choice Corporate medical insurance "
Machine Learning Engineer,https://hh.ru/applicant/vacancy_response?vacancyId=45860704,2021-07-18T15:05:55+0300,False,200000,350000,RUR,От 1 года до 3 лет,Удаленная работа,Python;AWS;Английский язык;Docker;SQL;NLP;OCR;Numpy;Git;Computer Vision;OpenCV;BERT;fasttext;Word2Vec;Pandas;,Nexus FrontierTech Ltd,Москва,"О компании: Компания Nexus FrontierTech, основанная в 2015 году, была создана с целью преодоления разрыва между разработчиками и бизнес-профессионалами и повышения осведомленности о преимуществах ИИ для решения общих проблем на предприятиях. Наши команды, базирующиеся в Лондоне, Токио, Сингапуре, Бостоне и Ханое, сосредоточены на разработке наиболее эффективных и конкретных ИИ-решений для каждого из наших уникальных клиентов. *Мы будем очень благодарны, если вы при отклике приложите версию вашего резюме на английском языке. Обязанности:   Создание AI-сервисной инфраструктуры и кастомизация наших продуктов в соответствии с требованиями клиентов.   Развертывание наших продуктов на облачных платформах (AWS, GCP, Azure ...) и в локальных средах.   Общение с клиентами, анализ их требований и советы клиентам лучших решений.   Общение с командой разработчиков, для определения лучших решений, которые мы можем предоставить клиентам.   Консультация клиентов по вопросам интеграции наших решений в их существующие системы.   Разработка и кастомизация ПО для наших клиентов   Требования:  Бакалавриат по специальностям, связанным с Computer Science или ИТ. (не обязательно, но было бы хорошо)  Уровень Senior или Middle.   Знание ML и NLP   Опыт работы с Docker и Kubernetes   Опыт управления и проектирования AWS: Route 53, EC2, S3, RDS, ElasticCache, DynamoDB, IAM Roles, privacy policy   Опыт участия в проектах по разработке услуг Enterprise-уровня   Опыт проектирования API (RESTful и GraphQL)   Большой опыт разработки на Python.   Знание и, желательно, опыт работы с программной безопасностью и защитой данных   Быть внимательным к деталям и клиентоориентированным   Уверенный английский язык   Условия:  Зарплата для Senior-разработчика - 200 тыс. руб. - 300 тыс. руб. (мы готовы обсудить бóльшую зарплату для кандидатов с больши́м опытом.), для Middle-разработчика - 150 тыс. руб - 200 тыс. руб. Найм на контрактной основе. Возможность работать full-time (40ч/неделя) или part-time. "
Machine Learning Research Engineer (Computer Vision),https://hh.ru/applicant/vacancy_response?vacancyId=45600756,2021-07-16T10:21:10+0300,False,,,,От 3 до 6 лет,Полный день,Английский язык;C++;Python;Linux;TensorFlow;PyTorch;Deep Learning;,Криптонит,Москва,"Мы разрабатываем системы видео-аналитики и распознавания лиц, применяемые в СКУД и системах обеспечения промышленной безопасности. В процессе интеграции мы проводим оптимизации под требования и задачи конкретного заказчика.Мы ищем инженера исследователя в области компьютерного зрения. Готовы гибко обсуждать функции, роли и наименование позиции в зависимости от опыта и квалификации кандидата.Чем предстоит заниматься:  Решением практических задач и реализацией алгоритмов глубокого обучения по обработке изображений и видео. Анализом публикаций, мониторингом появления новых методов, формированием предложений по развитию разрабатываемых технологий. Постановкой и проведением практических экспериментов по оценке эффективности новых методов и алгоритмов. Анализом ошибок и решением проблем возникающих в production.  Наши ожидания:  Навыки и релевантный опыт в Deep Learning от 3-х лет. Уверенное владение TensorFlow и/или PyTorch. Опыт работы в OS Linux. Качественное понимание принципов лежащих в основе архитектур современных глубоких нейронных сетей. Уровень английского языка, позволяющий свободно читать и понимать научные статьи на английском, воспринимать английскую речь. Коммуникабельность, умение находить компромиссы и аргументировано отстаивать свою точку зрения. Умение структурировать собственную работу. Нацеленность на результат.  Будет плюсом:  Наличие ученой степени в области Computer Science. Успешное участие в соревнованиях Kaggle. Наличие научных публикаций. Опыт программирования на С++.  Что мы предлагаем:  Работу в развивающейся технологической компании. Интересные задачи (исследовательские и прикладные), работа в команде исследователей и разработчиков. Профессиональный и карьерный рост. Комфортные рабочие места в современном офисе, оснащение новым it-оборудованием, зона отдыха. Оформление в соответствии с ТК РФ. Заработную плату на уровне лидеров индустрии (обсуждается индивидуально и зависит от опыта и компетенций кандидата). График работы: пн-пт (с 10 до 19); возможно согласование индивидуального графика с руководителем и совмещение с научной и/или преподавательской деятельностью. Соцпакет: отпуск 28 календарных дней, ДМС после испытательного срока (3 месяца), корпоративное обучение (английский язык). Возможность участия в профессиональных конференциях. Релокационный пакет для специалистов из других городов. "
Machine learning specialist,https://hh.ru/applicant/vacancy_response?vacancyId=45220369,2021-07-04T15:07:43+0300,False,,,,От 3 до 6 лет,Полный день,Python;Linux;Bash;Docker;Machine learning;,Quantum Brains,Санкт-Петербург,"С 2006 года Quantum Brains является международным инвестиционным фондом, занимающимся высокочастотной торговлей и специализирующимся на торговле на традиционных и цифровых рынках с использованием собственных идей, исследований и программного обеспечения. Quantum Brains размещает исключительно собственный капитал на более чем 50 торговых площадках. Мы ищем увлеченного специалиста в области искусственного интеллекта и анализа данных, который будет разрабатывать модели машинного обучения и нейронные сети, анализировать действующие решения, предлагать способы их оптимизации. Задачи:   Исследование и интеграция ML алгоритмов;   Обучение моделей в симуляторе и перенос на реальные среды;   Доработка симулятора;   Визуализация;   Обязательные требования:   Знание статистики, общая ML подготовка, знание методологий машинного обучения (train/test разбиение, кросс-валидация, методы оптимизации);   Владение инструментарием ML (python, pytorch/tensorflow, gym interface);   Понимание принципов работы градиентного бустинга на решающих деревьях и опыт практического использования.   Будет плюсом:   Знание Linux (bash, ssh, docker);   Знание C++;   Знание методов современной разработки ПО (паттерны проектирования, алгоритмы, теория сложности).   Наши преимущества:  Возможность приобретать знания на быстро развивающемся рынке; Конкурентоспособная зарплата; Гибкий рабочий график; Автономная рабочая среда; Уникальная и подвижная корпоративная культура; Команда высококлассных профессионалов, топ-программистов, призеров олимпиад, кандидатов наук. "
Python Разработчик (machine learning),https://hh.ru/applicant/vacancy_response?vacancyId=46017272,2021-07-19T13:10:40+0300,False,,,,От 3 до 6 лет,Полный день,Python;MATLAB;C++;Statistica;Mathcad;IoT;,Лаборатория Касперского,Москва,"Проект - Kaspersky MLAD (Machine Learning for Anomaly Detection) - система раннего обнаружения аномалий. – машинное обучение для обнаружения аномалий в данных телеметрии промышленных объектов и интернета вещей (IoT) Число атак на промышленные системы продолжает расти.С развитием промышленного интернета вещей поверхность атаки на промышленные объекты будет только увеличиваться. Обязанности:    Разработка модулей системы. Разработка моделей машинного обучения для объектов заказчиков. Исследование и разработка алгоритмов обработки данных.  Требования:  Python, Tensorflow, Keras - на высоком уровне, продемонстрированном в конкретных проектах Хорошая математическая подготовка. Уверенные знания различных архитектур нейронных сетей. Опыт участия в проектах с интенсивным использованием нейросетевых технологий и машинного обучения. Высшее образование  Желательно:  Опыт работы с машинным обучением по данным многомерных временных рядов С++ "
Machine Learning Intern,https://hh.ru/applicant/vacancy_response?vacancyId=46168025,2021-07-12T15:24:30+0300,False,,,,Нет опыта,Гибкий график,C++;Английский язык;,Intel Corporation,Москва,"We care about the health and wellbeing of our employees, therefore during these unprecedented times we’ve made the decision to transition all work to virtual. Interviews will be conducted virtually, so you will be able to successfully go through all the hiring stages without visiting our on-site campus. Intel is taking all the necessary measures to provide the resources required to work from home: laptops, monitors and others. As you know, the coronavirus has interrupted normal life everywhere, but we are doing our best to make sure you feel as welcome as possible during this virtual experience.Job DescriptionOur group develops software for Big Data and Machine Learning and one of them is a modular platform for distributed data analytics software. The platform is responsible for execution of the software on single CPU node and further distribution on cluster and/or in a cloud with minimum changes in the software. Candidate will participate in developing of different parts of the platform such as user public API, execution engines (incl. GPU), support for cloud execution etc.QualificationsC/C++, strong knowledge of data structures and algorithmsGood knowledge of EnglishAdditional qualifications will be a great advantage:PythonParallel programming modelsData analytics libraries (Numpy, pandas)"
Middle Machine Learning Engineer,https://hh.ru/applicant/vacancy_response?vacancyId=45675111,2021-06-23T12:28:53+0300,False,,,,От 3 до 6 лет,Гибкий график,PyTorch;Python;Deep Learning;Blender 3D;Pandas;,Голубева Зоя Владимировна,Москва,"Привет! Мы молодая, опытная, творческая и амбициозная команда PHYGITALISM  Мы ищем ML специалиста, с богатым опытом production-разработки и желанием работать в области исследований и разработок (R&amp;D), чтобы стать частью перспективного и бурно развивающегося направления 3D ML (область на стыке ML, CV и компьютерной графики), создавать крутые приложения и проводить исследования в этих областях. У нас много разных устройств: шлемы виртуальной и смешанной реальности, RGB-D сенсоры, LiDAR-камеры и т. п. Есть возможности делать экспериментальные прототипы на стыке различных технологий. Наша команда работает над проектами, в которых применяются как классические алгоритмы машинного обучения, так и самые современные подходы глубокого обучения. Мы любим сложные и необычные задачи: 2D-to-3D, text-to-scene, scene understanding, 3D GAN, 3D reconstruction, 3D point cloud analyze, DeepFakes; а наши решения основываются на самых разных архитектурах: CNN, Transformer, GNN, GAN, AE. Мы развиваем культуру исследовательской лаборатории, где уделяем большое количество времени на исследования современных подходов для создания новых и уникальных решений в работе с неевклидовыми данными и не только, и надеемся, что кандидат также вдохновится и полюбит нашу работу. Для нас главное – это смотреть в одном направлении и представлять технологическое будущее. Что делать:    Создавать проекты в области 3D ML: обработка, анализ и генерация 3D данных. Предстоит работать как с реальными данными, так и синтетическими.   Изучать state-of-the-art статьи, проекты, решения в области 3D ML, выделять рабочие и перспективные подходы, экспериментировать с ними   Разрабатывать собственные архитектуры в области 3D ML или улучшать существующие для решения задач в проектах и, возможно, при разработке собственного продукта   Писать статьи, научные и популярные, на русском и английском языке в журналы и интернет порталы, выступать на конференциях (по желанию)   Подробнее ознакомиться с 3DML:   https://habr.com/ru/company/itmai/blog/503358/   https://medium.com/phygitalism/3d-ml/home   https://phygitalism.com/masters-program/ (видеолекции)   Требования:   Знание основ Deep Learning и современных подходов. Особенно важны подходы для работы с 3D данными (меш, облако точек и прочее): сегментация, классификация, фильтрация, генерация и т.д.   Опыт работы в области DL не менее 2 лет   Уверенное владение Python 3 и PyTorch   Умение настроить весь цикл от предобработки данных до тестирования модели   Знание основ компьютерной графики: способы представления и преобразования 3D данных (полигональные модели, облако точек и т.д.)   Базовая алгоритмическая подготовка в области информатики   Опыт работы с Linux, Docker, Git   Технический английский (чтение документации/ статей и общение на уровне не ниже Intermediate)   Будет плюсом:   Опыт работы на проекте, в котором присутствовали 3D данные для анализа   Наличие профильного математического образования   Опыт работы с библиотеками анализа 3D данных (PCL, Open3D и прочее)   Опыт работы с PyTorch 3D/Geometric, PyTorch Lightning, TensorFlow   Знание основ C/C++   Умение писать многопоточный код   Опыт работы с DVC (data version control) или другой аналогичной системой   Опыт работы с инструментами отслеживания экспериментов и их воспроизводимостью (Weights &amp; Biases, Tensorboard и т.д.)   Любые другие знания и опыт работы в области 3D и 2D   Наличие статей по теме математического моделирования, машинного обучения, 3D графике   Немного о том, чем мы занимаемся:    Более 5 лет реализовываем мультимедийные проекты   Разрабатываем технологические продукты для бизнеса   Проводим исследования в области человеко-машинного взаимодействия   Пропагандируем собственную фиджитал философию   Работаем с технологиями:   ML (технологии машинного обучения и искусственного интеллекта) – PyTorch, PyTorch3D, PCL, Open3D, Trimesh, Docker, Jupyter, DVC   XR (виртуальная, дополненная и смешанная реальности) – Unity3D, ARKit, ARCore, ARFoundation, Vuforia, SteamVR, Magic Leap, Oculus, MRTK   CG (компьютерная графика) – Unity3D, Blender, Substance Painter, Substance Designer, Marmoset, Photoshop, After Effects   Как мы работаем:   Нас 30 человек – команда работает в Москве и удаленно распределена по России и Украине   У нас действительно гибкий график   Решаем сложные и интересные задачи, которые иногда никто не решал   Одними из первых тестируем новые девайсы   Мы против офисной культуры. У нас дружная амбициозная команда и семейная обстановка   Стараемся работать по Agile   Совместные обеды / частые вечеринки   Совместные недельные сезонные выезды на рабочие каникулы   Индивидуальные занятия английскому языку на платформе Skyeng   Внутренние обучающие мероприятия по разным направлениям   Много свободы и творчества, а также личной ответственности :)   Если вам интересно, то присылайте рассказ о себе и своем опыте. Мы будем рады, если у вас есть портфолио опубликованных проектов."
Machine Learning Engineer (Python),https://hh.ru/applicant/vacancy_response?vacancyId=46108037,2021-07-18T09:24:38+0300,False,3000,5000,USD,От 1 года до 3 лет,Удаленная работа,Английский язык;Docker;Spark;Kafka;Kubernetes;Machine Learning;Big Data;ML;English;Amazon Web Services;AWS;,Starnavi,Санкт-Петербург,"StarNavi is looking for a Software Infrastructure Engineer to join our friendly team. Send your CV right now. Required skills:● Experience of 3+ years as Python Developer● Upper Intermediate English● Experience with big data distributed processing in the cloud(E.g. Spark, Kubernetes, Kafka)● Familiarity with Amazon Web Services (AWS) and REST API● DockerWill be a plus:● Understanding of Big Data architectures.● Understanding of micro-services architectures.● AI (Machine Learning) algorithms understandingRole description:● Help design and implement functional requirements● Build efficient reusable code and services● Maintain and improve the existing codebase.● Passion for developing scalable, distributed software● Prepare technical documentation● Collaborate with colleagues to design implement and verifyadvanced pipelines● Implement software enhancements and suggest improvements● Experience and willingness to work as part of a team on acommon code baseAbout ProjectOur customer builds industrial analytics solution based on Automated Machine Learning (AutoML)"
Machine Learning Engineer,https://hh.ru/applicant/vacancy_response?vacancyId=45600763,2021-07-16T10:21:10+0300,False,,,,От 3 до 6 лет,Полный день,Python;Linux;C/C++;C++;Английский язык;Tensorflow;PyTorch;TensorRT;Deep Learning;,Криптонит,Москва,"Мы создаем системы на основе Deep Learning, а также участвуем в реализации пилотных проектов. В процессе работы мы проводим оптимизации под требования и задачи конкретного заказчика.Мы ищем инженера в области машинного обучения для подготовки моделей в production. Готовы гибко обсуждать функции, роли и наименование позиции в зависимости от опыта и квалификации кандидата.Чем предстоит заниматься:  Подготовкой моделей на Tensorflow и PyTorch для инференса с использованием TensorRT и Tensorflow Serving. Тестированием и оптимизацией производительности DL моделей. Принимать участие в реализации пилотных проектов. Писать код для встраиваемых и автономных систем.  Наши ожидания:  Опыт разработки на Python и С++ от 3 лет. Уверенное владение TensorFlow и/или PyTorch. Опыт работы в OS Linux. Уровень английского языка, позволяющий свободно читать техническую документацию. Качественное понимание принципов работы глубоких нейронных сетей. Умение структурировать собственную работу. Умение быстро писать bug-free код. Нацеленность на результат.  Будет плюсом:  Опыт работы с TensorRT. Опыт разработки под Jetson. Опыт написания собственных kernels на CUDA. Навыки программирования на Go.  Что мы предлагаем:  Работу в развивающейся технологической компании. Интересные задачи (исследовательские и прикладные), работа в команде исследователей и разработчиков. Профессиональный и карьерный рост. Комфортные рабочие места в современном офисе, оснащение новым it-оборудованием, зона отдыха. Оформление в соответствии с ТК РФ. Заработную плату на уровне лидеров индустрии (обсуждается индивидуально и зависит от опыта и компетенций кандидата). График работы: пн-пт (с 10 до 19); возможно согласование индивидуального графика с руководителем и совмещение с научной и/или преподавательской деятельностью. Соцпакет: отпуск 28 календарных дней, ДМС после испытательного срока (3 месяца), корпоративное обучение (английский язык). Возможность участия в профессиональных конференциях. "
"R&D Data Scientist (Machine learning, Data mining)",https://hh.ru/applicant/vacancy_response?vacancyId=45188528,2021-07-03T15:08:36+0300,False,,,,Нет опыта,Полный день,Python;Data Mining;Английский язык;,Siemens,Москва,"Siemens Corporate Technology department is looking for a passionate data scientist with a solid analytical background. You should be excited with conducting data analysis in a large multinational corporation and creating data mining / machine learning assets while digging into customer’s domain area. You will be involved in state-of-the-art application of machine learning to massive datasets coming from real world engineers and end-product users, from sensors installed at water/oil supply networks and gas turbines to steel production systems and high speed trains. What are the responsibilities?  Participate in development of analytic components in industrial intelligent systems for anomaly detection, predictive analytics, forecasting, signal processing Dive into huge, noisy, and complex real-world behavioral data to produce innovative analysis and new types of predictive models of engineering behaviors and manufacturing processes performance Explore the untapped potential of big data for design, engineering and analysis tasks and devise revolutionary approaches Advance the state-of-the-art in the field, including generating patents and publications in top journals and conferences Apply deep learning techniques to large-scale, real-world problems Fast prototyping, feasibility studies, specification and implementation of data analysis product components Working with customers to understand algorithm requirements and deliver high-quality solutions  What are the requirements?  Degree in mathematics and/or statistics Practical experience in data mining, machine learning, knowledge discovery, artificial intelligence, signal processing, time series forecasting Hands-on advanced proficiency in handling and analyzing large data sets Knowledge in optimal computational environment required for data processing, mining and machine learning Programming languages: Python Scientific publications and references or proven successful industry experience Great interest and motivation for applied research Upper intermediate English  Would be beneficial:  Experience in Deep Learning tools like - Pylearn2, Caffe, Theano, PyTorch Experienced with the information technology aspects of data collection, organization, and integration Experience with AWS, GCP, Azure  What do we offer?  Full time position A-class office in the city center Corporate trainings Corporate medical insurance Corporate pension program Fitness compensation "
Machine Learning Engineer (CLTV),https://hh.ru/applicant/vacancy_response?vacancyId=46348583,2021-07-19T15:31:52+0300,False,,,,От 1 года до 3 лет,Полный день,,Сбербанк,Санкт-Петербург,"О нас:   Команда разрабатывает и поддерживает ~15 моделей ценообразования и CLTV. Часть из них уже выведена в prod, легаси отсутствует. Модели используются для определения оптимального ценового и продуктового предложения для клиентов – юридических лиц. Модели существенно влияют на доход банка, эффект виден напрямую.    Наш стек:  Экосистема Hadoop (HDFS, Spark, Hive, Yarn), собственный Hadoop кластер; Модели на PyTorch, gbm/sklearn и др., есть DVC; деплой: Maven, Jenkins; В планах – разработка online моделей на OpenShift.    Кого ищем:   Python-разработчика, готового перейти в сферу end-to-end ML инженерии; Опыт в DS желателен, но не обязателен.    Задачи:  Производить разработку и рефакторинг моделей; Выводить модели и витрины в prod, осуществлять их сопровождение (MLOps); Создавать и оптимизировать ETL пайплайны на PySpark; Развивать ML инфраструктуру команды, участвовать в развитии общей ML платформы банка.    Ожидаем:  Опыт разработки на Python от 1 года, обладание культурой написания кода; Уверенное знание SQL; опыт работы с данными; Понимание ООП, знание паттернов проектирования; Умение работать с Linux, bash, git.    Будет плюсом:  Опыт промышленной разработки ПО; опыт командной разработки в git; Опыт работы с экосистемой Hadoop, особенно – со Spark; Понимание основ ML и цикла разработки ML проектов; опыт разработки моделей.      Бонусы:    Расширенный соц. пакет (ДМС, страхование жизни); Бесплатный тренажерный зал; Скидки от участников и партнеров Экосистемы; льготные условия по ипотеке и кредитам Сбера; MacBook Pro; Обучение на внутренних и внешних курсах, безлимитный доступ к Coursera.   "
Machine learning engineer/ML engineer,https://hh.ru/applicant/vacancy_response?vacancyId=46058067,2021-07-12T12:09:18+0300,False,150000,250000,RUR,От 1 года до 3 лет,Полный день,,МТС,Москва,"MTS AI (Центр искусственного интеллекта МТС) занимается разработкой уникальных продуктов в области диалоговых систем, медицины и юриспруденции на базе систем искусственного интеллекта, а также реализует R&amp;D проекты в области AI/ML.Если вы хотите быть частью инновационной и сплоченной команды. Работать в атмосфере стартапа, но быть в безопасности большой и стабильной компании. Хотите расти профессионально на передовом фронте современный технологий искусственного интеллекта и встраиваемых систем, если вы можете работать самостоятельно или поставили себе цель научиться, то мы хотим поговорить с Вами.Вам предстоит:   Разбираться в коде коллег и собирать их решения в единый комбайн;   Быть ответственным за то, чтобы модели у конечный пользователей отрабатывали быстро и качественно: для этого обычно нужно проводить тестирование скорости и качества, разбираться во всех кусках пайплайна, говорить с разными людьми о необходимости той или иной вещи, версионировать модели, писать демки(крайне редко), обмазывать все логами и тд и тп.   До 20% рабочей недели можно тратить на сайд проекты, при условии, что вы расскажите об этом на еженедельных семинарах.   Что мы ожидаем от кандидата?   От 1 лет опыта ML-разработки/ресеча   Знание и умение применить базовые основы Computer Science   От 1 года опыта работы с Python   Базовое понимание Docker   Опыт работы с dl фреймворками, мы используем PyTorch -&gt; ONNX   Понимание основ ml/dl, принципы работы нейронок. В основном, нужно понимать как работают свертки и self-attention   Круто, если у вас ещё есть, но не обязательно:   Умение применять лучшие практики разработки (pre-commit хуки, версионирование, CI/CD, SOLID, паттерны ооп), если можете рассуждать о плюсах того или иного подхода к архитектуре в зависимости от стадий проекта, сроков и целей - то это можно зачесть за 2 плюса)   Базовые понятия об алгоритмах и структурах данных (понимать скорость поиска ключа в дикте, или почему лучше конкатенировать 10 массивов один раз, чем конкатенировать их по одному)   Знание принципов работы e2e распознавания речи, если можете рассказать как работает CTC-loss или ctc beam search декодер - считайте дело в шляпе   Умение думать в области решения проблем и достижения целей, а не закрытия конкретных тасок   Что мы предлагаем:   гибкий график, частичная или полная &quot;удаленка&quot;;   оклад + квартальные бонусы;   комфортный офис в 5 минутах пешком от метро Технопарк;   ДМС со стоматологией, страхование при поездках за рубеж, страхование жизни, скидки на автострахование;   участие в конференциях и митапах, обучение за счет компании;   бесплатная мобильная связь;   частичная компенсация фитнес-абонемента;   100% оплата больничного листа;   ежегодный оплачиваемый отпуск -- 31 день;   специальные предложения от партнеров и друзей МТС.    "
Руководитель направления ML(machine learning),https://hh.ru/applicant/vacancy_response?vacancyId=45292205,2021-06-25T09:30:36+0300,False,,,,От 3 до 6 лет,Полный день,Python;Data Mining;SQL;MS SQL;C++;machine learning;ML;Hadoop;pandas;,АльфаСтрахование,Москва,"СГ«АльфаСтрахование», одна из лидирующих компаний на рынке страхования, приглашает Руководителя направления ML Предлагаемые задачи:  Решение бизнес-задач с помощью моделей и методов машинного обучения (анализ и сегментация клиентской базы, рекомендательная система, противодействие мошенничеству и др); Обсуждение с заказчиком и формализация бизнес-задач; Анализ и обработка больших массивов данных, собранных из различных источников; Формирование обучающих и тестовых выборок; Разработка, оценка качества, тестирование и внедрение новых machine learning моделей; Описание и представление результатов заказчикам; Мониторинг и усовершенствование разработанных моделей; Выполнение code review;  Что мы ожидаем от Вас:  Уверенные знания в области мат. статистики, теории вероятностей, линейной алгебры; Уверенное знание моделей и алгоритмов машинного обучения (линейная регрессия, логистическая регрессия, random forest, gradient boosting, нейронные сети); Опыт выполнения полного цикла разработки ML-проектов (анализ задачи, сбор и обработка данных, feature engineering, разработка, внедрение и поддержка моделей машинного обучения); Опыт разработки на python (pandas, numpy, sklearn, xgboost, catboost, ligntGBM и др.); Знание SQL на уровне написания сложных запросов; Опыт работы со стеком технологий Hadoop (Spark, Hive, и др.); Опыт проведения и оценки A/B-тестов; Умение анализировать большие объемы данных, общаться с заказчиком, формализовывать и решать бизнес-задачи в отведенные сроки.  Будет плюсом• опыт построения NLP моделей;• опыт работы с Pytorch / Tenserflow;• наличие GitHub;• опыт участия в ML соревнованиях (Kaggle и т.д.);• знание основ страхового дела. Работая в ГК «АльфаСтрахование», вы получаете:  Официальное оформление на работу в соответствии с ТК РФ; Гарантированный «белый» оклад; Квартальные премии сотрудникам за выдающиеся достижения в работе; Отличный социальный пакет, включающий ДМС, скидки на страховые продукты компании, скидки от наших партнеров (туризм, фитнес и т.д.); График работы гибкий. Начало рабочего дня с 8 до 10. График нормированный, возможность удаленной работы; Возможность для профессионального роста, обучение; Работа в профессиональной команде.   "
Senior Python Backend Developer (Machine Learning),https://hh.ru/applicant/vacancy_response?vacancyId=46154323,2021-07-18T11:29:23+0300,False,250000,350000,RUR,От 3 до 6 лет,Полный день,Python;MongoDB;Machine Learning;Highload;,FunCorp,Москва,"FunCorp — международная компания, которая занимается разработкой развлекательных UGC-сервисов. C 2004 года мы развиваем FunTech индустрию, создавая продукты и сервисы на стыке фана и технологий. Мы — эксперты в самом смешном из всех серьёзных видов бизнеса. Наш основной продукт iFunny — второе по популярности развлекательное приложение в США, его установили более 50 миллионов раз. Наша аудитория — молодое комьюнити создателей и любителей мемов. Ежедневно в приложение заходят около двух миллионов пользователей, которые совершают 400 миллионов просмотров. В работе наших приложений мы активно используем сервисы, построенные на машинном обучении. Уже сейчас у нас внедрены и работают:   сервис распознавания текста из изображений;   сервис нечёткого поиска дубликатов изображений;   сервис рекомендаций контента;   сервис предварительной оценки загружаемого контента;   автомодерация контента на основе поиска дубликатов.   Значительная часть этих сервисов построена на базе ML-фреймворков и пакетов на Python. Нам нужен еще один разработчик в команду бэкенда, который поможет развивать и поддерживать эти сервисы, создавать новые - ещё более интересные, а также готовый принимать участие в развитии этих сервисов для улучшения как пользовательского опыта, так и внутренних метрик продуктов. Что нужно, чтобы присоединиться к нам:   отлично знать Python 3, Flask или Gunicorn, иметь опыт написания асинхронного кода с использованием AsyncIO;   иметь опыт построения и поддержки высоконагруженных систем и сервисов;   иметь высшее техническое образование, знать алгоритмы и любить их;   испытывать интерес к Machine Learning как отрасли и быть готовым изучать фреймворки (PyTorch, TensorFlow);   обладать аналитическим мышлением, уметь анализировать информацию, выдвигать и проверять гипотезы, быть способным находить решения и брать на себя ответственность.   Будет совсем круто, если есть:   прикладной опыт в области машинного обучения, в идеале — профиль на Kaggle;   опыт Backend-разработки на Java/Kotlin и/или PHP (Symfony);   опыт проведения и анализа результатов контролируемых A/B-экспериментов.   Стек используемых технологий: Docker, Redis, MongoDB, ClickHouse. Что предстоит делать:   создавать и поддерживать Highload-сервисы на базе обученных моделей;   интегрировать ML-сервисы с бизнес-логикой PHP-монолита и Java/Kotlin-сервисов;   участвовать в обучении и доработке существующих моделей, получении и консолидации данных, построении тестовых выборок.   Что мы предлагаем:   квартальные, реферальные, релокационные премии, бонусы ко дню рождения, при рождении ребенка, компенсации тимбилдингов;   индивидуальный бюджет на обучение и участие в российских и зарубежных конференциях;   расширенный пакет ДМС;   компенсация фитнеса;   техника Apple;   бесплатные завтраки и обеды в офисе;   корпоративные мероприятия;   комфортный офис в минутной доступности от ст. м. Белорусская.  "
Ведущий инженер-программист (машинное обучение) / Team lead (machine learning),https://hh.ru/applicant/vacancy_response?vacancyId=40244996,2021-07-20T10:23:31+0300,False,,,,От 3 до 6 лет,Полный день,Python;SQL;C++;Data Mining;MS SQL;Машинное обучение;,Seldon,Нижний Новгород,"Мы — IT-компания Seldon, делаем софт с 2007 года. Разрабатываем мультиязычные сервисы для бизнеса (на 12 языках), а также интегрируемся с крупными государственными заказчиками. Наши готовые решения используют Сбербанк, Ростелеком, ФССП, ФАС и другие структуры. Придумывать новое, находить нестандартные решения — это часть нашей работы. Собственные технологии (аналитика, математика, лингвистика) позволяют уже сегодня делать то, о чем другие компании подумают только завтра. Сейчас мы в поиске Ведущего инженера (машинное обучение) / Team lead (machine learning) группы технологических исследований для нашей команды, который поможет нам с реализацией новых проектов.Основное направление работы связано со сферой машинного обучения и обработки естественного языка (NLP). Задачи, которые необходимо будет решать:  Участие в разработке, отладке и тестировании крупных коммерческих проектов, продуктов и сервисов для государственных или иных заказчиков; Разработка алгоритмов обработки естественного языка на машинном обучении; Руководство двумя командами разработчиков: C# программисты (2 человека) и ML-программисты (3 человека), в каждой есть свой руководитель; Работа с другими командами (базы данных, сбор данных, разработчики и т.д.) для сбора требований и совместной работы над продуктами; Техническое наставничество и обучение (по необходимости), выстраивание технических процессов, управление сроками, оценка проектов, код-ревью, оптимизация кода, документация; Поиск и внедрение в практику существующих ML-решений и разработка новых под нужды проектов.  Какие навыки мы хотим видеть:  Владение инструментами подготовки и анализа данных, основными библиотеками машинного обучения, deep learning и инструментами Big Data; Опыт разработки на Python, C++; Опыт работы с Keras, Tensorflow, PyTorch; Опыт работы с БД (SQL, NoSQL); Опыт командной разработки (системы контроля версий, системы управления задачами); Опыт разработки программного обеспечения от 5 лет.  Какие навыки будут &quot;плюсом&quot;:   Опыт работы с Redis, RabbitMQ, Apache Kafka, Elasticsearch;   Знание современных Deep Learning архитектур (например: Transformer);   Знание Spark, Docker &amp; Kubernetes;   Опыт работы с технологиями NLP и обработки текста.   Что мы предлагаем:  Оформление по ТК РФ; Полностью &quot;белая&quot; заработная плата; Возможность работать над «живыми», актуальными проектами; Возможность удалённого формата работы; Внутреннее и внешнее обучение; Game-зона: настольный теннис, аэрохоккей и футбол. "
Middle/Senior Machine Learning Engineer,https://hh.ru/applicant/vacancy_response?vacancyId=46276169,2021-07-15T17:23:43+0300,False,,,,От 1 года до 3 лет,Удаленная работа,Python;Git;PostgreSQL;Machine Learning;Flask;Docker;ClickHouse;AWS;Elasticsearch;,Unikoom,Москва,"Unikoom - американская компания, разрабатывающая продукты на стыке психологии и информатики. Наши команды работают над такими мобильными приложениями на основе искусственного интеллекта, как помощник по путешествиям, который помогает людям планировать персонализированные, полные и увлекательные маршруты, или дизайнер интерьеров, который направляет людей через процесс создания и построения действительно подходящей атмосферы в их домах. Наши продукты могут быть сексуальными и захватывающими, но за ними стоит много науки и технологий, потому что их основная задача - помогать людям принимать лучшие, своевременные и качественные решения. Принимая такое решение, мы меняем то, как люди видят и решают свои проблемы, большие и маленькие. Обязанности:  Разработка pipeline’ов обработки данных Проектирование и разработка новых ML-моделей и их интеграция в pipeline обработки данных Получение описательной статистики из предварительно обработанных данных Построение статистических и вероятностных моделей Проведение сравнительного исследования различных алгоритмов и моделей Реализация модели в форме, которая может быть легко использована инженерами, документирование ее интерфейсов Разработка качественного и надёжного продукта совместно с командой разработчиков и data scientist’ов. Общение с заказчиком  Для нас важно:  опыт разработки ML-моделей от 2-х лет опыт разработки ПО на Python от 2-х лет уверенное знание Python опыт работы с Flask, Docker умение работать в команде  Будет плюсом:  Опыт back-end разработки на Python опыт работы с Elasticsearch, PostgreSQL, ClickHouse знакомство с AWS    Условия: - зп от 3000$ - график работы: fulltime (remote) - компенсация профильных курсов, тренингов - корпоративный английский - оплачиваемый отпуск и больничный - оформление ИП/ФЛП  "
"R&D Data Scientist (Machine learning, Data mining)",https://hh.ru/applicant/vacancy_response?vacancyId=45188527,2021-07-03T15:08:36+0300,False,,,,Нет опыта,Полный день,Python;Data Mining;Английский язык;,Siemens,Санкт-Петербург,"Siemens Corporate Technology department is looking for a passionate data scientist with a solid analytical background. You should be excited with conducting data analysis in a large multinational corporation and creating data mining / machine learning assets while digging into customer’s domain area. You will be involved in state-of-the-art application of machine learning to massive datasets coming from real world engineers and end-product users, from sensors installed at water/oil supply networks and gas turbines to steel production systems and high speed trains. What are the responsibilities?  Participate in development of analytic components in industrial intelligent systems for anomaly detection, predictive analytics, forecasting, signal processing Dive into huge, noisy, and complex real-world behavioral data to produce innovative analysis and new types of predictive models of engineering behaviors and manufacturing processes performance Explore the untapped potential of big data for design, engineering and analysis tasks and devise revolutionary approaches Advance the state-of-the-art in the field, including generating patents and publications in top journals and conferences Apply deep learning techniques to large-scale, real-world problems Fast prototyping, feasibility studies, specification and implementation of data analysis product components Working with customers to understand algorithm requirements and deliver high-quality solutions  What are the requirements?  Degree in mathematics and/or statistics Practical experience in data mining, machine learning, knowledge discovery, artificial intelligence, signal processing, time series forecasting Hands-on advanced proficiency in handling and analyzing large data sets Knowledge in optimal computational environment required for data processing, mining and machine learning Programming languages: Python Scientific publications and references or proven successful industry experience Great interest and motivation for applied research Upper intermediate English  Would be beneficial:  Experience in Deep Learning tools like - Pylearn2, Caffe, Theano, PyTorch Experienced with the information technology aspects of data collection, organization, and integration Experience with AWS, GCP, Azure  What do we offer?  Full time position A-class office in the city center Corporate trainings Corporate medical insurance Corporate pension program Fitness compensation "
Machine Learning Engineer (Lead),https://hh.ru/applicant/vacancy_response?vacancyId=45649151,2021-07-20T09:20:43+0300,False,,,,От 1 года до 3 лет,Полный день,Python;Git;PostgreSQL;SQL;Linux;,Газпром-медиа Развлекательное телевидение (ГПМ РТВ),Москва,"  Наша команда расширяется, постим новую вакансию MLE, теперь уже лида!Компания: ГПМ Дата (ex. Uma.Tech, входит в холдинг “Газпром-медиа”)Проекты: рекомендательная система видеоконтента на сайте онлайн-кинотеатра Premier.One и другие ml сервисы с акцентом на python. Также предстоит заниматься задачами ML и MLOps в проектах CV: переносить best practices с проектов рекомендательных систем в проекты CV. Задачи:- разработка высоконагруженных end-to-end web-сервисов на базе ML-моделей из прототипов, предоставленных DS/DA-командами; плюс к этому умение разработать базовые ML-модели и бейзлайны, взятые из туториалов или пейперов, при отсутствии прототипов- оптимизация существующих web-сервисов и ML-моделей внутри них- автоматизация ETL-процессов сбора данных для ML-сервисов (самостоятельно и совместно с DE)- разработка и поддержка чеков полноты данных для статистического анализа и машинного обучения- контроль за CI/CD приложений, помощь в реагировании на инциденты- настройка мониторинга метрик качества моделей- поддержание высокого уровня культуры написания и тестирования кода- менторство над инженерами среднего уровня Требования: - опыт разработки ПО от 2 лет- web-friendly: понимание основных частей, из которых состоит web-приложение, поверхностное знание Python Django + Celery или опыт с аналогичными фреймворками (Flask/FastAPI/Java Spring)- ml-friendly: знание python-стека, Numpy, Scipy, Sklearn, Pandas, XGBoost/CatBoost- recommender-friendly: опыт в создании рекомендашек, implicit/LightFM/kNN search/MF- database-friendly: опыт с одной или несколькими RDBMS/NoSQL/Key-Value (PostgreSQL, ClickHouse, Redis/Ignite), написание SQL-запросов- broker-friendly: опыт с Kafka/RabbitMQ- docker-friendly: понимание работы с контейнерами- unix-friendly: bash, sed, awk, find, grep, ssh- git-friendly: знание git, командная работа с репозиторием, понимание различных workflows- gof-friendly: понимание ООП, знание основных шаблонов проектирования приложений- people-friendly: культура документирования своих решений\кода, соблюдение codestyle, code review Будет плюсом:- опыт внедрения ML моделей в production- знание фреймворков для deep learning PyTorch и TensorFlow- знание стека для оборачивания DL моделей в inference мод ONNX/TensorRT- опыт с инструментами Airflow, MLFlow, DVC- опыт с NLP: gensim, nltk, bigartm- опыт проверки статистических гипотез- опыт интерпретации качества полученных моделей- opensource contribution/pet projects со ссылками на BitBucket/GitHub/GitLab Что предлагаем:- Knowledge sharing!- Healthy команда :)- ДМС после испытательного срока- Доплаты по больничному листу (до 15 дней в году)- ТК РФ- Работаем удаленно, и можно ездить в офис на м.Киевская  "
Технический специалист (термопластавтомат) / Plastic Molding Machine Setter,https://hh.ru/applicant/vacancy_response?vacancyId=45497679,2021-07-12T10:11:36+0300,False,,,,От 1 года до 3 лет,Полный день,литьё пластмасс;Английский язык;,АСО,Самара,"Сотрудники компании ACO сочетают в себе высокий профессионализм, креативность, вовлеченность и стремление к совершенству. ACO. creating the future of drainage Совместными усилиями наших специалистов мы хотим создать системы водоотведения будущего, продвигать инновации и при этом в обширной части заботиться об окружающей среде. Компания ACO желает быть инновационным партнером для всех, кто вносит вклад в строительство мира будущего, желает продвигать инновации, чтобы вместе предвосхищать будущие потребности и готовиться к ним. ACO. creates solutions for tomorrow‘s environmental conditions Наш успех напрямую зависит от высокого профессионализма и энтузиазма наших сотрудников. Сотрудники ACO преследуют единые профессиональные и эмоциональные цели, поддерживают друг друга и видят себя частью сильной и надежной семьи ACO. ACO. a strong family you can build on Позвольте себе стать частью большой и сильной компании! Добро пожаловать в ACO! Возьмите на себя ответственную функцию: Вы – Технический специалист со следующими задачами:   проведение запуска производства на площадке контрактного производства;   подбор материала для производства изделий, изучение рецептуры и согласование конечного материала для производства;   поиск возможностей удешевления продукции;   контроль при проведении ТО пресс-форм;   контроль и поддержание работоспособности пресс-форм;   контроль качества готовой продукции.   Что выделяет вас:  Опыт работы в сфере запуска производства литья пластмасс под давлением не менее 1 года. Наличие высшего технического образования.  Готовность к командировкам.   Опыт работы в сфере литья пластмасс под давлением не менее 1 года.   Понимание процесса литья пластмасс под давлением, а также свойств полимерных материалов и композиций.  Знание английского языка на уровне pre-intermediate. Высокая мотивация и готовность работать на результат.  Мы предлагаем:  Достойный уровень оплаты труда. Работа в дружном и сплоченном коллективе. Доставка транспортом компании. Завод находится по адресу: г. Тольятти, ул. Северная 21.         "
Ведущий инженер исследователь (в области HMI Human-machine interface),https://hh.ru/applicant/vacancy_response?vacancyId=45705839,2021-06-24T10:50:59+0300,False,,,,От 3 до 6 лет,Полный день,"Исследования, измерения и анализ параметров систем автомобиля;","НАМИ, ФГУП",Дмитров,"Обязанности:  Исследования, измерения и анализ параметров систем автомобиля. Проведение испытаний в составе автомобиля и комплектующих. Работа с технической документацией (технические описания, протоколы, отчёты и др.) Обсуждение результатов испытаний с ответственными разработчиками, анализ автомобилей аналогов, предложение возможных вариантов решения проблем при проектировании систем автомобиля. Самообразование в области HMI новых моделей автомобилей.  Требования:  Образование Высшее техническое Опыт работы с современными автомобилями от 2 лет приветствуется (анализ, оценка) Продвинутый пользователь ПК: MSOffice в совершенстве, работа с почтой, Интернет-браузером) Способность к быстрому обучению, коммуникабельность, исполнительность, честность, добросовестность, порядочность, стремление и способность к самообразованию.  Приветствуется:  знания и опыт работы в областях машиностроения, электротехники, радиотехники.  Условия:  Оформление по ТК РФ; График работы с 9:00 до 18:00; Стабильная заработная плата Находимся Дмитровский р-н пос. Автополигон "
Senior Machine Learning Engineer (Smartwatches),https://hh.ru/applicant/vacancy_response?vacancyId=45362874,2021-07-20T08:56:00+0300,False,,,,От 3 до 6 лет,Полный день,Python;Tensorflow;PyTorch;Scikit-learn;Deep Learning;Machine learning;Numpy;Scipy;Pandas;,Samsung Research Center,Москва,"Project description: Development of machine learning algorithms based on data from smartwatches. Detection of different types of user activities / estimation of user’s body parameters / detection of incorrect measurement by the user. Tasks description:  Development of machine learning models for time series Evaluating the effectiveness and explanation of ML models Requirements analysis, proposition and justification of approaches to solve machine learning problems Data preprocessing, analysis, exploration and visualization  Requirements:  Higher education in STEM Python and common ML and DL libraries knowledge (scikit-learn, numpy, scipy, pandas, PyTorch/Tensorflow etc.) Confident knowledge of ML theory and basic statistics Experience in development machine learning models for time series Strong software engineering and technical (git, Linux) skills  Will be a plus:  Experience in dataset collection process planning Tools for ML experiments automation and tracking: DVC, MLFlow or Sacred, Hydra Experience in С or C++ development Experience in software development for Android platform Participation in Kaggle competitions Scientific publications and academic research experience  We offer:  Flexible working time  Full compliance with Russian Labor Code   Competitive salary   Corporate lunches   Medical and life insurance   7 paid sick leaves (without sick leave certificate)   Fitness room, shower, fitness compensation   Company compensates relocation and interview expenses    "
Технический специалист (термопластавтомат) / Plastic Molding Machine Setter,https://hh.ru/applicant/vacancy_response?vacancyId=45497678,2021-07-16T10:24:10+0300,False,,,,От 1 года до 3 лет,Полный день,литьё пластмасс;Английский язык;,АСО,Тольятти,"Сотрудники компании ACO сочетают в себе высокий профессионализм, креативность, вовлеченность и стремление к совершенству. ACO. creating the future of drainage Совместными усилиями наших специалистов мы хотим создать системы водоотведения будущего, продвигать инновации и при этом в обширной части заботиться об окружающей среде. Компания ACO желает быть инновационным партнером для всех, кто вносит вклад в строительство мира будущего, желает продвигать инновации, чтобы вместе предвосхищать будущие потребности и готовиться к ним. ACO. creates solutions for tomorrow‘s environmental conditions Наш успех напрямую зависит от высокого профессионализма и энтузиазма наших сотрудников. Сотрудники ACO преследуют единые профессиональные и эмоциональные цели, поддерживают друг друга и видят себя частью сильной и надежной семьи ACO. ACO. a strong family you can build on Позвольте себе стать частью большой и сильной компании! Добро пожаловать в ACO! Возьмите на себя ответственную функцию: Вы – Технический специалист со следующими задачами:   проведение запуска производства на площадке контрактного производства;   подбор материала для производства изделий, изучение рецептуры и согласование конечного материала для производства;   поиск возможностей удешевления продукции;   контроль при проведении ТО пресс-форм;   контроль и поддержание работоспособности пресс-форм;   контроль качества готовой продукции.   Что выделяет вас:  Опыт работы в сфере запуска производства литья пластмасс под давлением не менее 1 года. Наличие высшего технического образования.  Готовность к командировкам.   Опыт работы в сфере литья пластмасс под давлением не менее 1 года.   Понимание процесса литья пластмасс под давлением, а также свойств полимерных материалов и композиций.  Знание английского языка на уровне pre-intermediate. Высокая мотивация и готовность работать на результат.  Мы предлагаем:  Достойный уровень оплаты труда. Работа в дружном и сплоченном коллективе. Доставка транспортом компании. Завод находится по адресу: г. Тольятти, ул. Северная 21.         "
"Machine Learning Research Engineer (Dialogue Systems, Text & Speech Analytics)",https://hh.ru/applicant/vacancy_response?vacancyId=45600695,2021-07-16T10:21:10+0300,False,,,,От 3 до 6 лет,Полный день,Английский язык;TensorFlow;PyTorch;Deep Learning;C++;Python;,Криптонит,Москва,"Мы разрабатываем решения по распознаванию и синтезу речи, которые интегрируются в продукты организаций-партнеров. В процессе интеграции мы проводим оптимизации под требования и задачи конкретного заказчика.Мы ищем инженера исследователя в области обработки речи, текста и диалоговых систем. Готовы гибко обсуждать функции, роли и наименование позиции в зависимости от опыта и квалификации кандидата.Чем предстоит заниматься:  Решением практических задач и реализацией алгоритмов глубокого обучения по обработке речи и естественного языка. Анализом публикаций, мониторингом появления новых методов, формированием предложений по развитию разрабатываемых технологий. Постановкой и проведением практических экспериментов по оценке эффективности новых методов и алгоритмов. Анализом ошибок и решением проблем возникающих в production.  Наши ожидания:  Навыки и релевантный опыт в Deep Learning от 3-х лет. Уверенное владение TensorFlow и/или PyTorch. Опыт работы в OS Linux. Качественное понимание принципов лежащих в основе архитектур современных глубоких нейронных сетей; Уровень английского языка, позволяющий свободно читать и понимать научные статьи на английском, воспринимать английскую речь. Коммуникабельность, умение находить компромиссы и аргументировано отстаивать свою точку зрения. Умение структурировать собственную работу. Нацеленность на результат.  Будет плюсом:  Наличие ученой степени в области Computer Science. Успешное участие в соревнованиях Kaggle. Наличие научных публикаций. Опыт программирования на С++.  Что мы предлагаем:  Работу в развивающейся технологической компании. Интересные задачи (исследовательские и прикладные), работа в команде исследователей и разработчиков. Профессиональный и карьерный рост. Комфортные рабочие места в современном офисе, оснащение новым it-оборудованием, зона отдыха. Оформление в соответствии с ТК РФ. Заработную плату на уровне лидеров индустрии (обсуждается индивидуально и зависит от опыта и компетенций кандидата). График работы: пн-пт (с 10 до 19); возможно согласование индивидуального графика с руководителем и совмещение с научной и/или преподавательской деятельностью. Соцпакет: отпуск 28 календарных дней, ДМС после испытательного срока (3 месяца), корпоративное обучение (английский язык). Возможность участия в профессиональных конференциях. "
Machine learning/ML-разработчик,https://hh.ru/applicant/vacancy_response?vacancyId=46153219,2021-07-18T11:14:08+0300,False,,,,От 1 года до 3 лет,Полный день,Python;Git;SQL;MATLAB;Математическая статистика;Теория вероятности;Математическое программирование;Математический анализ;Работа с базами данных;Математическое моделирование;,АНО ЦИСМ,Москва,"В исследовательское подразделение киберпсихологии АНО ЦИСМ ищем инициативных практиков в Data Science и Data Engineering. Если:  Вы читаете разные международные статьи и выступления с широким пластом применения Data Science; Ваша ценность - интеллектуальная честность; Вам интересно вкладываться в проекты по исследованию поведения и конструктивной коррекции людей через цифровые средства коммуникации.  То:  Мы можем быть друг другу полезны!  Плюсы работы в нашей команде:  Интересные современные задачи, которые сразу применяются в дело, и не лежат на полке; Работа с научным руководителем с междисциплинарным опытом в прикладной математике, социальной психологии, Data Science и параллельных вычислениях; Для решения сложных задач проводим обучение сотрудников с ведущими практиками России в киберпсихологии; Ресурсы, чтобы обеспечивать расчеты самых сложных и требовательныхпо мощности задач.  Ключевые навыки:  Опыт разработки ML алгоритмов и реализации backend части решения; Автоэнкодеры и их статистические основы; Стек алгоритмов на базе рекуррентных нейронных сетей; Актуальные алгоритмы компьютерного зрения.  Также:  Поддерживаемый продакшн код с тестами (Python 3.6, 3.7, pandas); Умение интегрировать алгоритмы AI/ML в существующий API; Уверенный SQL: все данные в реляционных БД; Сильный разведанализ на сырых данных для корректной постановкибизнес-задачи; Знание базовых структур данных и алгоритмов, способность оценивать скорость работы алгоритмов; Знание основ теории графов, понимание алгоритмов решения задач на графах и математической логики; Знание основ GIT; Математика: линейная алгебра, тервер, статистика, желание двигаться в более глубокое изучение; Психологическая зрелость, высокий уровень самостоятельности, готовность идти в неизвестность.  Чем предстоит заниматься:  Разработка алгоритмов на базе машинного обучения на базе цифрового следав соцсетях и ряда интернет-порталов. Направления обработки: текст, изображения, видео, cookies; Организация сборки, хранения и обработки больших объемов данных; Интеграция алгоритмов в существующие образовательные сервисы; Также есть пласт задач на создание DMP.  Дополнительно оценим  Умение работать с VK API; Исследовательский склад ума; Опыт менеджмента системной разметки данных по изображениям, текстам и видео МФТИ / ШАД / Ozon Masters/ Университет искусственного интеллекта; Предметные области: e-commerce, b2c, маркетинг; В первую очередь рассматриваем резюме со ссылкой на github или иной открытый проект.  Если эта вакансия для вас, но у вас недостаточно опыта — напишите об этом в сопроводительном письме. Рассматриваем кандидатов с перспективой на развитие. Условия работы  Конкурентный уровень з/п, размер обсуждается по итогам собеседования; Официальное оформление по ТК РФ; График 5/2, суббота/воскресенье выходные; Офис, полный рабочий день (можно иногда работать удаленно); Для соискателей из регионов, при наличии отличной базы в математике, Data Science/Data Engineering, помогаем с релокацией; Обучение и развитие профессиональных навыков; Офис оснащен передовой техникой для работы молодежной, профессионально зрелой и амбициозной команды "
Senior Machine Learning Developer (Java/Python) (remote),https://hh.ru/applicant/vacancy_response?vacancyId=44535861,2021-07-11T19:05:50+0300,False,,,,От 3 до 6 лет,Удаленная работа,,Joom,Москва,"Joom — международный мобильный маркетплейс, самый быстрорастущий e-Commerce сервис Европы. Первую версию приложения мы запустили летом 2016-го года, к текущему моменту у нас более 400 миллионов установок по всему миру. Мы очень быстро растем и сейчас хотим нанять ML разработчиков в следующие направления:  сomputer vision: выделение атрибутов товаров из его фото и описания, поиск похожих и одинаковых товаров, фильтрация контрафакта и недопустимого контента, классификация фото и видео в разных приложениях. Стек: Python, Tensorflow, XGBoost, Golang, OpenCV, Docker, Kubernetes, catboost; prices: динамическое ценообразование, персонализированные скидки. Стек: Python, Tensorflow, XGBoost, Golang, Docker, Kubernetes, catboost; рекомендательная система: построение персональной ленты товаров для каждого пользователя. Стек: Java, Go, Python, Scala, Hadoop, Spark ML, Kafka, xgboost, catboost, MongoDB; ML infrastructure: задачи, связанные перфомансом, оптимизацей хранения данных и спарк расчетов, а также автоматизацией ml пайплайнов и realtime вычисления. Стек: Java и Spark, немного Go и Python.  Вакансии подразумевают не только анализ данных, придумывание гипотез, моделей и экспериментов, но и написание production-кода под высокие нагрузки. Требования:  хорошая алгоритмическая подготовка: знание базовых алгоритмов и структур данных, а также того как они реализованы в стандартных библиотеках; уверенное владение Java или С++ или Python: опыт разработки и отладки распределенных, высоконагруженных приложений, умение писать тестируемый код; промышленный опыт в Machine Learning: знание основных подходов к моделированию и обучению (линейные модели, GBDT, DNN, RNN и др.), знание статистики, алгебры, численных методов, опыт работы с байесовскими методами, опыт full-stack разработки, включающей анализ сырых данных, формулирование гипотез, создание моделей, проведение экспериментов, внедрение результатов в продакшн; опыт построения распределенного ML-стека с нуля.  Будет плюсом:  опыт разработки рекомендательных / поисковых систем; знание Go, Kotlin, Spark, Hadoop; опыт работы с MapReduce.  Условия работы:   удалённая работа;   белая зарплата;   пакет акций компании;   гибкий график;   любое оборудование для работы на выбор;   ДМС (в т.ч. для детей) и 100% оплачиваемые больничные;   ипотечная программа после двух лет работы.  "
Machine Learning Intern,https://hh.ru/applicant/vacancy_response?vacancyId=45619663,2021-06-21T18:07:03+0300,False,,,,Нет опыта,Полный день,C/C++;,Intel Corporation,Нижний Новгород,"Job Description Intel(R) oneAPI Data Analytics Library (oneDAL) team is looking for a Machine Learning Intern. oneDAL is a powerful library for data scientists that turns large data clusters into meaningful information with advanced analytics algorithms. You will have a unique opportunity to work in the most promising and rapidly developing area of artificial intelligence and big data analytics and be one of the first who can observe how new technologies change the world around us. In this role you will be responsible for development, validation and optimizations of Machine Learning algorithms for modern Intel architectures, integration of them into the customer&#39;s applications. The team of professionals will be glad to bring you onboard and help you to learn new technologies, gain programming skills in the area of machine learning and data analytics. Qualifications​​​​​- Experience in C and C++ languages - Strong mathematical/stat background - Basic knowledge in machine learning area The following qualifications would be an added advantage: - Knowledge of Windows &amp; Linux development environment - Knowledge of Intel development tools and libraries - Understanding of floating point operations and IEEE754 standard - Knowledge of OpenCL/SYCL languages -Knowledge of parallelism in shared (Intel TBB, OpenMP) and distributed (Intel MPI, Apache Spark, Dask) memory"
Machine Learning Engineer (команда Поиска),https://hh.ru/applicant/vacancy_response?vacancyId=46048820,2021-07-19T12:40:59+0300,False,,,,От 3 до 6 лет,Полный день,Python;PyTorch;SQL;Machine Learning;Анализ данных;data science;numpy;scipy;pandas;lightgbm;pytorch;scikit-learn;neural nets;nlp;search ranking;recommender systems;a/b-experiments;hadoop;hive;presto;,HeadHunter,Москва,"Мы ищем коллегу в команду, которая занимается созданием и развитием алгоритмов поиска и рекомендательных систем, основанных на машинном обучении. Наши решения работают в online режиме под большой нагрузкой на поисковом кластере из 100+ машин. Если вы хорошо знаете математику, любите копаться в больших массивах данных, находить в них закономерности, и умеете внедрять свои решения в продакшн, то мы будем рады видеть вас в нашей компании и ждем вашего отклика. Требования   Опыт реализации и применения моделей машинного обучения в продакшне;   Понимание основных методов и алгоритмов Machine Learning;   Знание принципов работы нейросетевых моделей для обработки текста;   Опыт в ранжировании, рекомендациях, а также в nlp-задачах будет большим плюсом;   Уверенное владение Python (numpy, scipy, pytorch, sklearn), приветствуется знание и опыт с Java;   Алгоритмическая подготовка: знание основных алгоритмов и структур данных;   Желателен опыт работы с различными источниками данных: SQL, Cassandra, Hive, Presto, Kafka, etc.;   Понимание и опыт работы с A/B-экспериментами;   Профильное высшее образование будет плюсом, например выпускники МФТИ, МГУ или ШАД;   Обязанности   Развитие моделей поискового ранжирования и рекомендательных систем;   Тюнинг существующих моделей, feature engineering, а также построение новых решений с нуля;   Прототипирование и доведение своих решений до продакшна на python;   Полная поддержка своих моделей: от написания запроса для выгрузки обучающей выборки из хранилищ данных до анализа результатов A/B-экспериментов и переключения всех пользователей на новый функционал;   Работа в продуктовой команде, состоящей из инженеров из разных областей (ds, backend, frontend, qa), а также product и project менеджеров;   Условия   Возможность выбора места работы: удаленно или из офиса;   Гибкий график рабочего дня;   Оформление в соответствии с ТК РФ, «Белая» заработная плата, выплачиваемая точно в срок;   Корпоративное ДМС после завершения испытательного срока (решаем вопросы со здоровьем быстро и удобно);   Возможность профессионального развития, обучение за счет компании, участие в специализированных конференциях;   Кофемашина с зерновым кофе, чай, фрукты на кухне;   Хороший тренажерный зал в офисе и душ при нем. А также занятия йогой, настольный теннис и кикер;  "
Senior Machine Learning Developer (Java/Python),https://hh.ru/applicant/vacancy_response?vacancyId=43770378,2021-07-15T20:06:16+0300,False,300000,,RUR,От 3 до 6 лет,Полный день,,Joom,Москва,"Joom — международный мобильный маркетплейс, самый быстрорастущий e-Commerce сервис Европы. Первую версию приложения мы запустили летом 2016-го года, к текущему моменту у нас более 400 миллионов установок по всему миру. Мы очень быстро растем и сейчас хотим нанять ML разработчиков в следующие направления:  сomputer vision: выделение атрибутов товаров из его фото и описания, поиск похожих и одинаковых товаров, фильтрация контрафакта и недопустимого контента, классификация фото и видео в разных приложениях. Стек: Python, Tensorflow, XGBoost, Golang, OpenCV, Docker, Kubernetes, catboost; prices: динамическое ценообразование, персонализированные скидки. Стек: Python, Tensorflow, XGBoost, Golang, Docker, Kubernetes, catboost; рекомендательная система: построение персональной ленты товаров для каждого пользователя. Стек: Java, Go, Python, Scala, Hadoop, Spark ML, Kafka, xgboost, catboost, MongoDB; ML infrastructure: задачи, связанные перфомансом, оптимизацией хранения данных и спарк расчетов, а также автоматизацией ml пайплайнов и realtime вычисления. Стек: Java и Spark, немного Go и Python.  Вакансии подразумевают не только анализ данных, придумывание гипотез, моделей и экспериментов, но и написание production-кода под высокие нагрузки. Требования:  хорошая алгоритмическая подготовка: знание базовых алгоритмов и структур данных, а также того как они реализованы в стандартных библиотеках; уверенное владение Java или С++ или Python: опыт разработки и отладки распределенных, высоконагруженных приложений, умение писать тестируемый код; промышленный опыт в Machine Learning: знание основных подходов к моделированию и обучению (линейные модели, GBDT, DNN, RNN и др.), знание статистики, алгебры, численных методов, опыт работы с байесовскими методами, опыт full-stack разработки, включающей анализ сырых данных, формулирование гипотез, создание моделей, проведение экспериментов, внедрение результатов в продакшн; опыт построения распределенного ML-стека с нуля.  Будет плюсом:  опыт разработки рекомендательных / поисковых систем; знание Go, Kotlin, Spark, Hadoop; опыт работы с MapReduce.  Условия работы:   красивый и удобный офис в районе м. ЦСКА/Динамо;   релокационный пакет для соискателей не из Москвы;   белая зарплата;   пакет акций компании;   гибкий график;   любое оборудование для работы на выбор;   ДМС (в т.ч. для детей) и 100% оплачиваемые больничные;   ипотечная программа после двух лет работы;   бесплатная парковка;   корпоративные обеды.  "
Big Data Machine Learning Algorithm Engineer,https://hh.ru/applicant/vacancy_response?vacancyId=45778274,2021-06-28T11:38:30+0300,False,,,,От 1 года до 3 лет,Полный день,SCALA;C++;Java;Hadoop;Spark;Flink;Mathematical computing;Big data algorithms;Machine learning algorithm;English;,HUAWEI,Москва,"Huawei is becoming a leader in the ICT landscape. Together with our industry and academy partners, Huawei’s own Kunpeng/Taishan/Kirin eco-systems are rapidly growing up. It’s an up to 100 billion dollar business with promising technology and commercial prospect. Machine learning algorithms are widely used by customers. And the algorithms’ performance, computation cost, and hardware cost influence the customers’ experiences greatly. A successful algorithm solution is the core value of the Huawei eco-system. Huawei will long-term invest in big data machine learning algorithm areas. On Huawei HC2020 meeting, our Cluster Computing Acceleration Library was announced, see https://live.huawei.com/huaweiconnect/meeting/en/5955.html for more details. We welcome top talents and experienced candidates in this area to join our team and grow together with Huawei eco-systems. Promising and Challenging tasks and are waiting for you! Responsibility:   Grasp the cutting-edge technology and development trends in the machine learning algorithm areas which you are responsible for;   Responsible for the design, development, verification and delivery of one key algorithm field in machine learning area, algorithm field including but not limited to classification, clustering, tree, random forest algorithms; responsible for the analysis of algorithm performance bottlenecks and propose algorithm solutions to improve the algorithm performance;   Responsible for achieving the target of the algorithm in the project, i.e. build long-term algorithm competitiveness by designing/optimization, inventing/innovation on algorithm with mathematical/theory breakthrough;   Responsible to cooperate with academic/industrial partner (university/institute/startup etc.) to work together on the algorithm you responsible for.   Requirements:   PhD degree or 3 years working experience.   Understand the principles of big data algorithms, familiar with mathematical computing and common big data computing models in the industry, including but not limited to statistical models, matrix calculation methods, machine learning algorithm principles, and deep learning algorithm principles.   Familiar with big data open source components such as Hadoop, Spark, Flink, and have high-performance programming experience.   Familiar with one of programming language Scala, Java, C ++.   Have good algorithm research and analysis abilities, can quickly analyze industry top conference papers.   English – upper-intermediate/advanced.  "
Data & Machine Learning Engineer (Computer Vision / Image Forgery Detection),https://hh.ru/applicant/vacancy_response?vacancyId=46177899,2021-07-18T19:25:01+0300,False,120000,,RUR,От 3 до 6 лет,Удаленная работа,machine learning;машинное обучение;deep learning;computer vision;image forgery detection;Python;opencv;pillow;cnn;tenserflow;pytorch;,Messapps,Москва,"Мы ищем специалиста в области Data Science и Machine Learning. С обязательным опытом в области Computer Vision или Image Forgery Detection.Обязанности:Ваша работа будет заключаться в анализе и создании методов определения была ли отредактирована изображение/фотография.  Создания плана исследований для определения лучших направления Создание моделей и методов определения редактирования изображений Использование как существующих методов анализа так и создание новых  Требования:  Экспертное знание Python 3 Будет плюсом знание OpenCV и Pillow Опыт работы в Machine learning 3+ года, понимнаие и опыт с CNN, Tenserflow, Pytorch. Опыт работы с Computer vision или Image Forgery Detection 1+ года  Условия:  Полный рабочий день - 8 часов. График работы: Обязательно работать в период 8 утра - 11 утра по Нью Йорку (основной офис). Остальные 5 часов можно раньше, можно позже. Удаленная работа. Работаем организованно: используем месенджеры, таск менеджеры (в которых ведем спринты), и тайм трекеры. Знание языка достаточного для изучения профессиональной литературы и общения на рабочие темы. "
Machine Learning Engineer (команда Process Mining),https://hh.ru/applicant/vacancy_response?vacancyId=43984296,2021-07-19T13:10:38+0300,False,,,,От 3 до 6 лет,Полный день,Python;celery;ML;SQL;,Mail.ru Group,Москва,"Process Mining ― инструмент процессной аналитики для управления процессами и показателями бизнеса в режиме реального времени. Задачи:  разработка ML-моделей для задач анализа процессов; реализация функции подбора оптимального алгоритма ML; реализация коннектора для получения данных из SQL баз; автоматизация подбора параметров обучения модели; работа с очередями заданий по обучению, прогнозам и преобразованию данных; добавление алгоритма расчета времени относительно рабочих календарей; статистические функции для анализ процессов.  Требования:  Python3; Celery (опыт работы с очередями и обработчиками); ML (Tensorflow, Sklearn, Scikit); хорошее знание SQL.  Будет плюсом:  опыт работы с веб-сервисами enterprise-продуктов; опыт работы с данными Pandas (Numpy, Scipy); Docker; TarantoolDB.  Работа в Mail.ru Group ― это:  проекты большого масштаба: соцсети, почтовые сервисы, киберспорт, портал, игры, электронная коммерция ― в каждом есть возможность делать жизнь миллионов людей лучше; сложные и интересные задачи: высоконагруженные сервисы, которые задают уровень для конкурентов качеством и технологиями; быстрый рост в трендовых направлениях; амбициозные цели перед каждым проектом; оборудование: мощное железо, дополнительные мониторы, специализированные гаджеты ― все для решения масштабных задач и экспериментов; команда: работа бок о бок со «звездами» IT-индустрии, каждый из которых может поделиться своей экспертизой; профессиональное развитие: прямо в офисе мы организуем митапы, конференции, встречи разработчиков и тестировщиков, семинары и тренинги, куда открыт доступ каждому сотруднику; новый опыт: лучшие сотрудники преподают в наших образовательных проектах, выступают на российских и международных конференциях; офис в 5 минутах от метро, крытый паркинг для всех сотрудников, велопарковка, а летом ― прокат велосипедов, лонгбордов и самокатов; здоровье и спорт: программа ДМС доступна с первого месяца работы; для поддержания иммунитета круглый год во фреш-баре овощи и фрукты; собственный тренажерный и спортивный зал в офисе. "
Machine Learning Engineer,https://hh.ru/applicant/vacancy_response?vacancyId=45367229,2021-07-09T09:01:37+0300,False,140000,180000,RUR,От 3 до 6 лет,Полный день,Python;Git;Linux;C++;ML;Images Processing;,НПО ПКРВ,Москва,"Функционал:   Разработка новых ML алгоритмов для распознавания и детектирования, а также доработка существующих;   Разработка новых алгоритмов обучения с подкреплением, а также доработка существующих   Требования:   Опыт работы в ОС Linux;   Опыт программирования Python от 4х лет;   Опыт работы в ML и Images processing;  Опыт разработки и глубокое понимание современных архитектур CNN, RNN; Опыт в Reinforcement learning: A3C, Deep Q-Network; Хорошее понимание Ensemble methods: RF, bagging, boosting; Будет плюсом знания в областях Dimension reduction/clustering; Приветствуется опыт работы в команде разработчиков; Приветствуется опыт работы с системой контроля версий GIT.  Мы предлагаем:  Интересную работу в стабильной компании на территории работодателя (г. Москва); Офис в 5 минутах пешком от м. Проспект Мира; Творческий подход к работе, профессиональный рост гарантирован; Комфортные рабочие места, достойная заработная плата обсуждается (заработная плата официальная); Полный рабочий день с 9.00 до 18.00 (возможен гибкий график); Оформление строго по ТК РФ, ДМС; "
Machine Learning Engineer oneDAL,https://hh.ru/applicant/vacancy_response?vacancyId=45593937,2021-06-21T10:15:33+0300,False,,,,От 3 до 6 лет,Полный день,C/C++;Mathematical Statistics;Mathematical Modeling;Mathematical Programming;Graph analytics area;Machine Learning;,Intel Corporation,Москва,"Job Description OneAPI Data Analytics Library (oneDAL) team is looking for a Machine Learning Engineer. oneDAL is a powerful library for data scientists that turns large data clusters into meaningful information with advanced analytics algorithms. You will have a unique opportunity to work in the most promising and rapidly developing area of artificial intelligence and big data analytics and be one of the first who can observe how new technologies change the world around us. In this role you will be responsible for development, validation and optimizations of Graph Analytics algorithms for modern Intel architectures, integration of them into the customer&#39;s applications. Qualifications:   Experience in C and C++ languages   Strong mathematical/stat background and knowledge in graph analytics area   Basic knowledge in machine learning area   The following qualifications would be an added advantage:   Knowledge of Windows &amp; Linux development environment   Knowledge of Intel development tools and libraries   Understanding of floating point operations and IEEE754 standard   Knowledge of OpenCL/SYCL languages   Knowledge of parallelism in shared (Intel TBB, OpenMP) and distributed (Intel MPI, Apache Spark, Dask) memory  "
Machine learning engineer нейросети GAN,https://hh.ru/applicant/vacancy_response?vacancyId=46371033,2021-07-20T11:19:52+0300,False,150000,250000,RUR,От 3 до 6 лет,Полный день,Python;ML Engineer;Рекомендательные системы;GAN;Математический анализ;,Северный Центр Позитроники,Москва,"ООО «Северный Центр Позитроники» приглашает в команду специалиста по нейронным сетям - Machine learning инженера (Middle, Senior) с опытом реализации алгоритмов машинного обучения с нуля (в приоритете генеративно-состязательные сети). Проект (наш собственный): мобильное приложение с искусственным интеллектом для примерки одежды и обуви на свою цифровую модель в виртуальной примерочной, оцифровки гардероба, создания модных образов, покупок в онлайн-магазинах, общения в социальной сети, получения рекомендаций от виртуального стилиста. На данный момент реализован MVP и нейросеть по очищению фона на фотографии.  Что конкретно должно уметь делать приложение в окончательной версии: 1. Обрабатывать фото одежды пользователей: очищать фон, улучшать качество изображения, преобразовывать плоское изображение в объемное, распознавать тип одежды, цвет. 2. &quot;Надевать&quot; одежду самого пользователя (обработанную в п.1) на цифровую модель (фото человека). 3. &quot;Надевать&quot; одежду из интернет-магазинов на цифровую модель. 4. С учетом параметров пользователя, предпочтений, истории покупок, просмотров, введенных пользователем данных (сезон, конкретный магазин, тип одежды): - Рекомендовать подходящую одежду из интернет-магазинов к одежде пользователя ( в целом и к конкретной вещи). - Собирать готовые комбинации одежды из вещей самого пользователя, из его вещей и вещей из интернет-магазина, только из вещей интернет-магазина. 5. Поиск в интернет-магазинах по картинке. 6. Возможно, дойдем до этого: замена элементов одежды на любой фотографии,как это делает нейросеть InstaGAN. На данный момент реализован MVP и нейросеть по очищению фона на фотографии. Обязанности:- дизайн, разработка, тюнинг, и вывод в прод моделей машинного обучения в области генерации изображений;- анализ различных источников данных, баз данных, хранилищ и форматов для решения бизнес задач (оценка целостности данных, их надежности и качества);- анализ научных публикаций, проверка теорий и гипотез;- документирование проделанной работы. Требования:- Написанные с нуля проекты на TensorFlow / Keras / PyTorch.- Опыт работы в качестве ML engineer либо CV engineer от двух лет.- Опыт работы с генеративно-состязательными сетями (GAN, SryleGAN, CycleGAN и пр.) приветствуется.- Знание Python, numpy, scikit-image, scikit-learn.- Знание линейной алгебры, теории вероятностей, мат. анализа будет преимуществом. Будет плюсом: - Практический опыт решения задач, связанных с распознаванием / классификацией / фильтрацией объектов; выделением атрибутов / извлечением признаков / поиском в пространстве признаков; построением предиктивных моделей. - Знание облачных решений, предпочтительно Azure Cloud. - Знание .NET, C#, SQL и опыт работы с Postgresql. Чем отличаемся:  Короткие планерки утром, которые позволяют оперативно проговорить с командой возникшие сложности, поделиться результатом и скорректироваться по задачам. Быстрое утверждение изменений и фич в виду отсутствия длинной цепочки согласования. Мы открыты для предложений по функционалу и дизайну, приветствуем идеи.  Что предлагаем:  Белая зарплата (оклад + премия) по итогам собеседования. Работа над интересными мобильными приложениями для массмаркета. Карьерный рост. Офис в центре, м. Павелецкая, паркинг в соседнем доме (машиноместо 7,5 тыс.), пешком до метро 12 мин. Удаленная работа или частично офис-удаленка - по согласованию. График работы с 9.00 (10.00) до 18.00 (19.00). "
Data scientist/Machine learning engineer в Команду CoreML,https://hh.ru/applicant/vacancy_response?vacancyId=42449951,2021-07-15T16:11:48+0300,False,,,,От 1 года до 3 лет,Полный день,Python;Spark;Big Data;PHP;,ВКонтакте,Санкт-Петербург,"Сейчас мы ищем middle- или senior-разработчика, которому предстоит работать над одним из этих направлений. Нужно будет задействовать полный стек технологий: BigData, ML, Backend, аналитику.Напишите нам, даже если про вас — только один из этих пунктов, а по остальным вы готовы развиваться:  высокий уровень навыков в программировании; отличные знания алгоритмов и структур данных; умение грамотно использовать алгоритмы машинного обучения; навыки работы с фреймворками Big Data; сильная математическая база.  В работе мы применяем:  Hadoop, Spark, Kafka и другие технологии из мира Big Data, которые мы готовим на Scala; PyTorch и другие инструменты для анализа контента и работы с нейронными сетями; Python и широкий стек библиотек для задач машинного обучения и аналитики; свой диалект PHP с расширениями для эффективной работы с системами.  Наш принцип — работать небольшими итерациями, начиная с самых простых решений. Такой подход позволяет быстро и эффективно справляться с поставленными задачами.Примеры задач, с которыми наша Команда сталкивается ежедневноРекомендательные системы:  какие авторы будут интересны пользователю и как найти для создателей контента новую аудиторию; как факторизовать разрежённую матрицу с миллиардами значений; как провести кластеризацию и классификацию пользователей и авторов по интересам; как рекомендовать друзей на основе анализа гигантского социального графа и других данных о пользователе; как кластеризовать вершины в графах, если их там сотни миллионов; как обеспечить новизну и разнообразие рекомендаций.  Ранжирование:  что такое «счастье» пользователей, авторов и контентной платформы, как его точно измерить даже при небольших изменениях; как построить функцию потерь, которая наиболее точно соответствует «счастью»; какие факторы влияют на то, что нравится и не нравится пользователю; как собрать данные для обучения модели; как найти мощные модели ранжирования, которые способны работать под большой нагрузкой; как корректно проводить тестирование новых функциональностей в системе с сильным сетевым эффектом.  Инфраструктура:  как эффективно собирать, хранить и обрабатывать терабайты данных каждый день, а также масштабировать машинное обучение под такой объём информации; как быстро узнавать о проблемах и их причинах; как понять, что рекомендательная система работает корректно; как сделать онлайн-ранжирование быстрее и производительнее.  Андрей Якушев, руководитель команды CoreML:«В Команде CoreML высокая культура работы с данными, хорошая продуманная инфраструктура и невероятно крутые коллеги. Мы холиварим, разбирая идеи, выкатываем в прод только лучшие и постоянно расширяем свой кругозор».Мы предлагаем:  интересные и сложные задачи на стыке разных областей знаний; минимальную бюрократию и максимальную скорость разработки; возможность быстро прокачать свои навыки; работу с лучшими специалистами в своих направлениях, чемпионами мира по программированию, кандидатами технических наук и перспективными талантами; офис в историческом центре Санкт-Петербурга; уровень зарплаты, который зависит только от ваших знаний и трудоспособности ДМС, чтобы лечиться в удобное время и без лишних трат. "
3D Machine Learning Research and Development Engineer,https://hh.ru/applicant/vacancy_response?vacancyId=43588394,2021-06-28T08:52:47+0300,False,,,,От 3 до 6 лет,Полный день,Английский язык;C/C++;Machine learning;Python;,Artec 3D,Москва,"Tasks:  Develop innovative Machine Learning algorithms for various problems in 3D data processing ranging from 3D Matching and Similarity to 3D Reconstruction, Recognition and Scene Understanding Design and optimize the performance of ML algorithms for specific 3D sensors, hardware and stack of software technologies Investigate the industrial and academic technological trends on 3D Machine Learning and 3D Deep Learning, sensor intelligence, and related technologies Investigate design approaches, prototype new technology, and evaluate technical feasibility for state-of-the-art ML and DL algorithms Collect and analyse big data specific for the task Work in a team and collaborate with other colleagues to contribute into common knowledge base    Desired skills and expertise:  M.S. or Ph. D degree in the field of Computer Science or Engineering Strong mathematical background in Сomputer Vision, Machine Learning and Deep Learning Good coding skills Python and C++ Practical knowledge of ML/DL frameworks (scikit, tensorflow, pytorch, caffe, mxnet) Fluent English is required    Preferable:  Scientific publications on the topics of Computer Vision and Machine Learning Industrial experience in ML development and productization Good communication and interpersonal skills  We offer:  The position is based in Moscow or in Luxembourg A fun, relaxed place to work and develop your own ideas and ambitions Official salary, medical insurance Catered lunches every workday Flexible timetable Corporate collection of board games "
Инженер-тестировщик в команду Machine Learning,https://hh.ru/applicant/vacancy_response?vacancyId=44095047,2021-06-21T07:15:50+0300,False,,,,От 1 года до 3 лет,Удаленная работа,Python;Git;Atlassian Jira;Linux;MATLAB;,Центр финансовых технологий,Новосибирск,"ГК «Центр Финансовых Технологий» - провайдер современных ИТ-решений для участников финансового рынка РФ и СНГ. Входит в ТОП-3 крупнейших разработчиков ПО и поставщиков услуг в области IT (по рейтингам нескольких изданий). В компании активно развивается направление Machine learning. В Новосибирске команда из 60 крутых специалистов работает над проектами:  кредитный скоринг; персонализация маркетингового предложения; эффективная реклама; антифрод; распознавание голоса, чат-боты; распознавание изображений.    В своей работе мы придерживаемся микросервисной архитектуры. Наши проекты:  написаны на Python; разворачиваются в k8s; хранятся в GIT; покрываются автотестами на pytest; имеют настроенный CI\CD в gitlab.    Приглашаем тебя присоединится к нам, мы находимся в поисках Инженера-тестировщика! QA активно развивается на проектах и у тебя есть возможность стоять в начале этого пути и активно участвовать в разработке стратегии тестирования.От тебя будет требоваться способность работать не по инструкции и активная позиция по обеспечению качества продукта.Работа нашей команды – это весомый и ценный результат для компании, а для будущего коллеги - отличная возможность для развития в QA, разработке и Machine Learning! Задачи:  интеграционное тестирование микросервисов и ML моделей; проведение ревью существующих автотестов и разработка новых; развитие и оптимизация процессов тестирования; участие в выводе продуктов в бой; анализ требований совместно с командой; для достижения всего этого - много общаться с коллегами.  Ищем людей с :  уверенным владением теорией тестирования и техниками тест дизайна; владением английским языком, достаточным для чтения технической документации; владением любым языком программирования (на достаточном уровне для автотестов, предпочтительно Python). Если язык не Python, то приветствуется готовность его освоить.  Будет преимуществом:  опыт тестирования Rest API; владение pytest; базовые знания docker + k8s; понимание клиент-серверной архитектуры; опыт работы с CI/CD.  Возможна как удаленная работа, так и из офиса."
