vacancy,url,created,has_test,salary_from,salary_to,currency,experience,schedule,skills,employer,area,description
Java (Kotlin) Backend Developer (remote),https://hh.ru/applicant/vacancy_response?vacancyId=46608718,2021-07-28T20:59:06+0300,False,,,,От 1 года до 3 лет,Полный день,Java 8;Spring Framework;gitflow;Docker;Java 11;NoSQL;Kubernetes;CI/CD;Java;Kotlin;,HEADS and HANDS,Нижний Новгород,"Heads and Hands помогает своим клиентам улучшать ежедневную жизнь людей и автоматизировать их рутину с помощью мобильных приложений и веб-сервисов. Мы верим, что мобильные приложения могут сделать компании действительно полезными для людей, когда, за счёт удобной экосистемы и пользовательского опыта, ценность продуктов и услуг превышает их физическую цену. С помощью мобильных экосистем мы создаем возможности для лучшей жизни, которые закрывают потребности человека и помогают бизнесу стать лидером в отрасли. Мы сделали продукты для Касперского, Land Rover, Lamoda, Leroy Merlin. Помогли с проектами Яндексу, ABBY, Mail.Ru, Сбербанку и Тинькофф Банку. А еще мы входим в топ-5 среди разработчиков мобильных приложений по версии Tagline, и это очень приятно :) Начинали мы в далеком 2012 как небольшой стартап, а сейчас являемся одной из крупнейших компаний в России в области мобильной разработки. У нас три офиса (в Питере, Саранске и Новосибирске) и своя школа разработки. Сейчас мы растем, и поэтому ищем в нашу команду Java-разработчика. В твои ежедневные задачи будет входить:   Разработка API для мобильных и веб-приложений   Интеграция со сторонними сервисами   Взаимодействие с командой разработки и менеджерами   У нас все получится, если ты:  Обладаешь компетенциями уверенного middle разработчика Имеешь коммерческий опыт разработки на Java (8,11 и выше) от 1 года Обладаешь разговорным Spring&#39;ом Умеешь работать с нереляционными базами данных  Плюсом будет:  Знание и опыт работы с Docker, Kubernetes, CI/CD Знание Kotlin  Что мы предлагаем:  Официальное оформление и полностью белая з/п Фиксированный оклад (определяем с кандидатом по итогам тех. собеседования) ДМС через год работы Возможность работать удаленно из любого города, гибкое начало рабочего дня (формально - с 9:00 до 11:30 мск, но все обсуждаемо:) Частичную/полную плату обучающих материалов, билетов на лекции и конференции по твоему запросу  Работа над крупным, технически сложным проектом в команде опытных разработчиков, QA, дизайнеров и проджект-менеджера - ребята всегда на связи и готовы помочь, если возникают трудности  Веселые командировки к команде и тимлидам (если совпадает необходимость и желание)  Эта вакансия для тебя, если:  Ты хочешь развиваться и делать действительно полезные приложения на топовом стеке Любишь командную работу и информативный фидбек от лидов Ценишь отлаженные процессы разработки и возможность быстро прокачаться в экспертной, дружелюбной и эмпатичной команде "
QA Automation Engineer (Java/Kotlin),https://hh.ru/applicant/vacancy_response?vacancyId=40908451,2021-08-02T15:48:45+0300,False,130000,250000,RUR,От 1 года до 3 лет,Полный день,Atlassian Jira;SQL;Git;Java;Kotlin;,BelkaCar,Москва,"BelkaCar — каршеринг, работающий на рынках Москвы, Сочи, Геленджика, Анапы и Новороссийска. Миллионы людей уже зарегистрировались в Белке, а сотни тысяч используют каршеринг каждый месяц. Непростых и интересных задач у нас очень много, а цель одна: сделать лучший сервис на рынке. В этом нам поможет команда тестировщиков, частью который можешь стать ты! Сейчас мы активно внедряем тестирование в процесс разработки и ждем человека, который будет разрабатывать и поддерживать проект с автотестами в Java команде. Задачи:   активное участие в жизненном цикле разработки программных продуктов компании   анализ требований, разработка и актуализация тестовой документации   разработка и поддержка автотестов на Java (Kotlin)   работа с баг-трекинговой системой - Jira   интеграция автотестов с Allure TestOps   Наши ожидания от кандидата:   уверенные знания теории тестирования и понимание основных принципов ООП   понимаете и можете объяснить, что такое клиент-серверная архитектура   разрабатывали автотесты Java (Kotlin) + Junit5   знаете SQL на уровне написания простых запросов   знаете Git, уверенно пользуетесь консолью и имеете опыт работы с Docker   Мы предлагаем:   классный современный продукт, который очень быстро развивается и завоевывает рынки   возможность работать удаленно или приезжать в офис по желанию   официальное оформление по ТК, белую зп и гибкое начало рабочего дня   корпоративный тариф на каршеринг, ДМС, участие в конференциях и английский за счет компании  "
Senior Java / Kotlin Developer,https://hh.ru/applicant/vacancy_response?vacancyId=46122740,2021-07-09T14:50:42+0300,False,320000,,RUR,Более 6 лет,Удаленная работа,Java;Spring Framework;Back-end;Unit Testing;,Солантек,Саратов,"В компании Solanteq мы разрабатываем продукты, решающие задачи наших клиентов (это процессинговые компании и банки в России, в том числе из топ-10, и за рубежом) в финтех сфере, такие как:  Обработка транзакций по платежным картам (МПС Visa, MasterCard, Мир и другие). Осуществление интернет платежей, в частности мы являемся сертифицированным поставщиком 3D-Secure решений. Осуществление NFC-платежей (ApplePay, AndroidPay и MirPay). Запуск программ банковской и розничной лояльности. Управление терминалами, такими как POS-терминалы и банкоматы. Автоматизация тестирования банковских систем.  Задачи:  Разработка новых и развитие существующих бизнес-модулей системы. Проработка технический решений для обеспечения отказоустойчивости и масштабирования системы (в том числе работа в ген-распределенной инфраструктуре). Проработка архитектуры новых модулей системы и решений на базе продуктов компании. Участие в проектах по разработке и внедрению инновационных проектов в fintech области. Курирование младших разработчиков. Внедрение новых технологий и devops практик.  Требования к кандидатам:  Опыт коммерческой разработки back-end на Java от 5 лет. Опыт разработки распределенных систем. Опыт работы с Spring Framework. Опыт работы с *nix системами. Умение читать и понимать чужой код. Умение писать unit-тесты и понимание, зачем это нужно. Умение и желание работать в команде. Интерес к новым фреймворкам и технологиям. Желание разбираться в предметной области. Английский язык желательно. Опыт работы с PostgreSQL, Oracle (или другими классическими базами данных) будет плюсом.  Условия:  Активная разработка и возможность увидеть созданную с Вашим участием систему в проде. Дружелюбная, не бюрократизированная обстановка. Оформление по ТК. Возможность выбирать формат работы - удаленно или в комфортном офисе в Санкт-Петербурге (помогаем с релокацией). ДМС и страховка для путешественников.  Как всё устроено:  Кодовая база на Java 8+ (в новом коде используем фичи Java 11) и Kotlin. Хранение исходных кодов и код ревью в Self-Hosted GitLab. CI/CD на базе TeamCity. Использование AWS для внутренней инфраструктуры. Фреймворки и технологии (поддерживаем актуальные версии): Java 11, Spring 5, Hibernate, Infinispan, Mockito, PostgreSQL, RabbitMQ и так далее. "
Middle Java / Kotlin разработчик,https://hh.ru/applicant/vacancy_response?vacancyId=40580953,2021-08-02T15:05:01+0300,False,100000,,RUR,От 1 года до 3 лет,Гибкий график,,Эквид,Самара,"❑  Что мы делаем? Мы разрабатываем самую крутую SaaS-платформу для ведения бизнеса в интернете. Попробуем объяснить через аналогию. Если вы хотите платформу для разработки — вы используете GitHub. Если для online-торговли — Ecwid. У нас уже больше 6 миллионов клиентов в 175 странах и конца этому не видно. ❑ Что надо делать? Разрабатывать новые фичи и фиксить баги, а если по простому — писать код. Дизайном заниматься не надо, версткой заниматься не надо, тексты придумывать не надо, общаться с какими-то мифическими «заказчиками» не надо. Для этого у нас в команде есть другие люди и вот как раз они любят верстку, дизайн и тексты. В наших процессах есть доброжелательный code review, CI, автотесты и десятки релизов в день. У нас большая микросервисная, распределенная архитектура и сотни терабайт трафика. Новый код пишем на Kotlin, старый поддерживаем на Java, но всё реже и меньше. Базы данных – PostgreSQL, Redis, SOLR и ClickHouse. ❑ Кого мы ищем?  хорошего инженера, желающего писать код на Kotlin и Java. Если вы не знаете Kotlin и Java — ничего страшного, ведь наверняка знаете что-то другое? По опыту, только 20% из нашей команды разработки раньше писало на Java, остальные 80% пришли с опытом других языков (Ruby/PHP/C#/C++ и т.д.) очень поможет, если вы знакомы с web-технологиями, реляционными базами и распределенными системами. Да, Ecwid большой и сложный, но, очень сильно упрощая, с одной стороны продукта web-морда (большая и сложная, да), а с другого конца — реляционная база (нагруженная, через кучу кешей и оптимизаций, но база). Все это размазано по достаточно большому кластеру на нескольких континентах хорошо бы иметь общие знания о том, как устроены самые разные штуки в CS/IT (браузер, файловая система, CPU L1 cache, операционка, хвостовая рекурсия, DNS, пузырьковая сортировка, regexp) можете посмотреть наши тестовые — ecwid.to/dev  ❑ Что предлагаем сотрудникам?— свободный график— нет бюрократии, нет рутины— возможность самостоятельно влиять на то, каким будет продукт для сотен миллионов клиентов по всему миру— лёгкий и удобный инструмент для работы в любое время, где бы ты ни находился — топовый MacBook Pro— отличный офис с крутым видом. Он расположен рядом со старой набережной. У нас есть уютная кухня, переговорки и свой спорт-зал. Два раза в неделю для сотрудников проходят занятия йогой, есть турник и стол для настольного тенниса.— что-то ещё, что вам нужно, но вы пока не сказали нам об этом ;-]  "
Kotlin (Java) разработчик,https://hh.ru/applicant/vacancy_response?vacancyId=46512860,2021-07-26T11:01:31+0300,False,70000,130000,RUR,От 1 года до 3 лет,Полный день,Java;kotlin;REST;Git;Data binding;,Мухин Дмитрий Сергеевич,Ростов-на-Дону,"Cтек: Java/Kotlin, Clean Arch, Android Architecture Components, MVP, MVVM, Data binding, Picasso/Glide, REST. Кого мы ищем: Middle\Senior android-разработчиков Что нужно, чтобы к нам присоединиться:  Опыт разработки для мобильных устройств под управлением Android не менее 2-х лет; Уверенное знание Kotlin или Java и Android SDK; Опыт работы с системой контроля версий Git; Умение планировать свою работу и работу команды; Самодисциплина и ответственность; Внимательность к деталям. "
Back-end developer (Scala/Java/Kotlin) в команду SME Transactional business,https://hh.ru/applicant/vacancy_response?vacancyId=46764780,2021-08-04T07:41:15+0300,False,,,,От 1 года до 3 лет,Полный день,,Райффайзенбанк,Москва,"Представь – ты предприниматель. Тебе хочется проверить как дела в офисе, а ты едешь в банк с очередной бумажкой. Тебе хочется посетить конференцию, а ты едешь в банк с очередной бумажкой. Тебе хочется уделить время себе, а ты... да-да! Едешь в банк с очередной бумажкой! Неприятно, правда? Вот, наша команда делает все, чтобы ты не ездил в банк совсем. А еще мы трудимся, чтобы ты мог получать услуги банка по выгодным тарифам. Чтобы твое взаимодействие с банком было комфортным и оставляло приятное послевкусие. Чтобы ты мог привлекать клиентов в банк и получать за это реальные денежные вознаграждения! А знаешь, что нас делает действительно крутыми? Это то, что каждый член команды тоже является стэйкхолдером! Каждый из нас может реализовать свои идеи и амбиции, развиться в крутого спеца, попробовать себя в разных областях. Мы действительно думаем о каждом и хотим, чтобы работа в команде была комфортной и максимально продуктивной. Мы создаем всякие штуки для предпринимателей. Качественные и аппетитные Какие задачи тебя ждут?  участие в разработке и поддержке одного из основных сервисов интернет-банка для юридических лиц; большое число активных пользователей, много сложной бизнес-логики, масса самых разных интеграций с огромным IT-ландшафтом банка, микросервисы, высокие нагрузки, безопасность, автоматизация и мониторинг - всего в достатке.  Наша команда поддерживает разнообразные микросервисы, написанные на Scala и Kotlin. Ищем проактивного человека, готового работать с обоими языками и вместе с нами развивать сервис рублевых платежей, которым будут пользоваться сотни тысяч клиентов - от маленького индивидуального предпринимателя до крупнейших корпораций. Требования Scala:  опыт работы с typelevel экосистемой (чем больше покрытие, тем лучше); готового работать с современным FP-стэком: scala 2.13, cats, fs2, tofu, distage, monix, doobie, circe, http4s/tapir; практический опыт с tagless final; SBT;  Java/Kotlin:  Spring; ORM (Hibernate, JPAm ...) Maven/Gradle  А также:  опыт в построении SOAP/REST сервисов; опыт написания веб-сервисов с REST API; опыт работы с PostgreSQL, Kafka, JMS (IBM MQ, ActiveMQ, Rabbit MQ, ...); опыт работы с Docker/k8s/OpenShift/PKS; опыт разработки распределенных систем; опыт тюнинга и профилирования JVM, PostgreSQL; хорошее знание Linux / bash; представление о промышленном процессе разработки (Agile, Scrum, RUP, ...).  Условия  гибкое начало рабочего дня, работа удаленно; у тебя будет расширенная страховка почти во всех клиниках Москвы от Росгосстрах (со стоматологией); ты сможешь бесплатно тренироваться в нашем спортзале, либо ты можешь выбрать другой фитнес зал с большой скидкой (например, world class); у нас отличное кафе с завтраками, обедами и ужинами, оборудованные кухни, кофе бар; мы посещаем различные конференции и наши сотрудники выступают на крупных мероприятиях (например, Holy JS, Frontend Conf); можно подключиться к корпоративной библиотеке MyBook, воспользоваться Premium от Wikium; мы предоставляем страхование (в путешествиях, от несчастных случаев и др.). "
Android Developer (Kotlin),https://hh.ru/applicant/vacancy_response?vacancyId=45370344,2021-08-03T12:28:08+0300,False,,,,От 1 года до 3 лет,Удаленная работа,Android;Kotlin;Android SDK;Material Design;Git;,RU-CENTER Group,Санкт-Петербург,"Мы ищем Android разработчика, который вольется в дружную команду проекта LovePlanet. LOVEPLANET — сеть мобильных приложений/сайтов для знакомства и общения, начавшая свою работу в 2005 году. Являемся одним из известнейших и старейших сайтов знакомств в Рунете с аудиторией более 25 млн. зарегистрированных анкет по всему миру. Наши мобильные приложения ориентированы и развиваются на рынках Европы, США и Азии. Обязанности:  Поддержка существующих и разработка новых клиент-серверных приложений для мобильных устройств.  Требования:  Знание Kotlin/Java и опыт разработки под Android от 2-х лет; Понимание архитектуры Android приложений, знание Android SDK, Android X, Android Architecture Components, Clean architecture, гайдлайнов; Умение реализовывать интерфейс приложения в точном соответствии с дизайном; Опыт эффективного использования гайдланов Material Design и компонентов Android X Library, Android Architecture Components; Опыт разработки клиент-серверных приложений; Умение отлаживать, тестировать приложение, профилирование кода; Стремление к оптимизации, соблюдению сроков; Опыт использования системы контроля версий Git.  Плюсами будут:  Наличие ссылок на приложения в Google Play в резюме; Умение разбираться в проектах наших других разработчиков; Умение проектировать и реализовывать сложные и нестандартные пользовательские интерфейсы.  Условия:  Удаленный режим работы; Гибкий график работы: пн – пт; Оформление как самозанятый или договор с ИП. "
Android (Kotlin) разработчик,https://hh.ru/applicant/vacancy_response?vacancyId=43165523,2021-07-15T12:45:50+0300,False,,170000,RUR,От 1 года до 3 лет,Удаленная работа,Git;Android;Kotlin;ООП;,HEADS and HANDS,Казань,"Heads and Hands – разработчик сложных web и мобильных сервисов. Мы приложили руки к таким приложениям как Lamoda, Ginza, Pandao, Doc+, сделали продукты для Samsung, Land Rover, Leroy Merlin. Работали с проектами Яндекс, ABBYY, Mail.Ru и Тинькофф Банк. Находимся в топ-5 мобильных разработчиков. Сейчас в работе более 50 проектов, количество растет и мы масштабируем команду.   Задачи в работе: • проектирование и разработка архитектуры мобильных приложений; • разработка кастомных компонентов; • верстка интерфейсов по дизайну из Figma, Zeplin; • разработка взаимодействия с API; • интеграции SDK сторонних сервисов;   Условия: • Удаленный формат, гибкий график. • Официальное оформление с первого дня, (оклад + ставка, суммы обсуждаемы). • Отлаженные процессы разработки, код-ревью от тимлида. • Работа над проектом в команде опытных программистов, QA, дизайнера и проджект-менеджера. Они всегда на связи и готовы помочь, если возникают трудности.   Требования: • Компетенции уверенного middle разработчика, а лучше senior. • Коммерческий опыт разработки под Android (и разговорный Kotlin) от 1 года. • Знание ООП, паттернов проектирования, основных алгоритмов и структур. • Понимание что такое и как работает HTTP(S), REST API. • Готовность работать в команде (Git / GitFlow, Jira / Redmine).   Эта вакансия для тебя, если: • Хочешь развиваться и делать действительно полезные приложения. • Любишь удаленный формат и работу на результат. • Ценишь командную работу и информативный фидбек от лидов. • Выбираешь компанию с четкими, грамотно выстроенными процессами.   Над вакансией работает HR и TL команд, укажи нам на актуальный пример твоего кода и познакомимся без тестового в один этап. До встречи!"
Руководитель разработки (Java/Kotlin) / Head of Development в Jpharm,https://hh.ru/applicant/vacancy_response?vacancyId=40506635,2021-07-31T18:08:21+0300,False,,,,Более 6 лет,Гибкий график,PostgreSQL;Linux;Java;Teamleading;Kotlin;,Joom,Москва,"Jpharm.de – это фармацевтический маркетплейс для рынка Европы, позволяющий пользователям сделать заказ лекарств от разных аптек из одного интерфейса. Сервис запущен в 2021 году компанией Joom, международным мобильным маркетплейсом с более чем 400 миллионами пользователей по всему миру. Пока что в Jpharm работает совсем немного сотрудников, поэтому присоединиться к проекту сейчас – это возможность стать частью ядра команды, наблюдать за развитием продукта с самой ранней стадии и внести действительно большой вклад в становление бизнеса. Мы собираем ядро команды и ищем руководителя разработки Jpharm. Этот человек будет управлять всеми техническими командами, строить архитектуру сервиса, а также писать код бэкенда первые этапы жизни продукта. Стек: Kotlin, Spring Framework, JUnit, Mockk, PostgreSQL, AWS, ElasticSearch, Gradle. Задачи:  строить архитектуру сервиса; писать бизнес-логику продукта; нанимать команду и управлять backend, frontend и mobile разработчиками; настраивать процессы разработки; участвовать в принятии ключевых продуктовых решений.  Требования:  уверенное владение любым из языков программирования: Kotlin/Java; опыт разработки сложных highload проектов; отличная алгоритмическая подготовка; умение писать качественный код; опыт разработки под Linux/Unix; опыт управления разработчиками.  Условия:   красивый и удобный офис в районе м. ЦСКА/Динамо;   релокационный пакет для соискателей не из Москвы;   белая зарплата;   пакет акций компании;   гибкий график;   любое оборудование для работы на выбор;   ДМС (в т.ч. для детей) и 100% оплачиваемые больничные;   ипотечная программа после двух лет работы;   бесплатная парковка;   корпоративные обеды.  "
Backend разработчик (Java/Kotlin) в Jpharm,https://hh.ru/applicant/vacancy_response?vacancyId=46099887,2021-08-04T12:13:21+0300,False,230000,,RUR,От 3 до 6 лет,Гибкий график,Java;Kotlin;,Joom,Москва,"Jpharm.de – это фармацевтический маркетплейс для рынка Европы, позволяющий пользователям сделать заказ лекарств от разных аптек из одного интерфейса. Сервис запущен в 2021 году компанией Joom, международным мобильным маркетплейсом с более чем 400 миллионами пользователей по всему миру. Пока что в Jpharm работает совсем немного сотрудников, поэтому присоединиться к проекту сейчас – это возможность стать частью ядра команды, наблюдать за развитием продукта с самой ранней стадии и внести действительно большой вклад в становление бизнеса. Мы продолжаем расширять команду и в поисках backend-разработчиков. Стек: Kotlin, Spring Framework, JUnit, Mockk, PostgreSQL, AWS, ElasticSearch, Gradle. Что предстоит делать:  придумывать архитектуру; программировать на Kotlin; обеспечивать отказоустойчивость написанных сервисов в окружении AWS; быть готовым к постоянному росту нагрузки и объема обрабатываемых и хранимых данных; участвовать в обсуждении новых фич и развития продукта.  Требования:  уверенное владение Java/Kotlin; опыт разработки сложных проектов; отличная алгоритмическая подготовка; опыт разработки под Linux/Unix.  Плюсами будут:  опыт с highload.  Условия работы:   красивый и удобный офис в районе м. ЦСКА/Динамо;   релокационный пакет для соискателей не из Москвы;   белая зарплата;   пакет акций компании;   гибкий график;   любое оборудование для работы на выбор;   ДМС (в т.ч. для детей) и 100% оплачиваемые больничные;   ипотечная программа после двух лет работы;   бесплатная парковка;   корпоративные обеды.  "
Android разработчик (Kotlin) middle+,https://hh.ru/applicant/vacancy_response?vacancyId=46226774,2021-07-30T13:23:15+0300,False,,,,От 1 года до 3 лет,Удаленная работа,Kotlin;Java;Git;Scrum;Android;,Roonyx,Ростов-на-Дону,"Roonyx - международная компания по разработке программного обеспечения. В 2005 году мы начинали как SaaS-стартап по разработке аналитической платформы. Сегодня мы активно развиваемся в заказной разработке, работаем с крупными компаниями и крутыми стартапами из США и Европы. Создаем востребованные ИТ продукты в команде с сильными разработчиками. Каждый месяц на оценку приходит от 10-ти проектов, стартуют 2-3 проекта. Сейчас нас около 40 увлеченных профессионалов: Backend, Frontend, QA, AI, PM, Mobile, Marketing, HR, Design. Для усиления команды мы ищем разработчика Android-разработчика (Kotlin) уровня middle+ Технологический стек: Язык Kotlin и legacy - Java. Также используем компоненты Jetpack - ViewModel, LiveData - задачи в Jira, Trello. - документация в Jira Confluence - best practices: линтеры кода, мониторинг приложений, тесты, Gitlab CI/CD, DockerHub. - best practices: линтеры кода, мониторинг приложений, тесты, TeamCity CI/CD. - общаемся в Discord, HangOut, Telegram, Zoom Мы уже подготовили для вас всё необходимое: - сильная команда разработчиков от senior до junior, - выстроенные процессы (работаем по agile/scrum), - возможность для реализации ваших профессиональных компетенций. Что мы ожидаем от вас: - Опыт коммерческой разработки мобильных приложений под Android от 1,5 лет - Уверенное знание Kotlin - Умение разбираться в чужом коде - DI (Dependency injection) - Koin - Network - Retrofit - Local cache - Room - Material Design - Arch pattern - MVVM, MVP - Android Jetpack - WorkManager, Paging Library, etc. Что у нас есть: - Проект - Приложение, которое помогает автоматизировать проверки, опросы, задания для сотрудников магазина. Есть разные роли, например, директор магазина, который может создавать проверки (К примеру, проверка на то, что есть на полках в магазине), опросы у сотрудников и тд, смотреть статистику и делать отчеты. - полноценный технологичный процесс разработки без лишней бюрократии. - полнофункциональная команда: РМ, UX/UI designer, frontend developer, backend developer, QA engineer; - удаленная фултайм работа — нам не важно, из какой точки мира ты работаешь, важен только результат. - мягкий график. Достаточно синхронизировать тайм-зоны и иметь пересечения рабочего времени с командой; - пятидневная рабочая неделя с возможностью выбрать удобное начало рабочего дня; - возможности для профессионального развития: посещение конференций, митапов, прохождение курсов; - возможность влиять на процессы — мы ценим вклад команды в развитие проекта, - адекватная для рынка заработная плата + пересмотр заработной платы по рынку и профессиональным достижениям; - корпоративные мероприятия (выезды в горы, пейнтбол, кино, походы); - высокий уровень доверия со стороны руководителей - мы трекаем время, но не контролируем, а оцениваем только результаты выполнения задач;"
Android-разработчик (Kotlin),https://hh.ru/applicant/vacancy_response?vacancyId=45197747,2021-07-06T11:07:37+0300,False,,,,От 3 до 6 лет,Удаленная работа,Android;Kotlin;MVMM;Retrofit;Room;REST API;Firebase;AppDynamics;Amplitude;,Утконос. И..И.. ОНЛАЙН,Москва,"  Утконос ОНЛАЙН – современный фудтех, магазин нового поколения, онлайн платформа и сервис по доставке продуктов питания и сопутствующих товаров. Нам 20 лет, но в душе мы остаемся стартапом, который верит в будущее E-grocery. Вы можете расти вместе с нами и осуществлять свои идеи в любом направлении бизнеса. Мы входим в инвестиционную группу «Севергрупп» и инновационно совмещаем традиционные и современные технологии розничной торговли. Компания сегодня – это:  5 500+ вовлеченных коллег, 5 фулфилмент - центров общей площадью более 100 000 м2, ассортимент 40 000 SKU и собственные торговые марки.  В 2020 году в рамках стратегии региональной экспансии компания вышла в новые города и продолжает расти.   Мы ищем Android-разработчика в команду разработки мобильных приложений. Сейчас в команде 5 разработчиков, в ближайшее время планируем прирасти до 9.   Над какими приложениями предстоит работать:  Приложение онлайн магазина Витрина – это объемное приложение, которое реализует наиболее востребованные сценарии: работа с товарами и пользователем, оформление заказа и оплата и многое другое.  Приложение публикуется в Google Play и Huawei Store, в г. Москва у него 500 000+ активных пользователей.  Мобильное приложение курьера – помогает нам обеспечивать высокое качество сервиса. Активно взаимодействует с Rest Api и БД, а также с кассовым аппаратом Несколько внутренних приложений, позволяющих обеспечивать заданный уровень сервиса клиентам.    Наш стек:• Single Activity, чистый MVVM + Android Data Binding • Kotlin, а также Kotlin Native: Coroutines, Koin и др., движемся в сторону KMM • Активное взаимодействие с Rest Api, БД и другими источниками данных • Интересные фреймворки: Firebase, AppDynamics, Amplitude, Google и Huawei сервисы   Процессы:  Внедряем фреймворк Large Scrum Scale (LeSS), стремимся к фиче-командам Используем фреймворк Vectorly для создания системы грейдов, оценки и развития сотрудников    Какие профессиональные навыки нам важны:  Опыт разработки клиентских приложений от 3-х лет (e-com, телеком, банковская сфера) Уверенное владение стеком технологий: Android SDK, Kotlin, MVVM Будет плюсом знание Declarative UI    Предлагаем за Ваш труд:  Достойный уровень дохода: оклад+годовой бонус. Готовы отталкиваться от ваших ожиданий с учетом итогов технического интервью Комфортный формат работы: офис или удаленка – решаете вы Реферальная программа «Приведи друга» с достойными бонусами за успешные рекомендации ДМС со стоматологией от лучшей компании по страхованию с 1-го дня работы. Пул из 40+ корпоративных программ: банки, застройщики, туроператор TUI, Samsung, «Карофильм», Lamoda, фитнес-центры, английский со Skyeng, Нетология, Фоксфорд ,Kidmost, и многие др.     "
Java (Kotlin) backend разработчик,https://hh.ru/applicant/vacancy_response?vacancyId=46608840,2021-07-28T21:13:06+0300,False,,,,От 1 года до 3 лет,Полный день,Java 8;Spring Framework;gitflow;Docker;NoSQL;Kubernetes;CI/CD;Java;Java 11;Kotlin;,HEADS and HANDS,Саранск,"Heads and Hands помогает своим клиентам улучшать ежедневную жизнь людей и автоматизировать их рутину с помощью мобильных приложений и веб-сервисов. Мы верим, что мобильные приложения могут сделать компании действительно полезными для людей, когда, за счёт удобной экосистемы и пользовательского опыта, ценность продуктов и услуг превышает их физическую цену. С помощью мобильных экосистем мы создаем возможности для лучшей жизни, которые закрывают потребности человека и помогают бизнесу стать лидером в отрасли. Мы сделали продукты для Касперского, Land Rover, Lamoda, Leroy Merlin. Помогли с проектами Яндексу, ABBY, Mail.Ru, Сбербанку и Тинькофф Банку. А еще мы входим в топ-5 среди разработчиков мобильных приложений по версии Tagline, и это очень приятно :) Начинали мы в далеком 2012 как небольшой стартап, а сейчас являемся одной из крупнейших компаний в России в области мобильной разработки. У нас три офиса (в Питере, Саранске и Новосибирске) и своя школа разработки. Сейчас мы растем, и поэтому ищем в нашу команду Java-разработчика. В твои ежедневные задачи будет входить:   Разработка API для мобильных и веб-приложений   Интеграция со сторонними сервисами   Взаимодействие с командой разработки и менеджерами   У нас все получится, если ты:  Обладаешь компетенциями уверенного middle разработчика Имеешь коммерческий опыт разработки на Java (8,11 и выше) от 1 года Обладаешь разговорным Spring&#39;ом Умеешь работать с нереляционными базами данных  Плюсом будет:  Знание и опыт работы с Docker, Kubernetes, CI/CD. Знание Kotlin  Что мы предлагаем:  Официальное оформление, sick days, оплачиваемые больничные Фиксированный оклад (определяем с кандидатом по итогам тех. собеседования) Гибкое начало рабочего дня (с 9:00 до 11:30, но все обсуждаемо:) Возможность несколько дней в месяц работать из дома, или удаленка в любом городе РФ ДМС через год работы Работа над крупными, технически сложными проектами в команде опытных разработчиков, QA, дизайнеров и проджект-менеджера - ребята всегда на связи и готовы помочь, если возникают трудности Компенсация спортивного зала Fitness Life, бассейн и корпоративный английский Частичная/полная оплата обучающих материалов, билетов на лекции и конференции по твоему запросу Работа на технике Apple в комфортном офисе с большой кухней, на которой всегда можно найти кофе, чай, сладости и другие радости жизни ;)  Молодая (средний возраст 25+), веселая и эмпатичная команда   Эта вакансия для тебя, если:  Ты хочешь развиваться и делать действительно полезные приложения на топовом стеке Любишь командную работу и информативный фидбек от лидов Ценишь отлаженные процессы разработки и возможность быстро прокачаться в экспертной команде "
Senior Java/Kotlin developer,https://hh.ru/applicant/vacancy_response?vacancyId=46356778,2021-08-04T11:41:35+0300,False,,370000,RUR,От 3 до 6 лет,Полный день,Java;JavaScript;,ЛИПТ Софт,Санкт-Петербург,"Липтсофт - генеральный it-партнер банка &quot;Санкт-Петербург&quot;. Мы автономная компания с быстрыми процессами и уютной атмосферой. Сейчас расширяем команду разработки интернет-банкинга. Мы практикуем экстремальное программирование, TDD и всегда открыты к интересным и целесообразным техническим экспериментам. Можно работать из офиса в Санкт-Петербурге или удаленно. Оплачиваем релокацию для желающих переехать. Что предстоит делать:  Проектировать и создавать микросервисы, решающие бизнес-задачи банка; Развивать собственную инфраструктуру для поддержания отказоустойчивости и мониторинга внутренних компонентов.  Что для нас важно:  Опыт разработки на Java/Kotlin от 3-х лет; Отсутствие аллергии на фронт, так как 15-20% рабочих задач будут именно фронтовыми; Опыт в написании тестов и желание их писать; Уверенное владение SQL.  Стек: Осталась часть монолита, который мы поддерживаем:  JS с jQuery Java 14 (Play framework)  Микросервисы, которых все больше и больше:  Kotlin (Ktor)  Тестирование: JUnit, Mockito, Karma, Jasmine, Selenide Что у нас интересного:  Высокий уровень дохода. Отталкиваемся от уровня знаний и опыта кандидата; Наша команда: небольшая, без бюрократии, с минимумом шагов от идеи до реализации; Нам не важен пол и возраст. Все решает твое отношение к работе и hard skills; Экстремальное программирование: работа в парах, недельные спринты; Не боимся экспериментов с любыми доступными технологиями и решениями; Оплачиваем участие в конференциях и техническую литературу; Регулярные премии и бонусы по результатам работы. Гибкий график, ДМС (со стоматологией), курсы английского в офисе, абонемент в спортзал; "
Senior developer Java/Kotlin,https://hh.ru/applicant/vacancy_response?vacancyId=46757988,2021-08-03T17:51:50+0300,False,,,,От 3 до 6 лет,Удаленная работа,Java;Spring Framework;Gradle;Hibernate ORM;Kotlin;,ОТР,Москва,"В связи с активным проектированием и разработкой новых подсистем проекта мы расширяем команду разработчиков. Ищем Ведущего Разработчика Java/Kotlin. О компании: ОТР 2000 - это крупная ИТ-компания и вот уже 20 лет реализует масштабные проекты разработки, внедрения и сопровождения ПО для банков, федеральных ведомств и коммерческих организаций. Преимущество проекта: разработка с &lt;0&gt;, долгосрочный проект со сложной бизнес - логикой. Команда: на проекте уже работают около 80 человек (разработчики, архитекторы, аналитики, тестировщики, технические писатели), поэтому вы можете углубляться детально в то, чем вам интересно заниматься, т.е. в разработку. Коммуникация на проекте строиться на доверии и отсутствии микроменеджмента. Команда помогает быстро адаптироваться и разобраться в проекте. Технический стек проекта: Java 11+, Spring boot, Java-core, многопоточные приложения Hibernate, Spring; Maven3/Gradle; PostgreSQL,(транзакционность, индексы, целостность данных); Kotlin (желание перейти). Также используем: netty, nio, r2dbc, grps, REST, rxjava, reactor, vert.x, ratpack, http4k, с современными архитектурами Apache Ignite, Apache Kafka, зSQL. Что мы можем предложить Вам:  Возможность принять участие в социально-значимых проектах федерального масштаба, перенимая экспертизу у настоящих профи; Сотрудничество вдолгую: длительные и интересные проекты; Доверие к сотрудникам и отсутствие микроменеджмента; Оформление по ТК РФ, достойная заработная плата; Частично удалённый формат работы; Приятные бонусы - корпоративные скидки в SkyEng, СИТИЛИНК, xFit, оплата обучения и другие льготы в составе гибкого соцпакета.   "
Middle Android developer (Kotlin),https://hh.ru/applicant/vacancy_response?vacancyId=44097865,2021-08-04T10:03:22+0300,False,,,,От 1 года до 3 лет,Удаленная работа,Java;Android;Git;Android SDK;REST;,Napoleon IT,Нижний Новгород,"Компания Napoleon IT ― разработчик программного обеспечения. Мы предлагаем готовые решения, а также осуществляем разработку по гибкой методологии. Наши решения в области бизнес-аналитики, предиктивной аналитики, компьютерного зрения, высоконагруженных систем и мобильной разработки дают конкурентное преимущество и гарантируют устойчивое развитие бизнеса клиентов. Мы активно выходим на международный рынок, поэтому в поисках новых членов команды! У нас много интересных задач, дружеская атмосфера и отличные условия!   Тебе предстоит:   Проводить декомпозицию задач;   Писать качественный, промышленный код;   Проектировать программный дизайн приложений;   Взаимодействовать с менеджером проектов, аналитиками, дизайнерами и тестировщиками;   Писать unit-тесты.     Что мы ждем от тебя:   Знание Java и Kotlin;   Понимание архитектуры Android, особенностей и сложностей SDK;   Понимание жизненного цикла приложения;   Понимание принципов работы клиент-серверных приложений (REST, кэширование, очереди запросов);   Понимание принципов многопоточности;   Опыт работы с JSON, RxJava 2 (Kotlin Coroutines будет большим плюсом), Firebase Cloud Messages, Push notifications;   Опыт работы с базами данных (SQLite);   Опыт работы с gradle;   Базовые знания систем контроля версий git;   Уметь писать поддерживаемый и читабельный код, знать паттерны проектирования.   Будет плюсом - наличие реализованных приложений в Google Play. Мы предлагаем:  Официальное трудоустройство; своевременный, белый, конкурентный на рынке уровень дохода; Вариант удаленного сотрудничества в формате full time; Гибкое начало рабочего дня, лояльное отношение руководства, приятное общение со всеми с коллегами, развитая взаимовыручка; Оплачиваемые образовательные курсы, компенсация приобретаемой литературы, атмосфера наставничества и отзывчивые коллеги, гильдии по каждому стэку внутри компании; Развитая корпоративная культура.     "
Android (Kotlin) разработчик,https://hh.ru/applicant/vacancy_response?vacancyId=43165531,2021-07-15T12:45:17+0300,False,,170000,RUR,От 1 года до 3 лет,Удаленная работа,Git;Android;Kotlin;ООП;,HEADS and HANDS,Воронеж,"Heads and Hands – разработчик сложных web и мобильных сервисов. Мы приложили руки к таким приложениям как Lamoda, Ginza, Pandao, Doc+, сделали продукты для Samsung, Land Rover, Leroy Merlin. Работали с проектами Яндекс, ABBYY, Mail.Ru и Тинькофф Банк. Находимся в топ-5 мобильных разработчиков. Сейчас в работе более 50 проектов, количество растет и мы масштабируем команду.   Задачи в работе: • проектирование и разработка архитектуры мобильных приложений; • разработка кастомных компонентов; • верстка интерфейсов по дизайну из Figma, Zeplin; • разработка взаимодействия с API; • интеграции SDK сторонних сервисов;   Условия: • Удаленный формат, гибкий график. • Официальное оформление с первого дня, (оклад + ставка, суммы обсуждаемы). • Отлаженные процессы разработки, код-ревью от тимлида. • Работа над проектом в команде опытных программистов, QA, дизайнера и проджект-менеджера. Они всегда на связи и готовы помочь, если возникают трудности.   Требования: • Компетенции уверенного middle разработчика, а лучше senior. • Коммерческий опыт разработки под Android (и разговорный Kotlin) от 1 года. • Знание ООП, паттернов проектирования, основных алгоритмов и структур. • Понимание что такое и как работает HTTP(S), REST API. • Готовность работать в команде (Git / GitFlow, Jira / Redmine).   Эта вакансия для тебя, если: • Хочешь развиваться и делать действительно полезные приложения. • Любишь удаленный формат и работу на результат. • Ценишь командную работу и информативный фидбек от лидов. • Выбираешь компанию с четкими, грамотно выстроенными процессами.   Над вакансией работает HR и TL команд, укажи нам на актуальный пример твоего кода и познакомимся без тестового в один этап. До встречи!"
"QA Engineer со знанием Swift/Kotlin (Кипр, удаленно)",https://hh.ru/applicant/vacancy_response?vacancyId=46279902,2021-07-30T13:09:00+0300,False,3000,,EUR,От 3 до 6 лет,Удаленная работа,Тестирование;,Кадровое агентство Алексея Сухорукова,Новосибирск,"Крупная финтех компания, работающая на международном валютном рынке более 10 лет, ищет QA-инженера с большим опытом тестирования мобильных приложений.Компания является одним из лидеров не только валютного рынка, но и одним из крупнейших форекс-брокеров, производя свои собственные финансовые продукты и сервисы. Вы присоединитесь к команде, отвечающей за мобильную разработку в компании.Вас ждет работа удаленная работа на европейскую компанию. При вашем желании возможна релокация в Лимассол. Вам предстоит:  Разработка и внедрение стратегии тестирования в месте с руководителем QA-команды и заинтересованными сторонами Тестирование продуктов мобильной разработки на безопасность, надежность и производительность Работа в scrum-команде с соблюдением качества всех рабочих процессов Создание подробных планов тестирования всей системы компании Анализ и тестирование новых требований к функциям ПО перед их внедрением Ревью автотестов разработчиков для обеспечения наилучшего покрытия разработки тестами  От вас ожидают:  От 4 лет в роли тестировщика, QA-инженера Обширные знания в области подходов, методологий тестирования и методов разработки тестов с акцентом на нефункциональные требования Практический опыт работы в команде разработки мобильных приложений Опыт автоматизации тестирования с упором на инструменты автоматизации мобильного пользовательского интерфейса (Swift, Kotlin) Практический опыт обнаружения и разграничения различных типов ошибок (на стороне веб-интерфейса и сервера) Английский язык В2 и выше  Обязательно вам предоставят:  Соразмерную опыту заработную плату и квартальные бонусы по результатам работы Медицинскую страховку для вас и членов семьи (супруг/а, дети) Компенсацию занятий спортом Свободу в выстраивании собственного графика Ежегодную поездку на Кипр за счет компании для знакомства с командой  В случае переезда бонусный пакет, который включает:    Повышение заработной платы Предоставление рабочей визы для сотрудника и зависимых виз для членов семьи Отлично оборудованный офис Компенсацию расходов на проезд или корпоративный транспорт Бесплатные языковые курсы и спортзал "
Senior Java / Kotlin Developer,https://hh.ru/applicant/vacancy_response?vacancyId=46122743,2021-07-09T14:50:42+0300,False,320000,,RUR,Более 6 лет,Удаленная работа,Java;Spring Framework;Back-end;Unit Testing;,Солантек,Воронеж,"В компании Solanteq мы разрабатываем продукты, решающие задачи наших клиентов (это процессинговые компании и банки в России, в том числе из топ-10, и за рубежом) в финтех сфере, такие как:  Обработка транзакций по платежным картам (МПС Visa, MasterCard, Мир и другие). Осуществление интернет платежей, в частности мы являемся сертифицированным поставщиком 3D-Secure решений. Осуществление NFC-платежей (ApplePay, AndroidPay и MirPay). Запуск программ банковской и розничной лояльности. Управление терминалами, такими как POS-терминалы и банкоматы. Автоматизация тестирования банковских систем.  Задачи:  Разработка новых и развитие существующих бизнес-модулей системы. Проработка технический решений для обеспечения отказоустойчивости и масштабирования системы (в том числе работа в ген-распределенной инфраструктуре). Проработка архитектуры новых модулей системы и решений на базе продуктов компании. Участие в проектах по разработке и внедрению инновационных проектов в fintech области. Курирование младших разработчиков. Внедрение новых технологий и devops практик.  Требования к кандидатам:  Опыт коммерческой разработки back-end на Java от 5 лет. Опыт разработки распределенных систем. Опыт работы с Spring Framework. Опыт работы с *nix системами. Умение читать и понимать чужой код. Умение писать unit-тесты и понимание, зачем это нужно. Умение и желание работать в команде. Интерес к новым фреймворкам и технологиям. Желание разбираться в предметной области. Английский язык желательно. Опыт работы с PostgreSQL, Oracle (или другими классическими базами данных) будет плюсом.  Условия:  Активная разработка и возможность увидеть созданную с Вашим участием систему в проде. Дружелюбная, не бюрократизированная обстановка. Оформление по ТК. Возможность выбирать формат работы - удаленно или в комфортном офисе в Санкт-Петербурге (помогаем с релокацией). ДМС и страховка для путешественников.  Как всё устроено:  Кодовая база на Java 8+ (в новом коде используем фичи Java 11) и Kotlin. Хранение исходных кодов и код ревью в Self-Hosted GitLab. CI/CD на базе TeamCity. Использование AWS для внутренней инфраструктуры. Фреймворки и технологии (поддерживаем актуальные версии): Java 11, Spring 5, Hibernate, Infinispan, Mockito, PostgreSQL, RabbitMQ и так далее. "
Technical Writer (Kotlin),https://hh.ru/applicant/vacancy_response?vacancyId=40010734,2021-07-28T16:01:11+0300,False,170000,,RUR,От 3 до 6 лет,Гибкий график,,JetBrains,Москва,"We are looking for an experienced technical writer who is passionate about programming. As a successful hire, you will help us in authoring and maintaining documentation for the Kotlin programming language and tooling. You will work with different Kotlin development teams to identify and prioritize tasks and with other technical writers and proofreaders to produce world-class documentation for a global audience. You will join a motivated team of professionals, which have successfully helped Kotlin become a first-class language explicitly recommended by Google for Android development, win the prestigious OSCON Breakthrough of the Year award, and be voted the most-loved language in multiple worldwide large-scale community surveys such as the GitHub Octoverse and StackOverflow Developer Survey. Join us to be a part of this and help us achieve even more. Responsibilities:   Сollaborate with product management, product marketing, and technical support to understand user needs and documentation requirements.   Work closely with development teams to get a clear understanding of how Kotlin products work.   Write clear and concise technical documentation for developer audiences, such as language guides, API references, tutorials, etc.   Edit, clarify, and proofread documents written by others, and coach non-writers on ways to improve their writing.   Qualifications:   At least 3 years of experience working for IT companies   Experience in writing software documentation, documentation for APIs, SDKs, or other technical end-user materials.   Good understanding of programming fundamentals, software engineering concepts and processes. Hands-on programming experience is a plus.   Strong communication and interpersonal skills.   Attention to detail.   Fluent English, good command of Russian.   About Kotlin: Part of the JetBrains family, Kotlin is a modern multiplatform programming language known for its concise syntax and pragmatic design. Kotlin provides ample opportunities for code-sharing and code-reuse between multiple projects on multiple platforms, as well as concurrent programming and productive development. Our aim is to make Kotlin one of the most used programming languages. About JetBrains: At JetBrains, code is our passion. For over 20 years, we’ve been striving to make the strongest, most effective developer tools. By automating routine checks and corrections, our tools speed up coding and software development, freeing you to grow, discover, and create. We offer:   Competitive salary: determined individually, but above industry average.   Bonuses based on your performance.   Voluntary health insurance for employees, their spouse, and their children under the age of 18 (including dental insurance).   5 weeks of paid vacation.   Full salary during sick leave.   Flexible work schedule.   Hot meals, free drinks, fruits, and snacks.   Training, including English and German language classes.   Opportunities to travel to professional conferences in Europe and the US.   Job relocation help.  "
Senior Android Developer (Kotlin),https://hh.ru/applicant/vacancy_response?vacancyId=44915340,2021-08-02T12:45:49+0300,False,200000,350000,RUR,От 3 до 6 лет,Полный день,Java;Android;Android SDK;Git;Английский — B1 — Средний;Разработка ПО;Scrum;Kanban;Atlassian Jira;Разработка мобильных приложений;Разработка технических заданий;Программирование мобильных приложений;,Municorn,Москва,"Мы в Municorn cоздаем собственные мобильные b2c-приложения в области бизнеса, личной продуктивности, образования, медицины на глобальном рынке. Продукты компании занимают ТОП1 позиции в поисковой выдаче App Store, Google Play на рынке США. Приложение по работе с документами из категории Бизнес входит в ТОП500 всех приложений App Store в США. Чем отличаемся:   Делаем упор на качестве продукта, исповедуем data-driven подход   Любим когда в продуктах мало фич, но они работают на 100% и приносят 90% всего результата. Не любим, когда в продукте &quot;есть всё&quot;, но почему-то он не перфомит   Нет процессов ради процессов. Свобода в принятии технических решений  Используем продуктовые методологии: HADI методология, опираемся на Customer Development, микрокоманды. Ведение процесса по Agile методологии (Scrum, Kanban) Быстро принимаем решения и внедряем их. Любим эксперименты Соблюдаем баланс между работой и личной жизнью  Какие задачи предстоит решать:  Реализовывать новые фичи для существующих продуктов и участвовать в разработке новых приложений Участвовать в принятии архитектурных и других технических решений  Требования:  Опыт работы в разработке мобильных приложений от 3 лет. Уверенное владение Kotlin, Java, Coroutines, RxJava2 Знание Android SDK, Material Design Guidelines, опыт работы с основными Android фреймворками Понимание принципов управления памятью в Android Опыт создания клиент-серверных приложений Понимание применения паттернов проектирования, их плюсы и минусы Знание и понимание архитектур mvvm, mvp Понимание многопоточности и очередей Понимание, что такое CI и зачем он нужен, а также git/github-flow Понимание, что такое юнит-тесты, зачем они нужны и умение их писать Понимание, как и с какого конца браться за проект, чтобы не приходилось все переделывать, еще не доделав Опыт ведения процесса по Agile методологии (Scrum, Kanban)  Будет плюсом:  Знание особенностей работы с Google Play Billing Library Работа с многомодульными приложениями Настройка и поддержка CI/CD Умение декомпозировать, приоритизировать и оценивать сроки выполнения задач  Условия:  Официальное трудоустройство по ТК РФ Основной офис в БЦ Белая Площадь (г. Москва, м. Белорусская, 1 мин. от метро) Возможна удаленная работа и/или релокация в офис на Кипре Гибкий график работы Любая техника и ПО, оплатим книги и курсы Отправим на профильные конференции в РФ и за рубежом "
Kotlin Developer,https://hh.ru/applicant/vacancy_response?vacancyId=46586814,2021-07-28T11:04:03+0300,False,,,,От 3 до 6 лет,Полный день,Java;Kotlin;Algorithms;PhD;,HUAWEI,Санкт-Петербург,"HUAWEI is one of world’s leading tech companies Founded in 1987, Huawei is a leading global provider of information and communications technology (ICT) infrastructure and smart devices. We are committed to bringing digital to every person, home and organization for a fully connected, intelligent world. Today, Huawei has 188,000 employees, including about 80,000 R&amp;D employees. Huawei employees come from more than 160 countries and regions around the world. Our Project: We are building a set of tools for code check, analysis, and completion for different IDEs to make sure all 80,000 R&amp;D engineers create reliable code. These tools include, but not limited to: code search service, code completion service, defect detection &amp; fixing service, smart merge conflict checker, etc. As of now, all Huawei developers are required to use our services. In the future, our services will become available to developers worldwide as a part of Huawei DevCloud Platform. We are offering working on world-best software analysis and verification products. Requirements:  Strong proficiency in Java or even better Kotlin Excellent problem solving skill, algorithms and data structures knowledge Code analysis knowledge is desirable, but not obligatory Good written and spoken English  Desirable Additional Skills:  MS or PHD degree in programming area is a big big plus =) If you can understand Chinese, good for you =)  What we offer:  Excellent compensation (above market rate) for good candidates. We are ready to provide the best conditions for great software engineers. Work with cutting-edge technologies and participation in projects in various domains. Opportunity to work in a distributed team on an international project. Participation in mentoring programs for both technical experts and managers. Self-fulfillment opportunities beyond projects: we hold meetups and conferences where our employees act as speakers, invite trainers for speakers, and develop professional communities. Comfortable office in the center of SPB. We are located in BC RENAISSANCE PLAZA – Marata Street 69-71, the nearest subway stations – Zvenigorodskaya, Pushkinskaya, Ligovskiy prospect. "
"Android developer (Kotlin), удаленно",https://hh.ru/applicant/vacancy_response?vacancyId=45746026,2021-08-03T15:08:36+0300,False,200000,250000,RUR,От 3 до 6 лет,Полный день,Android;Kotlin;Unit Testing;Java;HTTP;REST;JSON;,B2Broker,Краснодар,"Международная компания B2Broker (Business to Broker) — это финтех разработчик и провайдер ликвидности для брокерских компаний, банков и инвестиционных фондов. Мы не занимаемся брокерской деятельностью, а предлагаем готовые решения для других компаний по всему миру.Занимая свою нишу на рынке с 2014 года, компания является лидером в своей сфере деятельности, в связи с чем постоянно растет и расширяется.На сегодняшний день офисы компании расположены в Москве,Санкт-Петербурге, Лимассоле, Гонконге, Минске, Лондоне, Дубае, Киеве.Чем предстоит заниматься:   Разработка и развитие мобильного приложения нашего продукта на Android (Kotlin).   Требования:  Опыт разработки мобильных приложений от 3 лет; Уверенное знание Kotlin; Уверенное знание Android платформы; Знание Java будет плюсом; Работа с MVVM и MVP; Понимание принципов Clean Architecture; Опыт работы с DI фреймворками; Опыт написания Unit-тестов; Наличие собственных опубликованных приложений в Google Play; Опыт работы с сетевыми протоколами (HTTP, REST, OAuth, JSON и др.); Умение распознавать и применять основные паттерны проектирования; Хорошее знание методологий проектирования ПО и командной разработки; Понимание основных структур данных и алгоритмов, принципов ООП; Git, системы bug tracking; Соблюдение Code Style and Best Practiсe.  Мы предлагаем:  Надежность: официальное оформление по ТК, гарантированные бонусы (13-ая ЗП для проработавших год+); Развитие: возможность практики английского языка с носителями, полная компенсация занятий на платформах, ресурсы на реализацию смелых идей, возможность участвовать в профильных конференциях, неограниченный профессиональный рост и работу в развивающейся международной компании; Активная корпоративная жизнь: новогодние бонусы сотрудникам, прошедшим испытательный срок, празднования дней рождений, корпоративы в лучших ресторанах города и др; Комфорт: гибкое начало рабочего дня, удаленный формат работы. "
Программист Java/Java Developer/Kotlin,https://hh.ru/applicant/vacancy_response?vacancyId=45729146,2021-08-04T12:54:19+0300,False,,,,От 1 года до 3 лет,Удаленная работа,Kotlin;Java;Spring Framework;PostgreSQL;,СБЕРКОРУС,Тверь,"Кто мы: СберКорус – дочерняя компания Сбербанка. Важным направлением работы компании является участие в строительстве цифровой экосистемы Сбербанк и мы являемся 100% дочерней компанией Сбера. При этом мы отличаемся от Сбебанка: у нас нет бюрократии, больше свободы в процессах, только новые проекты без легаси, нет длительных собеседований и проверок СБ. Мы делаем продукты и сервисы быстро, качественно и запускаем их на аудиторию в 1,5 млн юридических лиц. Ищем Java Developer в молодой проект по разработке сервиса по установлению индивидуальных тарифов ключевым клиентам Банка Технический стэк проекта:  Java 8, Kotlin; JMS; JOOQ; REST; Spring framework; SQL, Oracle; Maven; GIT.  Необходимые технические компетенции:  JavaSE – от 4 лет; JavaEE (JAX-RS, JAX-WS, JMS); Spring framework; SQL; Maven; GIT; XML/XSD; Kotlin -будет преимуществом; YML - будет преимуществом.    Что вас ожидает:  Официальное оформление согласно ТК РФ, с полностью белой заработной платой и отпуском 28 календарных дней; Конкурентный уровень заработной платы, который обсуждается на собеседовании; Премии по результатам работы; Ежегодное повышение уровня дохода по результатам аттестации; График работы – стандартный, но с гибким подходом (гибкое начало и окончание рабочего дня); Корпоративные курсы английского языка. А также собственный учебный центр с доступом к семинарам, вебинарам, библиотеке электронных курсов и бизнес-публикаций (для развития технических и бизнес-навыков с возможностью поднять свой уровень); ДМС и корпоративная сотовая связь; Возможность внести свой вклад в реализацию интересных и амбициозных проектов с участием крупнейших российских и международных компаний; Мы меняемся и развиваемся, для этого организуем корпоративный отдых,внешнее обучение и прочие мероприятия как для полезного, так и для приятного время препровождения.   "
Kotlin Developer (Exception Analyzer),https://hh.ru/applicant/vacancy_response?vacancyId=42259393,2021-08-02T12:18:02+0300,False,200000,,RUR,От 1 года до 3 лет,Гибкий график,Kotlin;,JetBrains,Санкт-Петербург,"We write a lot of code at JetBrains, and inevitably it sometimes contains bugs. There are methods to reduce the number of bugs, like static typing and unit tests. Even so, it&#39;s impossible to ensure that all code is 100% bug-free. However, we can get feedback from automated reports that are sent to us straight from our users&#39; production environments. Our Exception Analyzer is a system that collects and processes such reports for IntelliJ-based IDEs. How we organize our work:  Source code is in Kotlin, Java, and Scala. We have a web application and a plugin for IntelliJ-based IDEs. The plugin code is in the IntelliJ codebase. We use our own tools for issue tracking, code review, and build management: YouTrack, Upsource, and TeamCity. Our users are JetBrains developers, so the feedback loop is fast and tight.  We expect that you:  Have development experience with Kotlin or Scala. Are comfortable working on your own initiative. Can write code that is easy to read and maintain. Enjoy solving interesting and challenging problems.  We&#39;ll be especially thrilled if you:  Understand code at the level of algorithms and data structures. Are familiar with the functional approach to software design. Are able to think in product management terms. "
Android (Kotlin) разработчик,https://hh.ru/applicant/vacancy_response?vacancyId=43165527,2021-07-15T12:46:09+0300,False,,170000,RUR,От 1 года до 3 лет,Удаленная работа,Git;Android;Kotlin;ООП;,HEADS and HANDS,Омск,"Heads and Hands – разработчик сложных web и мобильных сервисов. Мы приложили руки к таким приложениям как Lamoda, Ginza, Pandao, Doc+, сделали продукты для Samsung, Land Rover, Leroy Merlin. Работали с проектами Яндекс, ABBYY, Mail.Ru и Тинькофф Банк. Находимся в топ-5 мобильных разработчиков. Сейчас в работе более 50 проектов, количество растет и мы масштабируем команду.   Задачи в работе: • проектирование и разработка архитектуры мобильных приложений; • разработка кастомных компонентов; • верстка интерфейсов по дизайну из Figma, Zeplin; • разработка взаимодействия с API; • интеграции SDK сторонних сервисов;   Условия: • Удаленный формат, гибкий график. • Официальное оформление с первого дня, (оклад + ставка, суммы обсуждаемы). • Отлаженные процессы разработки, код-ревью от тимлида. • Работа над проектом в команде опытных программистов, QA, дизайнера и проджект-менеджера. Они всегда на связи и готовы помочь, если возникают трудности.   Требования: • Компетенции уверенного middle разработчика, а лучше senior. • Коммерческий опыт разработки под Android (и разговорный Kotlin) от 1 года. • Знание ООП, паттернов проектирования, основных алгоритмов и структур. • Понимание что такое и как работает HTTP(S), REST API. • Готовность работать в команде (Git / GitFlow, Jira / Redmine).   Эта вакансия для тебя, если: • Хочешь развиваться и делать действительно полезные приложения. • Любишь удаленный формат и работу на результат. • Ценишь командную работу и информативный фидбек от лидов. • Выбираешь компанию с четкими, грамотно выстроенными процессами.   Над вакансией работает HR и TL команд, укажи нам на актуальный пример твоего кода и познакомимся без тестового в один этап. До встречи!"
"Senior Java Developer with Kotlin Experience, Delivery System",https://hh.ru/applicant/vacancy_response?vacancyId=44845506,2021-07-30T09:34:35+0300,False,,,,Более 6 лет,Гибкий график,,DataArt,Санкт-Петербург,"About the vacancy We offer a $1000 sign-on bonus to the specialist that will accept our offer and join DataArt in this position. $1000 will be included in the first salary. The client is an innovative b2c-startup in the retail industry. The service promises delivery within 15 minutes through a network of small “dark stores” located in all areas of the city and a developed order prediction system based on ML algorithms. The project is growing, and we intend to ensure stable growth through outsourcing. We are putting together 2 teams of Java and Python developers to work on the development of the backend system. The processes are built according to Agile (SCRUM) with fortnight long iterations and releases each iteration. The testing is on the unit level + manual testing. The architecture is based on microservices. The database is PostgreSQL. Codebase - Java/Kotlin, Python. We are ready to consider candidates with low or no English proficiency, who will join our team. Responsibilities  Development of the backend system 60%—80% Maintenance / Bug fixing 10%—25% Meetings 5%—10% Client support 0%—10% Document writing 0%—5%  Must have  5+ years of web application development experience using Java Enterprise Excellent knowledge of Java Experience with Kotlin 4/5 Skills in building REST API Experience with PostgreSQL Experience with RabbitMQ, Kafka Experience with microservice architecture Knowledge of OOP, OOD, and design patterns Experience with Docker Experience of development using Scrum or other Agile methodologies  Would be a plus  Spoken English Experience with Event Sourcing, CQRS Experience with Kubernetes  DataArt offers   Professional Development:— Experienced colleagues who are ready to share knowledge;— The ability to switch projects, technology stacks, try yourself in different roles;— More than 150 workplaces for advanced training;— Study and practice of English: courses and communication with colleagues and clients from different countries;— Support of speakers who make presentations at conferences and meetings of technology communities.     The ability to focus on your work: a lack of bureaucracy and micromanagement, and convenient corporate services;   Friendly atmosphere, concern for the comfort of specialists;   Flexible schedule (there are core mandatory hours), the ability to work remotely upon agreement with colleagues;   The ability to work in any of our development centers.  "
Java/Kotlin-разработчик в MirAccept,https://hh.ru/applicant/vacancy_response?vacancyId=43189528,2021-07-26T11:12:19+0300,False,,,,От 1 года до 3 лет,Полный день,Java;Kotlin;Spring Framework;СУБД;SQL;HTTP;,Национальная система платежных карт,Москва,"Проект:Система MirAccept обеспечивает безопасное проведение всех платежей, совершаемых в интернете на территории РФ для всех платежных систем. Система работает в режиме 24/7, т.е. должна предоставлять сервис держателям карт в любое время дня или ночи. Наша команда разрабатывает распределенную HighLoad платформу, которая с одной стороны должна обеспечивать прохождение 1 млрд операций в год с минимальной задержкой для держателя карты, а с другой стороны в режиме реального времени идентифицировать мошеннические операции на основе исторических данных (BigData) по совершенным операциям. Пользователи - все держатели пластиковых карт, которые осуществляют операции через интернет. С системой интегрированы и взаимодействуют представители интернет-эквайринга, банки-эмитенты и международные платежные системы. Технологический стекJava, Kotlin, Spring (Boot, MVC, Data), MySql, TomCat, Rest, Gradle, Maven, JavaScript, Cucumber, Jenkins, Selenium, Selenoid, Ansible. Чем ты будешь заниматься:  Развивать самую современную платформу 3DS аутентификации MirAccept; Обеспечивать полный цикл разработки – от анализа требований до внедрения продукта. В этом тебе поможет сплоченная команда экспертов, всегда готовая прийти на помощь; Проектировать архитектуру системы и функциональность, удобную в использовании конечному пользователю; Вносить свой вклад в развитие продукта MirAccept 2.0, основанного на новейших технологиях EMVCo и разработанного на популярном стеке Java+Kotlin; Делиться своими знаниями и опытом, расширять свои компетенции и непрерывно обучаться.  От тебя потребуется:  Отличные знания Core Java / Kotlin и опыт работы со стеком Spring (IoC, MVC, Data, REST, Security, SpringBoot); Знание принципов ООП и основных шаблонов проектирования; Владение SQL, опыт работы с реляционными СУБД, понимание принципов работы с БД: индексирование, партиционирование, реляционные паттерны; Знание основ сетевых протоколов HTTP(S), TLS; Понимание необходимости написания юнит-тестов, опыт работы с JUnit.  Будет здорово, если:  У тебя есть понимание основ криптографии и практический опыт в использовании TLS; Ты проектировал или разрабатывал высоконагруженные распределенные системы, понимаешь проблемы многопоточной обработки данных; Имеешь опыт web-разработки (HTML, CSS, JavaScript); У тебя есть опыт работы c MySql, Hazelcast, Redis, Jenkins, Nexus, Ansible, Hibernate; Ты понимаешь принципы CI/CD.  ЧТО У НАС ЕСТЬ:  Достойный уровень заработной платы + премии; Официальное трудоустройство, социальный пакет: ДМС со стоматологией с первого месяца работы, страхование от несчастных случаев и болезней, телемедицина, полис для выезжающих за рубеж, доплата по больничным листам до 20 дней в году, материальная помощь в особых случаях; Профессиональное развитие: обучение за счет компании, посещение профильных конференций, электронная библиотека; Корпоративная культура: командные виды спорта, корпоративные мероприятия, тимбилдинги, лектории; Комфортный офис в центре: тренажерный и спортивный залы, лаунж-зона, корпоративная столовая, микромаркеты, кухни с чаем, кофе и снеками на каждом этаже; Современные машины Core i7, 32 Гб RAM с двумя мониторами и возможностью выбора Windows/Linux; Стандартный график работы с гибким подходом (пока работаем удаленно). "
Android-разработчик в Travel Tech компанию WeGoTrip (Kotlin-developer),https://hh.ru/applicant/vacancy_response?vacancyId=46035490,2021-07-07T08:51:53+0300,False,,,,От 1 года до 3 лет,Удаленная работа,Android;Kotlin;Git;Android SDK;Java;ООП;SQL;Работа в команде;MVVM;MVP;MVC;Retrofit;,WeGoTrip,Санкт-Петербург,"Привет! Мы ищем в команду тревел-tech стартапа WeGoTrip Android-разработчика. О WeGoTrip WeGoTrip — это международный онлайн-сервис для покупки аудиоэкскурсий с билетами в достопримечательности. Путешественники проходят аудиоэкскурсии, составленные профессиональными гидами и местными экспертами, с помощью мобильного приложения.Делаем лучший сервис для самостоятельных путешествий. Давай вместе! Что нужно делать  заниматься созданием, развитием и поддержкой инструментов и фич в приложении; мониторинг и оптимизация его работы, рефакторинг; участвовать в решении архитектурных вопросов проекта; много взаимодействовать с разработчиками/аналитиками/продакт менеджерами из других команд, выступать на внутренних митапах.  Что мы ждем от тебя  знание основ Git и Gradle; уверенное знание основ ООП и Kotlin (+Java); умение писать чистый и понятный код; понимание принципов MVC/MVP/MVVM, DI (Koin); понимание SQL и умение работать с БД (OrmLite+poetry); опыт работы с сетевыми запросами (Retrofit); желателен опыт в тестировании (JUnit/Espresso/Mockito/Roboelectric); плюсом будет опыт работы с Glide, Firebase, Mapbox; понимание гайдлайнов и особенностей Android, всегда быть на острие технологий; умение и желание работать как над внутренней логикой приложения, так и над пользовательским интерфейсом; наличие в Play Market приложений, в создании которых ты принимал/а участие. увлечён/а своим делом, можешь не только выполнять поставленные задачи, но и придумывать новые фичи для удобства и лучшего опыта пользователей; умеешь ставить себе цели в работе и достигать их без лишний напоминаний.  Рассматриваем кандидатов разного уровня готовых и желающих учиться. Что мы предлагаем  конкурентную ЗП, которую обсуждаем индивидуально после тестового задания; удаленную работу. По желанию можно работать в коворкинге; полная свобода решений и отсутствие бюрократии; сильную, умную, креативную и веселую команду; мы любим работать и отдыхать тоже, устраиваем совместные походы по барам, выезды на природу, рабочие недели за границей на виллах и другие совместные посиделки.  ВНИМАНИЕ Чтобы откликнуться на вакансию, пришлите письмо на почту, указанную в контактах: кратко расскажите о себе и почему вы хотите работать у нас. Предоставьте ссылки на ваши проекты, если есть. К письму приложите резюме. Отклики без письма не рассматриваются."
Technical Writer (Kotlin),https://hh.ru/applicant/vacancy_response?vacancyId=40010776,2021-07-28T16:01:11+0300,False,170000,,RUR,От 3 до 6 лет,Гибкий график,,JetBrains,Санкт-Петербург,"We are looking for an experienced technical writer who is passionate about programming. As a successful hire, you will help us in authoring and maintaining documentation for the Kotlin programming language and tooling. You will work with different Kotlin development teams to identify and prioritize tasks and with other technical writers and proofreaders to produce world-class documentation for a global audience. You will join a motivated team of professionals, which successfully helped Kotlin become a first-class language explicitly recommended by Google for Android development, win the prestigious OSCON Breakthrough of the Year award, and be voted the most-loved language in multiple worldwide large-scale community surveys such as the GitHub Octoverse and StackOverflow Developer Survey. Join us to be a part of this and help us achieve even more. Responsibilities:   Сollaborate with product management, product marketing, and technical support to understand user needs and documentation requirements.   Work closely with development teams to get a clear understanding of how Kotlin products work   Write clear and concise technical documentation for developer audiences, such as language guides, API references, tutorials, etc.   Edit, clarify, and proofread documents written by others, and coach non-writers on ways to improve their writing.   Qualifications:   At least 3 years of experience working for IT companies   Experience in writing software documentation, documentation for APIs, SDKs, or other technical end-user materials.   Good understanding of programming fundamentals, software engineering concepts and processes. Hands-on programming experience is a plus.   Strong communication and interpersonal skills.   Attention to detail.   Fluent English, good command of Russian.   About Kotlin: Part of the JetBrains family, Kotlin is a modern multiplatform programming language known for its concise syntax and pragmatic design. Kotlin provides ample opportunities for code-sharing and code-reuse between multiple projects on multiple platforms, as well as concurrent programming and productive development. Our aim is to make Kotlin one of the most used programming languages. About JetBrains: At JetBrains, code is our passion. For over 20 years, we’ve been striving to make the strongest, most effective developer tools. By automating routine checks and corrections, our tools speed up coding and software development, freeing you to grow, discover, and create. We offer:   Competitive salary: determined individually, but above industry average.   Bonuses based on your performance.   Voluntary health insurance for employees, their spouse, and their children under the age of 18 (including dental insurance).   5 weeks of paid vacation.   Full salary during sick leave.   Flexible work schedule.   Hot meals, free drinks, fruits, and snacks.   Training, including English and German language classes.   Opportunities to travel to professional conferences in Europe and the US.   Job relocation help.  "
Android developer (Kotlin),https://hh.ru/applicant/vacancy_response?vacancyId=44920919,2021-08-03T19:07:39+0300,False,200000,250000,RUR,От 3 до 6 лет,Полный день,Android;Kotlin;Unit Testing;Java;HTTP;REST;JSON;,B2Broker,Москва,"Международная компания B2Broker (Business to Broker) — это финтех разработчик и провайдер ликвидности для брокерских компаний, банков и инвестиционных фондов. Мы не занимаемся брокерской деятельностью, а предлагаем готовые решения для других компаний по всему миру.Занимая свою нишу на рынке с 2014 года, компания является лидером в своей сфере деятельности, в связи с чем постоянно растет и расширяется.На сегодняшний день офисы компании расположены в Москве,Санкт-Петербурге, Лимассоле, Гонконге, Минске, Лондоне, Дубае, Киеве.Чем предстоит заниматься:   Разработка и развитие мобильного приложения наших продуктов на Android (Kotlin).   Требования:  Опыт разработки мобильных приложений от 3 лет; Уверенное знание Kotlin; Уверенное знание Android платформы; Знание Java будет плюсом; Работа с MVVM и MVP; Понимание принципов Clean Architecture; Опыт работы с DI фреймворками; Опыт написания Unit-тестов; Наличие собственных опубликованных приложений в Google Play; Опыт работы с сетевыми протоколами (HTTP, REST, OAuth, JSON и др.); Умение распознавать и применять основные паттерны проектирования; Хорошее знание методологий проектирования ПО и командной разработки; Понимание основных структур данных и алгоритмов, принципов ООП; Git, системы bug tracking; Соблюдение Code Style and Best Practiсe.  Мы предлагаем:  Надежность: официальное оформление по ТК, гарантированные бонусы (13-ая ЗП для проработавших год+); Развитие: возможность практики английского языка с носителями, полная компенсация занятий на платформах, ресурсы на реализацию смелых идей, возможность участвовать в профильных конференциях, неограниченный профессиональный рост и работу в развивающейся международной компании; Активная корпоративная жизнь: новогодние бонусы сотрудникам, прошедшим испытательный срок, празднования дней рождений, корпоративы в лучших ресторанах города и др; Комфорт: гибкое начало рабочего дня. "
Java/Kotlin-разработчик в TOP,https://hh.ru/applicant/vacancy_response?vacancyId=46712769,2021-08-02T15:32:51+0300,False,,,,От 3 до 6 лет,Удаленная работа,Spring Framework;PostgreSQL;Apache Maven;Git;Java;SQL;ORACLE;,Тинькофф,Москва,"Ищем Java/Kotlin-разработчика в дружную команду TOP-Tinkoff Origination Platform. Origination -это процесс открытия продукта, который начинается с интереса клиента (например, клиенту нужна банковская карта Tinkoff) и заканчивается утилизацией, т.е. клиент совершил первую покупку по карте. Наша команда занимается автоматизацией этих процессов для всех продуктов Тинькофф. У Тинькофф очень много крутых продуктов и много сложной бизнес логики по каждому из них. Удобство и скорость клиентских сервисов это наша основная задача. От нас зависит первое впечатление клиента о бренде Тинькофф. В том числе благодаря нашей команде Тинькофф третий банк в России по числу клиентов! Чем предстоит заниматься:  Разрабатывать компоненты микросервисной архитектуры платформы TOP; Разрабатывать новый функционал, и развивать существующий; Участвовать в обсуждениях и проектировании архитектуры; Участвовать в ревью кода; Покрывать новый функционал тестами.  Требования:   Опыт программирования на java от 3 лет;   Опыт работы с Spring (или другими DI фреймворками);   Навыки работы с базами данных, знание основ SQL (PostgreSQL/Oracle/MySQL);   Знания Git, Maven, Gradle;   Ориентированность на командную работу; Контейнеризация (Docker/rkt/cri-o)   Будет большим плюсом (но если что - научим):   Опыт программирования на Kotlin   Работа с брокерами сообщений (ActiveMQ/RabbitMQ/IBM MQ)   Опыт работы с Kafka (+KafkaStreams)   Опыт работы с NoSQL (Redis/Hazelcast/MongoDB/Couchbase)   Опыт работы с Camunda/Zeebe   Знание требований к современным распределенным, высоконагруженным приложениям   Знание паттернов проектирования распределенных систем.   Опыт построения CI/CD процессов   Опыт работы с продуктами HashiCorp(Consul, Vault, Terraform)   Опыт работы с любыми оркестраторами контейнеров (k8s/OpenShift/Rancher/Nomad/Docker Swarm)   Условия:  Работа в комфортном офисе Профессиональное развитие. Мы постоянно проводим митапы, тренинги и мастер-классы. В твоем распоряжении огромная библиотека с технической литературой Бесплатные и вкусные обеды в уютном Tinkoff Сafe. Если захочешь перекусить — на каждом этаже есть кухня с чаем, кофе и фруктами Забота о здоровье. Оформим полис ДМС со стоматологией и страховку от несчастных случаев. Для твоих близких предложим льготные условия страхования Занятия в бесплатном фитнес-зале Tinkoff Sport. Пользуйся тренажерами, посещай групповые программы с крутыми тренерами, грейся в сауне. А еще мы регулярно устраиваем турниры по футболу, волейболу и хоккею Достойная твоего профессионального уровня зарплата  Москва, Санкт-Петербург, Рязань, Казань, Новосибирск  "
"Android Developer (Middle/Senior, Kotlin, удаленно)",https://hh.ru/applicant/vacancy_response?vacancyId=46373046,2021-08-04T12:00:34+0300,False,,,,От 1 года до 3 лет,Удаленная работа,,INTECH,Москва,"ГК ИНТЕК - IT-компания, ведущий контент и сервис провайдер дополнительных услуг для сотовых операторов на рынке России и Стран СНГ. Среди наших партнеров такие операторы сотовой связи, как Теле2, Билайн, МТС, Ucell, Tcell, Megacom.Мы активно внедряем продукты на базе голоса, стриминговые музыкальные порталы, системы машинного обучения поведения пользователей, cashback, туристические сервисы и т.д.. В настоящий момент мы ищем в свою команду Middle/Senior Android Developer. Чем вы будете заниматься:  Участвовать в разработке приложений на всех этапах - начиная с декомпозиции задач и проектирования архитектуры и заканчивая выкладкой в Play Мarket; Работать над новыми мобильными приложениями; Участвовать в оптимизации и доработке существующих мобильных приложений на платформе Android.  Для работы потребуется:  Опыт разработки на языках Java и Kotlin от 2-х лет; Опыт разработки на Android: от 2 лет; Хорошее знание Android SDK; Понимание паттернов MVP и MVVM и успешное применение на практике; Понимание принципов SOLID; Опыт работы со следующими библиотеками: Retrofit, Rx.  Плюсом будут:  Умение работать с чужим кодом; Опыт работы с ExoPlayer, Cicerone, Architecture Components; Опыт написания Unit-тестов; Опыт работы с DI; Знание подхода Clean architecture.    Мы предлагаем:  Официальное трудоустройство и заработную плату – обсуждаем индивидуально с каждым кандидатом, все зависит от вашей квалификации и опыта; Современные офисы в центре Москвы и Нижнего Новгорода; Удаленную работу - если для вас удаленка наиболее удобный формат работы; Комфортный график работы: с 9.00 до 17.00 или с 10.00 до 18.00 (включая перерыв на обед);  Отсутствие огромного количества переработок и работы в выходные дни. Мы ценим личное пространство наших сотрудников и стремимся соблюдать work-life balance;  Возможность карьерного и профессионального роста; Возможность посещать крупные российские event-ы по специальности.  А также:  Гибкая мотивационная система; Премии по итогам работы; Обучение; Ежегодные корпоративные мероприятия. "
Android (Kotlin) разработчик,https://hh.ru/applicant/vacancy_response?vacancyId=43165532,2021-07-15T12:45:17+0300,False,,170000,RUR,От 1 года до 3 лет,Удаленная работа,Git;Android;Kotlin;ООП;,HEADS and HANDS,Пермь,"Heads and Hands – разработчик сложных web и мобильных сервисов. Мы приложили руки к таким приложениям как Lamoda, Ginza, Pandao, Doc+, сделали продукты для Samsung, Land Rover, Leroy Merlin. Работали с проектами Яндекс, ABBYY, Mail.Ru и Тинькофф Банк. Находимся в топ-5 мобильных разработчиков. Сейчас в работе более 50 проектов, количество растет и мы масштабируем команду.   Задачи в работе: • проектирование и разработка архитектуры мобильных приложений; • разработка кастомных компонентов; • верстка интерфейсов по дизайну из Figma, Zeplin; • разработка взаимодействия с API; • интеграции SDK сторонних сервисов;   Условия: • Удаленный формат, гибкий график. • Официальное оформление с первого дня, (оклад + ставка, суммы обсуждаемы). • Отлаженные процессы разработки, код-ревью от тимлида. • Работа над проектом в команде опытных программистов, QA, дизайнера и проджект-менеджера. Они всегда на связи и готовы помочь, если возникают трудности.   Требования: • Компетенции уверенного middle разработчика, а лучше senior. • Коммерческий опыт разработки под Android (и разговорный Kotlin) от 1 года. • Знание ООП, паттернов проектирования, основных алгоритмов и структур. • Понимание что такое и как работает HTTP(S), REST API. • Готовность работать в команде (Git / GitFlow, Jira / Redmine).   Эта вакансия для тебя, если: • Хочешь развиваться и делать действительно полезные приложения. • Любишь удаленный формат и работу на результат. • Ценишь командную работу и информативный фидбек от лидов. • Выбираешь компанию с четкими, грамотно выстроенными процессами.   Над вакансией работает HR и TL команд, укажи нам на актуальный пример твоего кода и познакомимся без тестового в один этап. До встречи!"
Java / Kotlin back-end разработчик,https://hh.ru/applicant/vacancy_response?vacancyId=46641669,2021-07-29T23:24:06+0300,False,,,,От 3 до 6 лет,Удаленная работа,Java;Kotlin;Postgres;Spring Boot;REST;SQL;Angular;Docker;,Surf,Краснодар,"О нас: Мы — Surf, входим в ТОП-10 мобильных разработчиков России. Нас уже 150 и будет ещё больше! Вместе мы будем разрабатывать крутые мобильные приложения и решения с применением искусственного интеллекта. В нашем портфеле более 100 проектов. Ими пользуются миллионы, возможно, ты тоже! KFC, Магнит, Додо Пицца, Лабиринт, Ламода, Деливери клаб, Росбанк, UniCredit Банк и многие др. Мы всегда на волне всех технологических новинок, изучаем новые подходы и прокачиваем себя: выступаем на конференциях, организуем GDG-митапы и Google Dev Fest. Ценим свободу, атмосферу в команде, уважаем друг друга и сводим бюрократию к минимуму. Если ты тоже, присоединяйся! Стек типичного проекта: Java/Kotlin, PostgresDB, Spring Boot, микросервисы Что нужно делать: — Разрабатывать серверную часть веб приложений— Дорабатывать существующие сервисы (гарантия полного отсутствия legacy)— Взаимодействовать с командой фронтэнд, дизайнеров, devops Что нужно от тебя: — Опыт разработки на Java 8+ или Kotlin от двух лет— Умение писать аккуратный и читаемый код, а также разбираться в чужом коде— Умение пользоваться системами контроля версий— Опыт проектирования и разработки ПО с использованием Spring/Spring Boot фреймворка и его составляющих: Spring Security, — Spring MVC, Spring Data— Опыт разработки веб-приложений, понимание REST— Знание SQL и принципов работы реляционных БД (на уровене написания простых SELECT скриптов)— Понимание, для чего нужно тестирование. Написание юнит и интеграционных тестов Будет плюсом:  Опыт работы на Linux Знание Docker, Kubernetes Знание Gradle, Liquibase (или Flyway) Опыт работы с Apache Kafka  Условия работы:  Удаленная работы и гибкий график Официальное трудоустройство по ТК РФ Достойная заработная плата (регулярный пересмотр каждые 6-8 месяцев) ДМС со стоматологией Обучение и развитие: регулярные собрания отделов для обмена опытом, поездки на конференции (как слушателем, так и спикером), внутренние лекции, компенсация профессиональных курсов, оплачиваемая стажировка для начинающих специалистов, возможность сертификации для опытных профессионалов Отсутствие бюрократии, хорошо автоматизированные процессы: Jira, Slack, Confluence Сильная команда и совместная работа в интересных проектах Внутренние бонусы &quot;Спасибо&quot; и душевные кофе-брейки с сотрудниками из разных городов и даже стран "
Senior Backend разработчик (Java/Kotlin) в Jpharm,https://hh.ru/applicant/vacancy_response?vacancyId=46099971,2021-08-04T12:13:18+0300,False,300000,,RUR,Более 6 лет,Гибкий график,Java;highload;Kotlin;,Joom,Москва,"Jpharm.de – это фармацевтический маркетплейс для рынка Европы, позволяющий пользователям сделать заказ лекарств от разных аптек из одного интерфейса. Сервис запущен в 2021 году компанией Joom, международным мобильным маркетплейсом с более чем 400 миллионами пользователей по всему миру. Пока что в Jpharm работает совсем немного сотрудников, поэтому присоединиться к проекту сейчас – это возможность стать частью ядра команды, наблюдать за развитием продукта с самой ранней стадии и внести действительно большой вклад в становление бизнеса. Мы продолжаем расширять команду и в поисках backend-разработчиков. Стек: Kotlin, Spring Framework, JUnit, Mockk, PostgreSQL, AWS, ElasticSearch, Gradle. Задачи:  придумывать архитектуру; программировать на Kotlin; обеспечивать отказоустойчивость написанных сервисов в окружении AWS; быть готовым к постоянному росту нагрузки и объема обрабатываемых и хранимых данных; участвовать в обсуждении новых фич и развития продукта.  Требования:  уверенное владение Java/Kotlin; опыт разработки сложных проектов; отличная алгоритмическая подготовка; опыт разработки под Linux/Unix.  Плюсами будут:  опыт с highload; опыт работы с MongoDB; опыт работы с Kubernetes.  Условия работы:   красивый и удобный офис в районе м. ЦСКА/Динамо;   релокационный пакет для соискателей из других городов;   белая зарплата;   пакет акций компании;   гибкий график;   любое оборудование для работы на выбор;   ДМС (в т.ч. для детей) и 100% оплачиваемые больничные;   ипотечная программа после двух лет работы;   бесплатная парковка;   корпоративные обеды.  "
"Middle/Senior Android-разработчик (Kotlin) на проект ""Вторая память""",https://hh.ru/applicant/vacancy_response?vacancyId=42990306,2021-07-28T09:36:29+0300,False,,,,От 1 года до 3 лет,Удаленная работа,Kotlin;Android;,Стрим,Москва,"Stream – дочерняя компания ПАО МТС, мы создаём мобильные и веб-приложения для Холдинга МТС и уже имеем в своем портфолио:  Десятки реализованных проектов федерального уровня с применением BigData, Programmatic в области рекламы; Платформу по реализации VaS услуг, мобильных сервисов и мобильного контента; SmartMed – телемедицина от МТС и МЕДСИ, онлайн-консультации, запись к врачу и вызов врача на дом; SmartHome – сервис по превращению любой квартиры в «умный дом»; МТС Музыка – медиатека с более 40 млн. треков и бесплатным трафиком; Маркетинговые площадки, облачное хранилище данных и множество других социально важных проектов.  Мы постоянно развиваем текущие проекты и запускаем новые, чтобы сделать жизнь наших клиентов проще и интереснее. В штате нашей компании уже более 800 человек, мы продолжаем расширяться и сейчас в поисках android-разработчика! О проекте: МТС Вторая память - высоконагруженный сервис облачного хранилища, в котором можно хранить фото и видео, тем самым освобождая память смартфона для новых впечатлений. Также сервис позволяет восстанавливать потерянные контакты. Облако работает под одним аккаунтом с любых устройств и умеет делиться впечатлениями с близкими.Почему работать с нами будет интересно?  Мы используем последние технологии и всегда открыты к новым идеям и подходам; Чистая архитектура и отсутствие легаси; Сформированные процессы работы по фреймворку scrum Много интересных задач, с которыми предстоит столкнуться разработчику.  Основная деятельность:  Развитие мобильного приложения, реализация нового функционала; Code Review.  У потенциальных кандидатов хотелось бы увидеть:  Опыт мобильной разработки от 2х лет; Уверенное знание Kotlin; Опыт работы с REST api (retrofit2 + moshi); Знание современных архитектурных паттернов в разработке (MVVM, MVP); Общее понимание Clean Architecture; Опыт работы с RxJava2, понимание основ реактивного программирования; Знание шаблонов проектирования, ООП, многопоточного программирования и умение применять на практике; Опыт создания сложных интерфейсов, кастомных UI-компонентов; Опыт работы с Git (по Git Flow в команде); DI (dagger2); Architecture components (ViewModel, work, lifecycle, room);  Будет преимуществом:  Опыт работы с веб-сокетами; Опыт написание Unit тестов; TDD; Cicerone (навигация); Опыт разработки single activity application; SQLite.  Мы предлагаем:  Оформление по ТК РФ, гибкий график работы; &quot;Белая&quot; заработная плата + полугодовые бонусы; ДМС со стоматологией, страхование жизни после испытательного срока; Обучение и посещение профильных конференций; Корпоративная мобильная связь; Комфортный офис (Москва, Питер, Казань, Пермь) или полностью удаленная работа из любого региона; 31 день оплачиваемого отпуска. "
Младший разработчик под Android (Kotlin),https://hh.ru/applicant/vacancy_response?vacancyId=45989208,2021-07-05T17:48:28+0300,False,50000,,RUR,Нет опыта,Гибкий график,Android;Java;Kotlin;ООП;Git;Android SDK;Unit Testing;Atlassian Jira;TFS;,Рокси Мобайл,Санкт-Петербург,"Компания «Рокси Мобайл» занимается разработкой нативных мобильных приложений со сложной бизнес-логикой, серьёзными требованиями к безопасности и работающих под высокой нагрузкой. Наши приоритеты — это проекты в области финансового и банковского секторов, работающие мобильные решения, качество и довольные клиенты. В связи с расширением бизнеса мы приглашаем в нашу команду Младшего разработчика под Android. Уважаемые соискатели, пожалуйста, указывайте в резюме ссылки на примеры своего кода. Обязанности:  Разработка программного обеспечения для Android; Участие в проектах федерального масштаба на всех стадиях разработки (от проектирования до конечной реализации).  Наши ожидания:  Опыт программирования на Kotlin или Java от 6 месяцев; Опыт разработки для мобильных устройств на базе Android; Понимание основных принципов ООП и шаблонов проектирования; Знание базовых структур данных и алгоритмов; Знание Android SDK, общее понимание архитектуры Android; Знание основных принципов Material Design; Опыт работы с сетевыми протоколами (HTTP, REST, OAuth, JSON и др.); Желание и готовность изучать новые технологии и инструменты разработки.  Дополнительными преимуществами будут:  Участие в крупных проектах для мобильных платформ в составе команды; Наличие собственных опубликованных приложений в Google Play; Опыт работы с системами контроля версий (Git, Subversion) и постановки задач (Jira, TFS, Redmine); Опыт разработки приложений со сложным UI; Опыт работы с другими мобильными платформами и/или языками программирования (Swift, C/C++, C#); Опыт работы с Android Jetpack, Coroutines, Dagger/Koin, Moxy, Cicerone, Retrofit; Опыт написания Unit-тестов; Знание английского языка на уровне чтения технической документации.  Мы предлагаем:  Профессиональное развитие‚ интересные задачи, участие в перспективных проектах; Работа в стабильной компании с профессиональной командой, использующей передовые технологии в своей области; Полная занятость, гибкий график работы; Возможность работать из дома (если процесс не требует обязательного присутствия в офисе); Достойная «белая» заработная плата (в зависимости от квалификации и уровня задач, которые вы способны решать); Комфортный офис в 10 мин. пешком от ст.м. Чёрная Речка в бизнес центре «Белый остров»; Оформление и социальный пакет в соответствии с трудовым кодексом; Предоставление ДМС после испытательного срока, в том числе для членов семьи по льготной цене. "
Technical Writer (Kotlin),https://hh.ru/applicant/vacancy_response?vacancyId=40010785,2021-07-28T16:01:10+0300,False,170000,,RUR,От 3 до 6 лет,Гибкий график,,JetBrains,Новосибирск,"We are looking for an experienced technical writer who is passionate about programming. As a successful hire, you will help us in authoring and maintaining documentation for the Kotlin programming language and tooling. You will work with different Kotlin development teams to identify and prioritize tasks and with other technical writers and proofreaders to produce world-class documentation for a global audience. You will join a motivated team of professionals, which have successfully helped Kotlin become a first-class language explicitly recommended by Google for Android development, win the prestigious OSCON Breakthrough of the Year award, and be voted the most-loved language in multiple worldwide large-scale community surveys such as the GitHub Octoverse and StackOverflow Developer Survey. Join us to be a part of this and help us achieve even more. Responsibilities:   Сollaborate with product management, product marketing, and technical support to understand user needs and documentation requirements.   Work closely with development teams to get a clear understanding of how Kotlin products work   Write clear and concise technical documentation for developer audiences, such as language guides, API references, tutorials, etc.   Edit, clarify, and proofread documents written by others, and coach non-writers on ways to improve their writing.   Qualifications:   At least 3 years of experience working for IT companies   Experience in writing software documentation, documentation for APIs, SDKs, or other technical end-user materials.   Good understanding of programming fundamentals, software engineering concepts and processes. Hands-on programming experience is a plus.   Strong communication and interpersonal skills.   Attention to detail.   Fluent English, good command of Russian.   About Kotlin: Part of the JetBrains family, Kotlin is a modern multiplatform programming language known for its concise syntax and pragmatic design. Kotlin provides ample opportunities for code-sharing and code-reuse between multiple projects on multiple platforms, as well as concurrent programming and productive development. Our aim is to make Kotlin one of the most used programming languages. About JetBrains: At JetBrains, code is our passion. For over 20 years, we’ve been striving to make the strongest, most effective developer tools. By automating routine checks and corrections, our tools speed up coding and software development, freeing you to grow, discover, and create. We offer:   Spacious comfortable office (open 24/7) with a private parking lot.   Competitive salary: determined individually, but above industry average.   Bonuses based on your performance.   Voluntary health insurance for employees, their spouse, and their children under the age of 18 (including dental insurance).   5 weeks of paid vacation.   Full salary during sick leave.   Flexible work schedule.   Hot meals, free drinks, fruits, and snacks.   Office library with specialized work-related books and magazines.   Office gym (with washrooms), massage room, and a recreational zone.   Training, including English and German language classes.   Opportunities to travel to professional conferences in Europe and the US.   Job relocation help.  "
"Android developer (Kotlin), удаленно",https://hh.ru/applicant/vacancy_response?vacancyId=45745244,2021-08-03T14:10:07+0300,False,200000,250000,RUR,От 3 до 6 лет,Удаленная работа,Android;Kotlin;Unit Testing;Java;HTTP;REST;JSON;,B2Broker,Казань,"Международная компания B2Broker (Business to Broker) — это финтех разработчик и провайдер ликвидности для брокерских компаний, банков и инвестиционных фондов. Мы не занимаемся брокерской деятельностью, а предлагаем готовые решения для других компаний по всему миру.Занимая свою нишу на рынке с 2014 года, компания является лидером в своей сфере деятельности, в связи с чем постоянно растет и расширяется.На сегодняшний день офисы компании расположены в Москве,Санкт-Петербурге, Лимассоле, Гонконге, Минске, Лондоне, Дубае, Киеве.Чем предстоит заниматься:   Разработка и развитие мобильного приложения нашего продукта на Android (Kotlin).   Требования:  Опыт разработки мобильных приложений от 3 лет; Уверенное знание Kotlin; Уверенное знание Android платформы; Знание Java будет плюсом; Работа с MVVM и MVP; Понимание принципов Clean Architecture; Опыт работы с DI фреймворками; Опыт написания Unit-тестов; Наличие собственных опубликованных приложений в Google Play; Опыт работы с сетевыми протоколами (HTTP, REST, OAuth, JSON и др.); Умение распознавать и применять основные паттерны проектирования; Хорошее знание методологий проектирования ПО и командной разработки; Понимание основных структур данных и алгоритмов, принципов ООП; Git, системы bug tracking; Соблюдение Code Style and Best Practiсe.  Мы предлагаем:  Надежность: официальное оформление по ТК, гарантированные бонусы (13-ая ЗП для проработавших год+); Развитие: возможность практики английского языка с носителями, полная компенсация занятий на платформах, ресурсы на реализацию смелых идей, возможность участвовать в профильных конференциях, неограниченный профессиональный рост и работу в развивающейся международной компании; Активная корпоративная жизнь: новогодние бонусы сотрудникам, прошедшим испытательный срок, празднования дней рождений, корпоративы в лучших ресторанах города и др; Комфорт: гибкое начало рабочего дня, удаленный формат работы. "
Программист Java/Java Developer/Kotlin,https://hh.ru/applicant/vacancy_response?vacancyId=45729144,2021-08-04T12:54:18+0300,False,,,,От 1 года до 3 лет,Удаленная работа,Kotlin;Java;Spring Framework;PostgreSQL;,СБЕРКОРУС,Иннополис,"Кто мы: СберКорус – дочерняя компания Сбербанка. Важным направлением работы компании является участие в строительстве цифровой экосистемы Сбербанк и мы являемся 100% дочерней компанией Сбера. При этом мы отличаемся от Сбебанка: у нас нет бюрократии, больше свободы в процессах, только новые проекты без легаси, нет длительных собеседований и проверок СБ. Мы делаем продукты и сервисы быстро, качественно и запускаем их на аудиторию в 1,5 млн юридических лиц. Ищем Java Developer в молодой проект по разработке сервиса по установлению индивидуальных тарифов ключевым клиентам Банка Технический стэк проекта:  Java 8, Kotlin; JMS; JOOQ; REST; Spring framework; SQL, Oracle; Maven; GIT.  Необходимые технические компетенции:  JavaSE – от 4 лет; JavaEE (JAX-RS, JAX-WS, JMS); Spring framework; SQL; Maven; GIT; XML/XSD; Kotlin -будет преимуществом; YML - будет преимуществом.    Что вас ожидает:  Официальное оформление согласно ТК РФ, с полностью белой заработной платой и отпуском 28 календарных дней; Конкурентный уровень заработной платы, который обсуждается на собеседовании; Премии по результатам работы; Ежегодное повышение уровня дохода по результатам аттестации; График работы – стандартный, но с гибким подходом (гибкое начало и окончание рабочего дня); Корпоративные курсы английского языка. А также собственный учебный центр с доступом к семинарам, вебинарам, библиотеке электронных курсов и бизнес-публикаций (для развития технических и бизнес-навыков с возможностью поднять свой уровень); ДМС и корпоративная сотовая связь; Возможность внести свой вклад в реализацию интересных и амбициозных проектов с участием крупнейших российских и международных компаний; Мы меняемся и развиваемся, для этого организуем корпоративный отдых,внешнее обучение и прочие мероприятия как для полезного, так и для приятного время препровождения.   "
Middle/Senior Android developer (Java/Kotlin),https://hh.ru/applicant/vacancy_response?vacancyId=46572647,2021-08-02T18:03:47+0300,False,150000,265000,RUR,От 3 до 6 лет,Удаленная работа,Английский язык;,HitHunt,Санкт-Петербург,"Our customer is a worldwide web and mobile developer, for over 13 years working under the hardest projects in spheres of finance, education and medical technologies. Project: retail internet-shop with the top natural products, one of the best employers in USA in 2021. The main aim is to launch web and mobile development in Russia.   Therefore we are looking for an Android developer. Knowledge, Skills, and Abilities: • Strong knowledge of android operating systems, SDK, and development environments • Have experience in using version control tools while managing conflict • Automated testing, building, and packaging of Android’s Artifacts experiences. • Have a solid understanding of Restful API interaction and JSON • Have experience in optimizing, refactoring, and debugging, especially in the scope of layout development, customize themes, styles, attributes, and other resources • Self-motivated and self-managed with a high degree of analytical skills and intellectual curiosity, responsible and trustworthy personality • Familiar with Android Studio and Gradle • Have strong knowledge of CI/CD and can containerize CI/CD pipelines and create reproducible builds from development to production • Solid understanding of algorithms, memory management, the design pattern of MVVM, MVP • At least one released application on Google play store with a large customer base • Fluent written and spoken English Job Expectations: • Develop and deploy applications on the Android platform using Java and Kotlin • Work with product owners and technical leaders to continually improve processes of development and product quality. • Work with other team members and mentor them to promote excellent customer experiences. • Have experiences with android applications on performance tuning, troubleshooting, participating in building the technical roadmap for iHerb’s mobile app. • Propose the newest innovative tools, 3rd party frameworks, automation, and processes for the whole mobile team • Can cooperate with different teams across different countries by the English language • Analyze customer and software requirements to determine the feasibility of design within time and cost constraints. • The duties and responsibilities described above may provide only a partial description of this position. This is not an exhaustive list of all responsibilities of the position. Other duties and responsibilities not outlined in this document may be added as necessary or desirable, with or without notice. ‍ Experience Requirements: • 5+ years of experience in Android app software development (Jave/Kotlin), E-commerce experience is a plus • 1+ years of experience contributing to the architecture and design of new and current systems (architecture, design patterns, reliability, and scaling) Education Requirements: • BS Computer Science or related fields required or equivalent experience • Master degree preferred.   What we offer: - Official employment according to the labor code in case of living in Saint-Petersburg. - Registration as individual entrepreneurship - for those who are not in St. Petersburg: paid vacations, sick leaves, etc. + tax compensation. - Remote work or from the office in Saint-Petersburg; - Medical insurance; - English language courses; - Opportunity of English language practice directly with the native-speakers; - Individual plans of development, books for improvement of soft and hard skills; - Corporate events, PS, board games, tea/coffee and snacks in the office.   Flow: - Interview with recruiter; - Interview with internal HR and technical specialist, including live coding; - Technical interview with the company’s customer."
Senior Software Developer Kotlin (Space),https://hh.ru/applicant/vacancy_response?vacancyId=22794787,2021-07-11T14:05:41+0300,False,200000,,RUR,От 3 до 6 лет,Полный день,,JetBrains,Санкт-Петербург,"Мы разрабатываем новый продукт для команд разработчиков, на собственном языке программирования - Kotlin, причем используем компиляцию в JVM и JavaScript. У нас будет интересно, если:  Вам интересно попробовать Kotlin &quot;в деле&quot;. Вы хотите принимать продуктовые решения и повлиять на то, каким будет продукт(и каким не будет). Вам хочется быть на переднем крае технологий. Вы хотите заняться созданием абсолютно новых инструментов для команд разработчиков и не только. Вам небезразлична атмосфера стартапа. Вас привлекает работа в сильной команде.  Как устроено внутри:  Исходный код — только Kotlin. В разработке используем все модные технологии. Для организации командной работы используются наши собственные продукты: Upsource для ревью кода, TeamCity для автоматического запуска тестов и сборки продуктов, YouTrack для учёта багов и фич. Сами уже используем свой продукт. Наша команда не пишет IDE.  Чего мы ждем от вас:  Опыта разработки на Java и/или C# и/или Kotlin. Умения решать сложные задачи в реальных условиях.  И/или  Отличного знания алгоритмов и структур данных. Уникального умения создавать простые и мощные архитектурные решения. Способности быстро разбираться в деталях многочисленных технологий. Экспертизы в одной из следующих областей: создание высоконагруженных серверных решений с высокой степенью отказоустойчивости и масштабируемости; создание full-stack приложений с поддержкой сложного состояния клиента (offline, poor connection, optimistic updates, live updates, stateless server, etc...). "
Backend разработчик (Kotlin) в Joompay,https://hh.ru/applicant/vacancy_response?vacancyId=43396074,2021-07-29T19:18:39+0300,False,230000,,RUR,От 3 до 6 лет,Гибкий график,Java;Kotlin;,Joom,Москва,"Joompay — финансовое приложение для простых, быстрых, и безопасных переводов денег по Европе. HQ компании находится в Люксембурге, а также есть офисы в Москве и в Риге; Joompay уже получил европейскую финансовую лицензию и запустил мобильные приложения в европейских сторах. Сервис создается компанией Joom, международным мобильным маркетплейсом с более чем 400 миллионами пользователей по всему миру. Сейчас в Joompay работает лишь несколько десятков человек: мы строим ядро команды, и нам важно нанимать самых талантливых и сильных специалистов. У каждого сотрудника Joompay есть редкая возможность участвовать в запуске Fintech-продукта с самой ранней стадии на глобальном рынке и вносить свой вклад в становление бизнеса. Мы продолжаем увеличивать команду, ищем backend-разработчиков. Стек: Kotlin, PostgreSQL, AWS. Что предстоит делать:  придумывать архитектуру; программировать на Kotlin; обеспечивать отказоустойчивость написанных сервисов в окружении AWS; быть готовым к постоянному росту нагрузки и объема обрабатываемых и хранимых данных; участвовать в обсуждении новых фич и развития продукта.  Требования:  уверенное владение любым языком из списка: Java/Kotlin/Scala/C++/Python/Go; опыт разработки сложных проектов; отличная алгоритмическая подготовка; опыт разработки под Linux/Unix.  Плюсами будут:  опыт с highload; опыт в fintech.  Условия работы:   красивый и удобный офис в районе м. ЦСКА/Динамо;   релокационный пакет для соискателей не из Москвы;   белая зарплата;   пакет акций компании;   гибкий график;   любое оборудование для работы на выбор;   ДМС (в т.ч. для детей) и 100% оплачиваемые больничные;   ипотечная программа после двух лет работы;   бесплатная парковка;   корпоративные обеды.  "
Senior Backend Kotlin Developer,https://hh.ru/applicant/vacancy_response?vacancyId=46720409,2021-08-02T18:17:00+0300,False,210000,,RUR,От 1 года до 3 лет,Удаленная работа,MongoDB;Java;Kotlin;Kafka;,Сколопендра,Москва,"Локация: РоссияКомпания: &quot;Skolopendra&quot;Формат работы: Office (Moscow)/RemoteЗанятость: Full-time Описание:   Опыт коммерческой разработки ПО в команде; Знание Kotlin (преимущественно используем его); Понимание сервисной и микросервисной архитектуры; Знание Linux; Умение создать надежный масштабируемый сервис; Работа с нашим стеком технологий или желание его освоить; Умение и желание писать unit-тесты.  Наши технологии:  Spring 5: core, boot, data, web, security; MQ: Kafka, RabbitMQ; PostgreSQL, MongoDB, Clickhouse; Docker, k8s, aws, yandex cloud, etc; REST, grpc, web-sockets.  Будет считаться преимуществом и рассматриваться с особым интересом:  Опыт работы с микрокомпьютерами (raspberry pi и другие); Понимание работы front-end; Знания о работе электроники вообще и микроконтроллеров в частности.   "
Kotlin-разработчик/Java-разработчик,https://hh.ru/applicant/vacancy_response?vacancyId=44238656,2021-07-27T09:01:48+0300,False,80000,,RUR,От 1 года до 3 лет,Полный день,Git;Kotlin;Java;JUnit;,ФРЕГАТ,Воронеж,"Молодая, активно развивающаяся компания, которая специализируется на разработке ПО в государственном секторе, ищет сотрудника! Основная задача: - проектирование и реализация приложений.     Что необходимо:  иметь аналогичный опыт работы от 1 года (желательно); иметь опыт работы с фреймворком Spring Boot и Hibernate; знать и уметь работать с SQL; иметь опыт работы с Junit (тестирование); использовать git; знать Docker (приветствуется); быть ответственным, стрессоустойчивым, готовым много коммуницировать.  Условия:  оформление согласно ТК РФ; конкурентоспособный уровень дохода: оклад + годовая премия; интересные разнообразные задачи; дружный коллектив, атмосфера партнерства и взаимопомощи; офис находится в центре города; гибкие условия работы, возможность частично или полностью работать удаленно. "
Senior Java / Kotlin Developer,https://hh.ru/applicant/vacancy_response?vacancyId=46122744,2021-07-09T14:50:42+0300,False,320000,,RUR,Более 6 лет,Удаленная работа,Java;Spring Framework;Back-end;Unit Testing;,Солантек,Омск,"В компании Solanteq мы разрабатываем продукты, решающие задачи наших клиентов (это процессинговые компании и банки в России, в том числе из топ-10, и за рубежом) в финтех сфере, такие как:  Обработка транзакций по платежным картам (МПС Visa, MasterCard, Мир и другие). Осуществление интернет платежей, в частности мы являемся сертифицированным поставщиком 3D-Secure решений. Осуществление NFC-платежей (ApplePay, AndroidPay и MirPay). Запуск программ банковской и розничной лояльности. Управление терминалами, такими как POS-терминалы и банкоматы. Автоматизация тестирования банковских систем.  Задачи:  Разработка новых и развитие существующих бизнес-модулей системы. Проработка технический решений для обеспечения отказоустойчивости и масштабирования системы (в том числе работа в ген-распределенной инфраструктуре). Проработка архитектуры новых модулей системы и решений на базе продуктов компании. Участие в проектах по разработке и внедрению инновационных проектов в fintech области. Курирование младших разработчиков. Внедрение новых технологий и devops практик.  Требования к кандидатам:  Опыт коммерческой разработки back-end на Java от 5 лет. Опыт разработки распределенных систем. Опыт работы с Spring Framework. Опыт работы с *nix системами. Умение читать и понимать чужой код. Умение писать unit-тесты и понимание, зачем это нужно. Умение и желание работать в команде. Интерес к новым фреймворкам и технологиям. Желание разбираться в предметной области. Английский язык желательно. Опыт работы с PostgreSQL, Oracle (или другими классическими базами данных) будет плюсом.  Условия:  Активная разработка и возможность увидеть созданную с Вашим участием систему в проде. Дружелюбная, не бюрократизированная обстановка. Оформление по ТК. Возможность выбирать формат работы - удаленно или в комфортном офисе в Санкт-Петербурге (помогаем с релокацией). ДМС и страховка для путешественников.  Как всё устроено:  Кодовая база на Java 8+ (в новом коде используем фичи Java 11) и Kotlin. Хранение исходных кодов и код ревью в Self-Hosted GitLab. CI/CD на базе TeamCity. Использование AWS для внутренней инфраструктуры. Фреймворки и технологии (поддерживаем актуальные версии): Java 11, Spring 5, Hibernate, Infinispan, Mockito, PostgreSQL, RabbitMQ и так далее. "
Разработчик Java/Kotlin,https://hh.ru/applicant/vacancy_response?vacancyId=46575171,2021-07-27T21:16:12+0300,False,,,,От 3 до 6 лет,Полный день,,Сбербанк,Новосибирск,"Мы разрабатываем Единый профиль клиента – распределённую и высоко нагруженную систему с несколькими типами хранилищ данных и прикладным резервированием. Наша цель – предоставить потребителям сервисы работы с персональными данными клиентов, которые доступны в режиме 24x7. Для её достижения мы используем самый современный стек технологий. Наши команды решают задачи связанные с построением распределенной системы, задачи оптимизации производительности, задачи обеспечения горизонтального масштабирования и перевода в облачную инфраструктуру.   Чем предстоит заниматься?   Разработкой распределенной высоко нагруженной системы на Java/Kotlin с использованием GridGain, Kafka, Oracle, PostgreSQL Проведением code review коллег. Устранением замечаний к своему коду Проектированием и декомпозицией задачи на спринт вместе с командой Написанием unit/integration тестов    Требования  Опыт работы от 3-х лет в роли разработчика Уверенное знание стека используемых технологий: Java, Spring Core, Spring Boot Опыт разработки с использованием Oracle или PostgreSQL Опыт разработки c использование GridGain/Apache Ignite или любого другого In memory data grid Опыт разработки с использование Kafka Большим плюсом будет опыт в Spring Statemachine Умение работать в команде    Плюсом будет являться   Разработка микросервисов под облачную инфраструктуру Опыт в построении горизонтально масштабируемых отказоустойчивых систем Знание технологий виртуализации и контейнеризации Опыт оптимизации производительности системы. Поиск и анализ причин возникновения performance drop Опыт работы с gRPC и Protobuf    Условия работы:  Профессиональное обучение, семинары, тренинги, конференции Годовые премии ДМС, сниженные ставки по кредитованию, программы лояльности для сотрудников Самые инновационные, амбициозные проекты и задачи "
"Android developer (Kotlin) , удаленно",https://hh.ru/applicant/vacancy_response?vacancyId=45745507,2021-08-03T14:10:24+0300,False,200000,250000,RUR,От 3 до 6 лет,Удаленная работа,Android;Kotlin;Unit Testing;Java;HTTP;REST;JSON;,B2Broker,Самара,"Международная компания B2Broker (Business to Broker) — это финтех разработчик и провайдер ликвидности для брокерских компаний, банков и инвестиционных фондов. Мы не занимаемся брокерской деятельностью, а предлагаем готовые решения для других компаний по всему миру.Занимая свою нишу на рынке с 2014 года, компания является лидером в своей сфере деятельности, в связи с чем постоянно растет и расширяется.На сегодняшний день офисы компании расположены в Москве,Санкт-Петербурге, Лимассоле, Гонконге, Минске, Лондоне, Дубае, Киеве.Чем предстоит заниматься:   Разработка и развитие мобильного приложения нашего продукта на Android (Kotlin).   Требования:  Опыт разработки мобильных приложений от 3 лет; Уверенное знание Kotlin; Уверенное знание Android платформы; Знание Java будет плюсом; Работа с MVVM и MVP; Понимание принципов Clean Architecture; Опыт работы с DI фреймворками; Опыт написания Unit-тестов; Наличие собственных опубликованных приложений в Google Play; Опыт работы с сетевыми протоколами (HTTP, REST, OAuth, JSON и др.); Умение распознавать и применять основные паттерны проектирования; Хорошее знание методологий проектирования ПО и командной разработки; Понимание основных структур данных и алгоритмов, принципов ООП; Git, системы bug tracking; Соблюдение Code Style and Best Practiсe.  Мы предлагаем:  Надежность: официальное оформление по ТК, гарантированные бонусы (13-ая ЗП для проработавших год+); Развитие: возможность практики английского языка с носителями, полная компенсация занятий на платформах, ресурсы на реализацию смелых идей, возможность участвовать в профильных конференциях, неограниченный профессиональный рост и работу в развивающейся международной компании; Активная корпоративная жизнь: новогодние бонусы сотрудникам, прошедшим испытательный срок, празднования дней рождений, корпоративы в лучших ресторанах города и др; Комфорт: гибкое начало рабочего дня, удаленный формат работы. "
"Android developer (Kotlin), Удаленно",https://hh.ru/applicant/vacancy_response?vacancyId=45745310,2021-08-03T14:10:12+0300,False,200000,250000,RUR,От 3 до 6 лет,Удаленная работа,Android;Kotlin;Unit Testing;Java;HTTP;REST;JSON;,B2Broker,Екатеринбург,"Международная компания B2Broker (Business to Broker) — это финтех разработчик и провайдер ликвидности для брокерских компаний, банков и инвестиционных фондов. Мы не занимаемся брокерской деятельностью, а предлагаем готовые решения для других компаний по всему миру.Занимая свою нишу на рынке с 2014 года, компания является лидером в своей сфере деятельности, в связи с чем постоянно растет и расширяется.На сегодняшний день офисы компании расположены в Москве,Санкт-Петербурге, Лимассоле, Гонконге, Минске, Лондоне, Дубае, Киеве.Чем предстоит заниматься:   Разработка и развитие мобильного приложения нашего продукта на Android (Kotlin).   Требования:  Опыт разработки мобильных приложений от 3 лет; Уверенное знание Kotlin; Уверенное знание Android платформы; Знание Java будет плюсом; Работа с MVVM и MVP; Понимание принципов Clean Architecture; Опыт работы с DI фреймворками; Опыт написания Unit-тестов; Наличие собственных опубликованных приложений в Google Play; Опыт работы с сетевыми протоколами (HTTP, REST, OAuth, JSON и др.); Умение распознавать и применять основные паттерны проектирования; Хорошее знание методологий проектирования ПО и командной разработки; Понимание основных структур данных и алгоритмов, принципов ООП; Git, системы bug tracking; Соблюдение Code Style and Best Practiсe.  Мы предлагаем:  Надежность: официальное оформление по ТК, гарантированные бонусы (13-ая ЗП для проработавших год+); Развитие: возможность практики английского языка с носителями, полная компенсация занятий на платформах, ресурсы на реализацию смелых идей, возможность участвовать в профильных конференциях, неограниченный профессиональный рост и работу в развивающейся международной компании; Активная корпоративная жизнь: новогодние бонусы сотрудникам, прошедшим испытательный срок, празднования дней рождений, корпоративы в лучших ресторанах города и др; Комфорт: гибкое начало рабочего дня, удаленный формат работы. "
Kotlin разработчик,https://hh.ru/applicant/vacancy_response?vacancyId=36876399,2021-07-30T15:20:50+0300,False,,,,От 1 года до 3 лет,Удаленная работа,REST;SOAP;SQL;NoSQL;PostgreSQL;Java;Redis;Git;,Центр Методического Обеспечения Оптимизации Процессов Государственного Управления в Московской области,Москва,"Мы — IT-компания, подведомственная Министерству госуправления, информационных технологий и связи. Занимаемся информатизацией работы ведомств, министерств и учреждений Московской области.У нас есть highload-проект по работе с масштабным онлайн-сервисом:• РПГУ - региональный портал государственных услуг Московской области• Мобильное приложение РПГУ.В нашу команду, на проект разработки мобильного приложения, требуется backend-разработчик на языке Kotlin. Задачи:  Интеграции с внешними сервисами по REST, SOAP. Написание sql / noSql запросов (Postgres, Redis). Написание REST API. Сопровождение своего кода от коммита до мониторинга работы сервиса в проде.  Требования:  опыт разработки на Java / Kotlin; Spring (boot, webfulx); Redis; SQL; Docker; Git, CI/CD.  Будет плюсом:  Coroutines; Spring Test, Mockito; опыт проектирования многомодульных приложений и масштабируемых решений.  Мы предлагаем:  Работу в успешной и стабильной организации, которая реализует социально значимые проекты. Полное соблюдение ТК РФ. Возможность технического роста. Возможность удалённой работы (можно офис; фултайм 40 часов в неделю). Комфортный офис в Деловом Центре &quot;Два капитана&quot;, ст. м. Мякинино (10-13 минут пешком). Достойную зарплату, которая зависит от Вашего опыта и знаний + премии. Корпоративные праздники и встречи. "
Java / Kotlin Developer,https://hh.ru/applicant/vacancy_response?vacancyId=44616588,2021-07-13T20:41:58+0300,False,,,,От 3 до 6 лет,Полный день,Java;Spring Framework;Docker;Spring Boot;Kotlin;,Леруа Мерлен,Москва,"Леруа Мерлен – французская компания, которая является безоговорочным лидером на рынке товаров для ремонта и обустройства дома. Главный фокус компании направлен на клиента и удовлетворение его потребностей. В настоящее время мы развиваем свои продукты для клиентов и отказываемся от Enterprise-решений в пользу собственной разработки, поэтому постоянно расширяем штат инженеров. Мы ищем Java/Kotlin разработчиков. Пишем практически все «с нуля», поэтому у нас нет легаси. В компании за стандарт принята микросервисная архитектура и интеграция только через API. Мы работаем в продуктовых командах, поэтому рядом с вами всегда будут аналитики, QA-инженеры и все, кто необходим для решения задачи. У вас будет возможность как учиться самому, так и учить начинающих коллег. Мы не ограничиваем команды в выборе языка программирования и/или технологических решений. И у нас всегда есть право на ошибку – try fast, fail fast.Многие наши разработчики помимо написания кода занимаются еще и технической архитектурой, проводят код-ревью, оценку и планирование задач. Еще мы любим все автоматизировать, поэтому придется писать юнит-тесты и выстраивать CI/CD. Периодически мы общаемся с коллегами из других стран, что позволит вам прокачать свои навыки общения на английском (или французском) языке.От вас мы ожидаем хорошего знания Java Core, практических навыков использования Spring, умения работать в команде и, конечно же, новых идей. В работе вам поможет опыт работы co Spring Cloud, Jenkins, Docker. Но не расстраивайтесь, если у вас такого опыта нет – мы готовы обучить. Будет классно, если у вас есть опыт работы в распределенных высоконагруженных проектах.Коротко про наш стек:Java 8+ / Kotlin, Spring Boot &amp; Cloud, Rabbit / Kafka, Apigee, Mongo, PostgreSQL, Docker, Linux, Gitlab / GitHub, Jenkins, Pipeline, Camunda. Еще мы предлагаем:  Обучение за счет компании; Участие в конференциях и во внутренних и внешних митапах; Белую заработную плату, ежемесячные, квартальные и годовые премии; ДМС и соц. пакет; Компенсацию питания и мобильной связи; Гибкий график и возможность периодически работать удалённо. "
Software Developer (Kotlin/Java) - Big Data Tools,https://hh.ru/applicant/vacancy_response?vacancyId=46635560,2021-07-29T16:27:32+0300,False,,,,От 3 до 6 лет,Гибкий график,Java;Kotlin;,JetBrains,Санкт-Петербург,"Big Data Tools — уникальная система плагинов для платформы IntelliJ, предназначенных для работы с технологиями анализа больших данных, такими как Apache Spark, Apache Hadoop, Apache Zeppelin, а также с хранилищами данных: Amazon S3, HDFS, Azure и Google Cloud Storage. В нашей распределенной команде сейчас 10 человек, и мы ищем разработчика, который будет заниматься интеграцией с существующими облачными провайдерами, например AWS, а также поддержкой таких технологий, как Apache Kafka и Apache Flink. Мы хотим видеть тебя в своей команде, если ты:       Умеешь и любишь решать сложные и по-настоящему интересные задачи.   Хочешь улучшить IntelliJ IDEA и знаешь как именно.   Имеешь опыт разработки на Java/Kotlin от 2 лет.   Умеешь проектировать и писать код, который легко читать и поддерживать.   Понимаешь, как работает код, который ты пишешь: как он исполняется и какие алгоритмы за ним стоят.   Умеешь работать в команде (открыто относишься к другим точкам зрения и можешь аргументированно отстаивать свою позицию).   Не останавливаешься в профессиональном развитии, изучаешь и пробуешь новые подходы и технологии.   Испытываешь гордость от результатов своей работы.   И особенно если ты:   Знаком(а) с особенностями профессии дата-инженера и технологиями анализа больших данных.   Имеешь опыт работы с облачными платформами, такими как AWS и Azure.   Имеешь опыт участия в open-source проектах или ведения собственных проектов.   Знаешь другие языки и другие парадигмы (Haskell, Python, Scala, Ruby и т. п.).   Знаком(а) с технологиями создания компиляторов, анализа кода.   Какие задачи мы решаем:   Задачи, которые ставятся перед программистами, можно разделить на два типа. Первый тип — задачи, связанные с обработкой большого объема исходного кода. IDE должна на лету обрабатывать введенный код, подсвечивать в нем ошибки, предлагать варианты автодополнения, помогать быстро переходить между связанными элементами, поддерживать автоматическое выполнение рефакторингов. Второй тип задач — интеграция IDE со сторонними инструментами: системами мониторинга кластеров, интерактивными ноутбуками, хранилищами данных. Пользователю должно быть удобно работать со всеми этими инструментами, не покидая IDE.   Ты сможешь взяться за практически любую подсистему или за реализацию новой, придуманной тобой фичи.   Как устроено внутри:   Исходники хранятся в Git, часть из них есть в общем доступе на GitHub (https://github.com/JetBrains/intellij-community).   Большая часть исходного кода платформы IntelliJ написана на Java 8, есть отдельные части на Groovy, и все больше кода пишется на Kotlin.   Система плагинов Big Data Tools написана полностью на Kotlin.   Для организации командной работы используются наши собственные продукты: Space для ревью кода, TeamCity для автоматического запуска тестов и сборки продуктов, YouTrack для учета багов и фич.  "
Kotlin разработчик,https://hh.ru/applicant/vacancy_response?vacancyId=46189333,2021-08-03T09:57:12+0300,False,,,,От 1 года до 3 лет,Полный день,Android;Android SDK;Kotlin;MVP;RxKotlin;Java;RxJava;,KOTELOV,Санкт-Петербург,"Привет! Я — Анвар Тагаев, я руковожу проектами в KOTELOV и сейчас мы ищем Kotlin-разработчика в свою команду. Наша компания разрабатывает уникальный софт для таких заказчиков как ПИК, S7 Airlines, Microsoft, а также реализует высоконагруженные системы для строительных и государственных проектов. Сейчас мы ищем Kotlin разработчика на сложный и крупный проект для Тинькофф-банк: основное приложение для самообслуживания клиентов банка — физических лиц. Что ждём от кандидата:   Kotlin - уверенные знания;   Java - отличные знания;   Понимание многопоточности (concurrency)   Хорошее понимание, как работает garbage collector   Уверенные знания в collections(Java/Kotlin)   Android SDK - уверенные знания;   RxJava, RxKotlin - уметь решать задачи средней сложности;   Dagger 2 - уверенные знания;   Retrofit - уверенные знания;   Хорошее владение Android Architecture Components.   Будет круто, если ты:   Знаком с MVI и Cicerone;   Знание MVP (Moxy - желательно);   Парадигмы проектирования( Фабрики, Строители и т.д);   Знание Android 5.0 и выше и разницу между ними;   Принципы построения различных Service’s;   Знание WebSocket’s.   Мы соблюдаем следующие правила:   Не работаем в опенспейсах;   Используем Scrum;   Понятная постановка задач от бизнес-аналитиков;   Плановый рефакторинг с целью повысить качество каждые 3 месяца;   Полноценные тестовые среды: dev, preprod, prod;   Выделенные тестировщики;   Конечная цель – качественный софт;   Условия:   Офис в двух минутах от станции м. Гостиный Двор;   Оплата спортзала рядом с офисом;   Покупка профессиональной литературы и подписка на Medium;   Скидка 50% на уроки в Skyeng каждому сотруднику.  "
"Android developer (Kotlin, Java)",https://hh.ru/applicant/vacancy_response?vacancyId=46402116,2021-08-02T10:16:12+0300,False,200000,230000,RUR,От 3 до 6 лет,Полный день,Kotlin;Java;Android SDK;Gradle;SQLite;,Лаборатория знаний,Москва,"Привет! Компания “Лаборатория Знаний” ищет Android-разработчиĸа. Мы занимаемся нейротехнологиями и создаем сервисы для анализа состояния человека. Мы умеем вычислять индикаторы бодрости, продуктивности, спокойствия, заинтересованности и многие другие. Эти данные используются в образовании, в проектном управлении, в маркетинге, киберспорте и других областях. Разработчик, которого мы ищем, будет развивать клиентское мобильное приложение, который работает в паре с носимым устройством - нейроинтерфейсом (фото). Приложение собирает данные и передает его на сервер, который вычисляет индикаторы состояний человека и отдаёт их прикладным сервисам. Мы ищем опытного разработчика, который будет отвечать за архитектуру, функционал и надежность работы мобильного приложения, находить узкие места в производительности и координировать усилия с разработчиками бэкенда. Приложение написано на Kotlin, с небольшими легаси-вставками на Java (в будущем их тоже нужно будет портировать на Kotlin). Что понадобится в работе:  Опыт ĸоммерчесĸой разработĸи под Android от 3 лет Знание Android SDK и основных библиотеĸ Понимание принципов ООП и SOLID, знание основных паттернов проектирования и умение этим всем грамотно пользоваться Опыт работы с Bluetooth устройствами будет большим плюсом  Наш стек и инфраструктура:  Kotlin, Java, Android SDK 23–29, Gradle Bluetooth, GATT XML, OkHttp, библиотека GSON для работы с Websocket MPAndroidChart для графика SQLite + Room для хранения данных OAuth2 для авторизации Код и задачи ведём в Gitlab (настроен CI/CD пайплайн)  Как мы работаем:  Официальное трудоустройство с full-time загрузкой С 10 до 18 по московскому времени, с возможностью корректировать свой график по необходимости  Для жителей Москвы и Московской области у нас смешанный формат (два дня в офисе, остальное время удалёнка), для жителей других городов - полностью удалённая работа.  "
Senior Backend разработчик (Kotlin) в Joompay,https://hh.ru/applicant/vacancy_response?vacancyId=46099825,2021-08-04T12:13:25+0300,False,300000,,RUR,Более 6 лет,Гибкий график,Java;Kotlin;,Joom,Москва,"Joompay — финансовое приложение для простых, быстрых, и безопасных переводов денег по Европе. HQ компании находится в Люксембурге, а также есть офисы в Москве и в Риге; Joompay уже получил европейскую финансовую лицензию и запустил мобильные приложения в европейских сторах. Сервис создается компанией Joom, международным мобильным маркетплейсом с более чем 400 миллионами пользователей по всему миру. Сейчас в Joompay работает лишь несколько десятков человек: мы строим ядро команды, и нам важно нанимать самых талантливых и сильных специалистов. У каждого сотрудника Joompay есть редкая возможность участвовать в запуске Fintech-продукта с самой ранней стадии на глобальном рынке и вносить свой вклад в становление бизнеса. Мы продолжаем увеличивать команду, ищем backend-разработчиков. Стек: Kotlin, PostgreSQL, AWS. Что предстоит делать:  придумывать архитектуру; программировать на Kotlin; обеспечивать отказоустойчивость написанных сервисов в окружении AWS; быть готовым к постоянному росту нагрузки и объема обрабатываемых и хранимых данных; участвовать в обсуждении новых фич и развития продукта.  Требования:  уверенное владение любым языком из списка: Java/Kotlin/Scala/C++/Python/Go; опыт разработки сложных проектов; отличная алгоритмическая подготовка; опыт разработки под Linux/Unix.  Плюсами будут:  опыт с highload; опыт в fintech.  Условия работы:   красивый и удобный офис в районе м. ЦСКА/Динамо;   релокационный пакет для соискателей не из Москвы;   белая зарплата;   пакет акций компании;   гибкий график;   любое оборудование для работы на выбор;   ДМС (в т.ч. для детей) и 100% оплачиваемые больничные;   ипотечная программа после двух лет работы;   бесплатная парковка;   корпоративные обеды.  "
Kotlin TeamLead,https://hh.ru/applicant/vacancy_response?vacancyId=46568625,2021-07-27T16:20:20+0300,False,,,,От 3 до 6 лет,Полный день,Git;SQL;Java;Python;ООП;kotlin;,Тинькофф,Екатеринбург,"Обязанности:  Управление командой разработки (аналитики, разработчики), участие и принятие решений в найме Определение стека разработки для новых сервисов Найм сотрудников Обсуждение требований и участие в планировании развития продукта Проектирование архитектуры решений Проработка архитектуры со смежными подразделениями  Требования:  Опыт разработки на Kotlin/ Python  Уверенное знание SQL Опыт работы с системами контроля версий (Git) Опыт работы с реляционными базами данных Плюсом будут: Владение другими языками программирования (javascript, java, go). Опыт работы с NoSQL базами данных Техническое образование    Условия:  Работа в комфортном офисе Профессиональное развитие. Мы постоянно проводим митапы, тренинги и мастер-классы. В твоем распоряжении огромная библиотека с технической литературой Забота о здоровье. Оформим полис ДМС со стоматологией и страховку от несчастных случаев. Для твоих близких предложим льготные условия страхования Достойная твоего профессионального уровня зарплата  Екатеринбург  "
Программист Java/Java Developer/Kotlin,https://hh.ru/applicant/vacancy_response?vacancyId=38789418,2021-08-04T12:54:19+0300,False,,,,От 1 года до 3 лет,Удаленная работа,Kotlin;Java;Spring Framework;PostgreSQL;,СБЕРКОРУС,Москва,"Кто мы: СберКорус – дочерняя компания Сбербанка. Важным направлением работы компании является участие в строительстве цифровой экосистемы Сбербанк и мы являемся 100% дочерней компанией Сбера. При этом мы отличаемся от Сбебанка: у нас нет бюрократии, больше свободы в процессах, только новые проекты без легаси, нет длительных собеседований и проверок СБ. Мы делаем продукты и сервисы быстро, качественно и запускаем их на аудиторию в 1,5 млн юридических лиц. Ищем Java Developer в молодой проект по разработке функционала установления индивидуальных тарифов для удержания, привлечения и развития отношений с корпоративными клиентами микро и малого бизнеса. Приложение представляет из себя веб - интерфейс с back частью для работы клиентских менеджеров по всей стране, которая интегрируется с помощью шины с комплексом информационных систем Сбербанка. Технический стэк проекта:  Java 8, Kotlin; JMS; JOOQ; REST; Spring framework; SQL, Oracle; Maven; GIT.  Необходимые технические компетенции:  JavaSE – от 4 лет; JavaEE (JAX-RS, JAX-WS, JMS); Spring framework; SQL; Maven; GIT; XML/XSD; Kotlin -будет преимуществом; YML - будет преимуществом.    Что вас ожидает:  Официальное оформление согласно ТК РФ, с полностью белой заработной платой и отпуском 28 календарных дней; Конкурентный уровень заработной платы, который обсуждается на собеседовании; Премии по результатам работы; Ежегодное повышение уровня дохода по результатам аттестации; График работы – стандартный, но с гибким подходом (гибкое начало и окончание рабочего дня); Корпоративные курсы английского языка. А также собственный учебный центр с доступом к семинарам, вебинарам, библиотеке электронных курсов и бизнес-публикаций (для развития технических и бизнес-навыков с возможностью поднять свой уровень); ДМС и корпоративная сотовая связь; Возможность внести свой вклад в реализацию интересных и амбициозных проектов с участием крупнейших российских и международных компаний; Мы меняемся и развиваемся, для этого организуем корпоративный отдых,внешнее обучение и прочие мероприятия как для полезного, так и для приятного время препровождения.   "
Java / Kotlin Developer,https://hh.ru/applicant/vacancy_response?vacancyId=23473091,2021-08-04T09:18:34+0300,False,,,,От 1 года до 3 лет,Гибкий график,Java;Git;Unit Testing;Spring Framework;,Солантек,Санкт-Петербург,"В компании Solanteq мы разрабатываем продукты, решающие задачи наших клиентов (это процессинговые компании и банки в России, в том числе из топ-10, и за рубежом) в финтех сфере, такие как:  Обработка транзакций по платежным картам (МПС Visa, MasterCard, Мир и другие). Осуществление интернет платежей, в частности мы являемся сертифицированным поставщиком 3D-Secure решений. Осуществление NFC-платежей (ApplePay, AndroidPay и MirPay). Запуск программ банковской и розничной лояльности. Управление терминалами, такими как POS-терминалы и банкоматы. Автоматизация тестирования банковских систем.  Задачи разработчика:  Разработка новых и развитие существующих бизнес-модулей системы. Участие в проектах по разработке и внедрению инновационных проектов в fintech области. Применение новых технологий и devops практик.  Требования к кандидатам:  Опыт коммерческой разработки back-end на Java от 2 лет. Опыт работы с Spring Framework. Опыт работы с *nix системами. Умение читать и понимать чужой код. Умение писать unit-тесты и понимание, зачем это нужно. Умение и желание работать в команде. Желание разбираться в предметной области. Английский язык желательно. Опыт работы с PostgreSQL, Oracle (или другими классическими базами данных) будет плюсом.  Условия:  Активная продуктовая разработка и возможность увидеть созданную с Вашим участием систему в проде. Дружелюбная, не бюрократизированная обстановка. Оформление по ТК. Комфортный офис в историческом центре Санкт-Петербурга. ДМС и страховка для путешественников. Обеды, чай/кофе, плюшки и фрукты.  Как всё устроено:  Кодовая база на Java 8+ (в новом коде используем фичи Java 11) и Kotlin. Хранение исходных кодов и код ревью в Self-Hosted GitLab. CI/CD на базе TeamCity. Использование AWS для внутренней инфраструктуры. Фреймворки и технологии (поддерживаем актуальные версии): Java 11, Spring 5, Hibernate, Infinispan, Mockito, PostgreSQL, RabbitMQ и так далее. "
"Java/Kotlin Developer (Qodana, Static Analysis Project)",https://hh.ru/applicant/vacancy_response?vacancyId=43417132,2021-08-03T12:08:44+0300,False,220000,,RUR,От 3 до 6 лет,Полный день,Java;Kotlin;,JetBrains,Москва,"At JetBrains, we have a passion for building the strongest, most effective developer tools in the world. Our tools are designed to give developers the freedom to grow, discover, and create.Over 8 million of the world&#39;s most dynamic developers speed up their workflows using our products, which help them stay focused on code design and the big picture and allow them to deliver more creative and effective results. Qodana is a new product being added to the JetBrains Team Tools lineup. It is a powerful, flexible solution for monitoring code quality. The aim of the product is to identify and suggest fixes for bugs, security vulnerabilities, duplications, and imperfections in your codebase. Our product leverages the code development experience of JetBrains tools, and it can also be integrated with a variety of other products to enhance or reinforce their features. We are looking for a talented software engineer who is eager to take on complex challenges – from code analysis execution inside the IntelliJ platform to implementing AWS integration. Every team member has their own specialization, but we still expect everyone to have a deep understanding of the product as a whole. Every engineer at Qodana plays an essential role in forming the product vision and realizing each part of it. We value everyone’s opinions and active position as much as their ability to collaborate as part of the team. What you will do:   Develop complex solutions, working with them from idea to production.   Ensure that all architectural and technological decisions are reasonable and justified.   Collaborate with other team members to influence product strategy and direction.   Design, write, and ship well-tested, reliable, and maintainable code.   Learn from your coworkers and teach others through discussions and code reviews.   Create new features from scratch and improve existing features based on research and feedback from users.   Basic Qualifications:   BA/BS degree in Computer Science or equivalent practical experience.   At least 5 years of experience in Java/Kotlin development.   Have a strong understanding of data structures and algorithms.   Have strong teamwork skills, be open to diverse opinions, and be able to support your points with sound reasoning.   Bonus Qualifications:   Experience in performance optimization and profiling.   Ability to communicate with all levels of users (internal and external). Strong problem-solving skills.   Adaptability and willingness to take responsibility for your own tasks.   Participation in OSS projects, readiness to send PRs to external tools that we use.   Knowledge of other programming languages and paradigms (Haskell, Python, Scala, Ruby, etc.).   Project technology stack:   Client-side: React, Redux, Recompose, Ring UI, Typescript.   Backend: AWS, TeamCity, IntelliJ IDEA in Docker, Java/Spring App, GitHub Apps.   Building: yarn, webpack, Babel, postcss, CSS Modules, Gradle.   Unit Testing: Karma, Mocha, Chai, Sinon, Enzyme.   Manual and screenshot testing: Storybook, Gemini.   Integration testing: TeamCity.   What we offer:   Flexible working hours, a comfortable and friendly workspace, horizontal management structure, direct communication, and helpful and engaged colleagues.   Competitive salary.   25 working days of paid leave per year.   Great team and office environment and a Happiness Manager on staff.   Fitness and leisure zones and a company-paid car park.   Additional benefits including lunch vouchers, free refreshments and snacks in the office, and more.  "
"Backend Software Engineer (Java, Kotlin)",https://hh.ru/applicant/vacancy_response?vacancyId=42323234,2021-07-15T08:17:02+0300,False,,,,От 3 до 6 лет,Удаленная работа,ООП;SQL;PostgreSQL;Java;Kotlin;C#;SCALA;k8s;Git;CI/CD;,2ГИС,Новосибирск,"В команде 2GIS World мы занимаемся разработкой множества сервисов, которые отвечают за непрерывный сбор, обработку, нормализацию и доставку подготовленных мировых картографических и справочных данных до внутренних систем. У нас дружный коллектив, в котором обсуждаем способы решения задач, выбор архитектуры, делимся техническим и бизнес опытом. Каждым может предложить идеи и высказать свое мнение по любому вопросу. Мы идем в ногу со временем, используем новейшие технологии и не боимся экспериментировать. Наше окружение использует docker, деплоится с помощью ansiblе, а работает и скейлится в k8s. При этом нам очень важен мониторинг боевых сервисов и мы делаем его в prometheus.io. Сообщаем критичные проблемы прямо в slack в специальный канал. Когда же нам нужно посмотреть динамику по данным на графиках, то на помощь нам приходит grafana, а если нужно покопаться в логах, то выручает ELK. Большая часть кода всех сервисов написана на Kotlin и Java8, но мы готовы рассматривать кандидатов, писавших на C#/Scala/etc и имеющих большое желание попробовать что-то новое. Чем предстоит заниматься   Сложными творческими задачами, не имеющими единственно верного решения   Обработкой картографических данных из разных источников   Интеграцией новых источников данных   Обеспечением бесперебойной работы сервисов   Разработкой новых сервисов и расширением функциональности существующих сервисов   CodeReview кода разработчиков и QA   Мы ждем от вас   Понимания принципов ООП / SOLID   Написания поддерживаемого, структурированного и масштабируемого кода;   Понимания принципов работы SQL, опыта написания/поддержки сложных запросов   Умения разбираться и работать с чужим кодом, работать в команде   Опыта написания многопоточных приложений   Опыта написания модульных и функциональных тестов   Опыта использования систем контроля версий (Git)   Умения аргументировать вносимые предложения и принятые решения   Умения анализировать и исправлять проблемы производительности   Знания теории алгоритмов и структур данных и умения применять их на практике   Будет плюсом   Опыт работы в *nix операционных системах   Знакомство с технологиями для реализации CI/CD gradle, jenkins, ansible, docker, k8s   Опыт работы с PostgreSQL   Опыт работы с очередями (RabbitMQ, Kafka)   Опыт работы с гео-данными (PostGIS/JTS)   Опыт разработки на Python/Golang   Работа в 2ГИС"
Software Developer (Kotlin/Java) - Big Data Tools,https://hh.ru/applicant/vacancy_response?vacancyId=46635585,2021-07-29T16:28:24+0300,False,,,,От 3 до 6 лет,Гибкий график,Java;Kotlin;,JetBrains,Санкт-Петербург,"Big Data Tools — уникальная система плагинов для платформы IntelliJ, предназначенных для работы с технологиями анализа больших данных, такими как Apache Spark, Apache Hadoop, Apache Zeppelin, а также с хранилищами данных: Amazon S3, HDFS, Azure и Google Cloud Storage. В нашей распределенной команде сейчас 10 человек, и мы ищем разработчика, который будет заниматься интеграцией с существующими облачными провайдерами, например AWS, а также поддержкой таких технологий, как Apache Kafka и Apache Flink. Мы хотим видеть тебя в своей команде, если ты:       Умеешь и любишь решать сложные и по-настоящему интересные задачи.   Хочешь улучшить IntelliJ IDEA и знаешь как именно.   Имеешь опыт разработки на Java/Kotlin от 2 лет.   Умеешь проектировать и писать код, который легко читать и поддерживать.   Понимаешь, как работает код, который ты пишешь: как он исполняется и какие алгоритмы за ним стоят.   Умеешь работать в команде (открыто относишься к другим точкам зрения и можешь аргументированно отстаивать свою позицию).   Не останавливаешься в профессиональном развитии, изучаешь и пробуешь новые подходы и технологии.   Испытываешь гордость от результатов своей работы.   И особенно если ты:   Знаком(а) с особенностями профессии дата-инженера и технологиями анализа больших данных.   Имеешь опыт работы с облачными платформами, такими как AWS и Azure.   Имеешь опыт участия в open-source проектах или ведения собственных проектов.   Знаешь другие языки и другие парадигмы (Haskell, Python, Scala, Ruby и т. п.).   Знаком(а) с технологиями создания компиляторов, анализа кода.   Какие задачи мы решаем:   Задачи, которые ставятся перед программистами, можно разделить на два типа. Первый тип — задачи, связанные с обработкой большого объема исходного кода. IDE должна на лету обрабатывать введенный код, подсвечивать в нем ошибки, предлагать варианты автодополнения, помогать быстро переходить между связанными элементами, поддерживать автоматическое выполнение рефакторингов. Второй тип задач — интеграция IDE со сторонними инструментами: системами мониторинга кластеров, интерактивными ноутбуками, хранилищами данных. Пользователю должно быть удобно работать со всеми этими инструментами, не покидая IDE.   Ты сможешь взяться за практически любую подсистему или за реализацию новой, придуманной тобой фичи.   Как устроено внутри:   Исходники хранятся в Git, часть из них есть в общем доступе на GitHub (https://github.com/JetBrains/intellij-community).   Большая часть исходного кода платформы IntelliJ написана на Java 8, есть отдельные части на Groovy, и все больше кода пишется на Kotlin.   Система плагинов Big Data Tools написана полностью на Kotlin.   Для организации командной работы используются наши собственные продукты: Space для ревью кода, TeamCity для автоматического запуска тестов и сборки продуктов, YouTrack для учета багов и фич.  "
Junior Android Developer (Java / Kotlin),https://hh.ru/applicant/vacancy_response?vacancyId=46735226,2021-08-03T11:00:56+0300,False,50000,100000,RUR,От 1 года до 3 лет,Удаленная работа,,СИКСХЭНДС,Санкт-Петербург,"Приглашаем присоединиться к молодой команде разработчиков, занимающейся созданием мобильных приложений для iOS и Android, которыми уже пользуются более 2 миллионов пользователей по всему миру. Наши фоторедакторы входят в списки лучших приложений App Store и Google Play в более чем 100 странах. Обязанности:  Нативная разработка мобильных приложений под платформу Android на Java / Kotlin  Требования:  Опыт нативной разработки под Android на Java / Kotlin Умение работать с SQL-базами данных и REST API Знание базовых принципов программирования и паттернов проектирования  Будет плюсом:  Стремление развиваться не только в направлении нативной разработки под платформу Android, но и в других направлениях (iOS, Flutter, React Native, Backend) Опыт работы графикой OpenGL / OpenCV Опыт работы с движками Unity / Unreal Engine4  Условия:  Гибкий график (согласовывается индивидуально) Удаленная работа Работа в молодой команде Решение интересных задач Рост заработной платы по мере повышения квалификации "
Kotlin разработчик,https://hh.ru/applicant/vacancy_response?vacancyId=45990080,2021-08-01T18:20:07+0300,False,,,,От 1 года до 3 лет,Полный день,Git;Java;SQL;Apache Maven;,Techport.ru,Москва,"TechPort.ru - онлайн гипермаркет представленный во множестве регионов России, ассортимент магазина составляет более 500 товарных категорий. Каждый день мы получаем и доставляем тысячи заказов. Всё это было бы невозможно без слаженной работы множества IT систем. Наша команда разрабатывает решения для автоматизации различных бизнес-процессов e-commerce платформы. Обязанности:  разработка сервисов и модулей на Kotlin; создание и обновление проектной документации; проведение code review и архитектурного надзора; участие в планировании и оценке времени выполнения задач.  Требования к кандидату:  понимание и опыт применения принципов ООП; опыт работы с Kotlin от 1,5 лет (либо опыт разработки на Java от 3-х лет и желание использовать Kotlin), участие в коммерческих проектах; опыт применения СУБД для работы с данными, умение составлять SQL запросы; опыт применения основных пакетов Spring Framework и Spring Boot; навыки работы с Apache Maven для сборки и публикации артефактов; опыт командной разработки с использованием git или другой системы контроля версий.  Будет плюсом:  технический английский, на уровне чтения документации; умение работать с очередями Kafka; опыт работы с Kotlin; знание базовых команд Linux; опыт применения инструментов Gitlab CI для непрерывной интеграции; навык работы с Docker.  Мы предлагаем:  минимум бюрократии; гибкий график и возможность удаленной работы; возможность обучаться и сертифицироваться за счёт компании; корпоративные скидки на продукцию компании; офис в 5-ти минутах пешком от метро Кантемировская. "
Middle/Senior Python Developer (переход на Kotlin),https://hh.ru/applicant/vacancy_response?vacancyId=40728652,2021-08-03T07:28:43+0300,False,140000,290000,RUR,От 1 года до 3 лет,Полный день,Python;Git;SQL;ООП;,SpectrumData,Екатеринбург,"SpectrumData – это IT компания, которая создает сервисы по обработке данных федерального масштаба. Мы разработали маркет-плейс данных для Бизнеса, и он объединяет группу сервисов по проверке: автомобилей (avtocod.ru), физических лиц (checkperson.ru), контрагентов (xfirm.ru) и объектов недвижимости (egrnreester.ru), кредитных историй физических лиц (Столичное кредитное бюро). Нашими клиентами являются Яндекс, Mail group, Газпромнефть, ВСК, Кардиф, Согласие и многие другие. Мы будем рады кандидатам, которые готовы к смене стека и переходу на Kotlin :) В свою очередь, мы помогаем сотрудникам и предоставляем обучение Kotlin. Если ты интересуешься как Kotlin, так и в целом программированием, подписывайся на наш YouTube канал &quot;Spectrumdata dev&quot; (ссылка: https://www.youtube.com/channel/UCcZykVFJA8AAlHMGPOWGU0g). Что мы любим и используем:  Kotlin; Ktor; KodeIN; Cassandra, PostgreSQL; Elasticsearch; Redis, RabbitMQ, Kafka; работу в формате agile, по TDD; code review; положительно относимся к освоению других новых технологий;  Мы будем рады видеть тебя в нашей команде, если ты:  Владеешь Python, и тебе интересно перейти на kotlin; Понимаешь концепцию ООП и REST; Пишешь тесты и стремишься к покрытию кода &gt; 95%; Знаешь SQL, умеешь писать запросы, реализовывать простые схемы хранения.  Твоим преимуществом будет, если ты владеешь какими-либо из перечисленных инструментов для работы с большими данными: Cassandra, ElasticSearch, MongoDB, Solr, Spark, Flink, Hadoop;   Умеешь ставить и декомпозировать задачи по SMART, обсуждать задачи с заказчиками.   Со своей стороны предлагаем:  Официальное трудоустройство, белую заработную плату (учитываем ожидания кандидата и его текущий уровень технических скиллов при формировании оффера, вы можете сменить стек, не потеряв в доходе); Работу в составе слаженной и грамотной команды над крупным проектом; Гибкое начало рабочего дня, офис в центре города, парковку; Пересмотр заработной платы по мере твоего развития в компании; Оплату посещения конференций и профильных курсов, а также обучение Kotlin; Современное &quot;железо&quot; и любые необходимые сервисы; Возможность компенсации переезда в Екатеринбург; Добровольное медицинское страхование; Английский за счет компании; Материальную помощь при заключении брака и рождении детей, подарки ко дню рождения, веселые корпоративы и профессиональные праздники; Unlimited coffee with cookies и оборудованную кухню в офисе :) "
"Разработчик Java (Spring, RxJava, Kotlin)",https://hh.ru/applicant/vacancy_response?vacancyId=43226512,2021-07-27T11:07:47+0300,False,,,,От 1 года до 3 лет,Полный день,Spring Framework;Java;,Ростелеком-Солар,Москва,"Ростелеком-Солар, компания группы ПАО «Ростелеком», — национальный провайдер сервисов и технологий для защиты информационных активов, целевого мониторинга и управления информационной безопасностью. Мы активно растем и расширяем команду – сейчас в наших офисах в Москве и регионах работает уже больше 1000 человек, и мы не собираемся останавливаться на достигнутом.Мы ищем Java разработчика на продукт Solar inRights, решение класса IDM, которое активно развивается и является основой высоконагруженных отказоустойчивых решений, управляющих правами доступа к информации в крупнейших российских компаниях.Обязанности:  Разработка нового функционала продукта в соответствии со спецификациями. Ревью, рефакторинг и оптимизация существующего кода. Отладка, написание модульных и интеграционных тестов. Решение сложных, нестандартных задач и профессиональное развитие. Технологии: Java 8, 16; Tomcat 9, Hibernate 5.4, spring 5.3.7, RxJava, Postgres 13, Maven, Kotlin. Инструменты: Intellij IDEA (корпоративная лицензия), а также GitLab, TeamCity, Jira, Confluence.  Требования:  Уверенное владение Java. Знание и умение применять основные паттерны проектирования. Навык чтения и изменения чужого кода. Опыт участия в разработке высоконагруженных, отказоустойчивых web-приложений. Опыт работы с реляционными СУБД, умение читать и писать сложные запросы. Умение адаптировать уже написанные части кода к новым задачам. Знание английского языка на уровне свободного чтения технической литературы. Приветствуем инициативность, поощряем самостоятельность.  Условия:  Отличная команда профессиональных коллег. Реальные возможности для развития и реализации профессиональных идей и амбиций. Возможность поработать над передовым проектом в сфере кибербезопасности. Гибкий график и индивидуальный подход к возможностям и потребностям каждого – мы человечные и этичные. Социальный пакет: ДМС, оплата обучения, скидки на фитнес и другие партнерские программы, бесплатный доступ к корпоративным библиотекам с сотнями книг, врач в офисе и 10 дополнительных дней оплачиваемых отгулов. Возможна полностью удаленная работа. "
Kotlin Backend Developer,https://hh.ru/applicant/vacancy_response?vacancyId=41711824,2021-08-04T11:13:22+0300,False,,,,От 3 до 6 лет,Полный день,ООП;Java;SCALA;Java SE;JSP;Kotlin;Backend;,Каршеринг Руссия,Москва,"Обязанности:  Участие в разработке каршеринга №1 в России; Разработка микросервисов (проектирование, кодирование, ревью).  Требования:  Опыт промышленной разработки от 3-х лет; Опыт разработки на Spring Boot; Уверенные знания Kotlin для backend разработки; Понимание принципов ООП (SOLID, шаблоны проектирования GOF и Еnterprise); Опыт работы с реляционными СУБД (понимание транзакций / уровней изоляций, знание нормальных форм, проектирование и оптимизация); Опыт работы с Kubernetes.  Будет плюсом:  Знание других языков программирования (JS/TS, Scala); Опыт работы с NoSQL базами данных; Понимание гибких процессов разработки.  Условия:  Работа в международном и развивающемся по всему миру сервисе; Классная команда профессионалов, влюбленных в бизнес Современный офис недалеко от м. Преображенская площадь (7 мин) или м. Электрозаводская (15 мин); Скидки на каршеринг; Обеды; ДМС после испытательного срока. "
Java/Kotlin Tech lead,https://hh.ru/applicant/vacancy_response?vacancyId=40872530,2021-08-04T11:03:32+0300,False,,320000,RUR,От 3 до 6 лет,Полный день,Java;Spring Framework;PostgreSQL;REST;API;Kubernetes;Kotlin;,Prequel,Москва,"Prequel — это не просто один из лучших фото- и видеоредакторов на мировом рынке, но и настоящее творческое комьюнити. Наша миссия — вдохновлять людей по всему миру рассказывать свои истории, высказываться и выражать себя через контент, а все инструменты Prequel помогают достичь желаемого результата буквально в одно касание. А еще за плечами у Prequel коллаборации со всемирно известным брендами. Нашим приложением пользуются звезды, мировые бренды, лидеры мнений (и, вероятно, кто-то из твоих друзей). А еще нас очень любят Gen Z, поэтому мы в Prequel не стареем. Каждый день Prequel используют больше 2 млн. человек, а в месяц создается больше 70 млн. приквелов. Еще немного статистики: продукт в релизе с 2018 года, и за это время мы не раз занимали верхние точки в сторах по всему миру (стабильно в ТОП-15 по США, а недавно – в ТОП-3). Средняя оценка в AppStore — 4.8 (Prequel — практически отличник, чем мы гордимся). Мы не привыкли мыслить «в рамках» — мы ценим креатив, свободу самовыражения и стремление развиваться дальше и дальше. На достигнутых результатах мы не останавливаемся и мы ищем тех, кто будет помогать нам покорять сердца новых пользователей, создавая что-то гораздо большее, чем фото- и видеоредактор. Сейчас мы в поисках талантливого и увлеченного Tech Lead Java/Kotlin, который будет делиться с коллегами своими идеями и вкладываться в развитие продукта и комьюнити. С чем предстоит работать:  Вести серверную архитектуру и прорабатывать межсервисного взаимодействие; Разрабатывать архитектуру, способную выдержать десятки тысяч RPS; Создавать сервисы с нуля на Java/Kotlin; Создавать и оптимизировать схемы хранения данных; Принимать участие в создании культуры бэкенда в компании.  Что мы хотим видеть:  Опыт работы с Java/Kotlin от 3 лет; Глубокое понимание Spring Boot; Хорошее понимание многопоточного программирования; Понимание принципов построения HL/HA решений; Опыт работы с реактивным программированием: spring webFlux/netty/kotlin couroutines; Опыт работы с PostgreSQL или другими РСУБД от 3 лет; Опыт создания *RPC API / REST API; Понимание принципов эксплуатации и мониторинга сервисов; Опыт работы с Kubernetes.  Будет плюсом:  Опыт работы с шардированными кластерами PostgreSQL; Опыт работы с GRPC и Protobuf; Опыт работы с нагруженными кластерами Redis или Memcached; Опыт работы с Kafka или RabbitMQ; Опыт создания микросервисов с нуля - опыт эксплуатации S3-like хранилищ.  Мы предлагаем:   Мы предлагаем:   Стильный офис на Менделеевской с зеленой террасой на крыше с видом на центр Москвы и потрясающими закатами или полностью удалённая работа;   Работа в успешном продукте с мировой аудиторией;   Увлекательные, креативные и разноплановые задачи;   Возможность получить ценный опыт на одном из самых сложных и интересных рынках в мире;   Постоянное саморазвитие, возможность карьерного роста и поддержка от команды;   Гибкий график: можно начинать работать в 11 (если ты не фанат ранних подъемов и пробок), а можно с 9 или 10;   Движовый коллектив, с которым интересно решать рабочие креативные задачи и неформально проводить время — мы любим ходить на пикники, устраивать корпоративы, играть на музыкальных инструментах и готовы к любым предложениям с твоей стороны;   Оформление по ТК, ДМС со стоматологией после испытательного.   Что предстоит сделать, чтобы стать частью Prequel:   Откликнуться на вакансию;   Пообщаться с нашим HR отделом;   Пройти интервью с членами твоей будущей команды.  "
Разработчик под Kotlin Multiplatform Mobile (iOS+Android),https://hh.ru/applicant/vacancy_response?vacancyId=45699401,2021-08-02T09:27:08+0300,False,,,,От 1 года до 3 лет,Удаленная работа,Android;iOS;Kotlin;,Улыбка радуги,Санкт-Петербург,"Online отдел Улыбки радуги - это сильная и молодая команда специалистов в сфере интернет и мобильной разработки. Мы создаём не просто приложение с интернет-магазином, а красивое, удобное и полезное Super app, которым пользуются в разных регионах страны. Команда реализует идеи по предугадыванию покупательского пути, накоплению клиентами достижений и другие геймификации. С 2016 года мы реализуем самые новые практики отрасли e-commerce. Как пример запустили express доставку за час и Scan&amp;Go. Подход к разработке, применяемые технологии, профессиональная команда и процессы у нас сравнимы с высокотехнологичными компаниями. Мы ищем специалиста для подключения общих программных модулей с переиспользованием имеющихся решений между платформами. Вам предстоит:  Связывать View и кроссплатформенные мобильные компоненты Разработать мобильное приложение на базе iOS и Android от обсуждения идеи до запуска которым пользуется более миллиона покупателей по всей России Подготовить сборку и опубликовать приложение в App Storе Участвовать в принятии решений об архитектуре нового приложения  Что для этого нужно:  Опыт коммерческой разработки iOS-приложений от 3-х лет Хорошее знание Swift, платформы iOS, гайдлайнов Apple Понимание Kotlin и Java (в разрезе разработки приложений для Android) Опыт работы с Git  Будет плюсом:  Опыт коммерческой разработки для мобильных устройств на базе Android SDK от 3-х лет Опыт разработки с использованием Kotlin for Cross-Platform Mobile Development (KMM, KMP) Понимание Clean Architecture, Clean Swift Наличие собственных опубликованных приложений в App Storе и Google Play или приложений которые создавались с вашим значительным участием Опыт разработки приложений со сложным UI  Что мы предлагаем:  Работа в Scrum фреймворке (LeSS friendly) Оформление по ТК РФ, включая ДМС Система контроля версий git, ветвление по GitFlow Заработная плата обсуждается индивидуально с успешным кандидатом Работа из дома или, по желанию, в современном БЦ у ст.м. Электросила График работы 5/2 с плавающим началом рабочего дня Корпоративная VIP-карта на продукцию "
Senior Software Developer Kotlin (Space),https://hh.ru/applicant/vacancy_response?vacancyId=22908012,2021-07-11T14:05:41+0300,False,200000,,RUR,От 3 до 6 лет,Полный день,,JetBrains,Москва,"Мы разрабатываем новый продукт для команд разработчиков, на собственном языке программирования - Kotlin, причем используем компиляцию в JVM и JavaScript. У нас будет интересно, если:  Вам интересно попробовать Kotlin &quot;в деле&quot;. Вы хотите принимать продуктовые решения и повлиять на то, каким будет продукт(и каким не будет). Вам хочется быть на переднем крае технологий. Вы хотите заняться созданием абсолютно новых инструментов для команд разработчиков и не только. Вам небезразлична атмосфера стартапа. Вас привлекает работа в сильной команде.  Как устроено внутри:  Исходный код — только Kotlin. В разработке используем все модные технологии. Для организации командной работы используются наши собственные продукты: Upsource для ревью кода, TeamCity для автоматического запуска тестов и сборки продуктов, YouTrack для учёта багов и фич. Сами уже используем свой продукт. Наша команда не пишет IDE.  Чего мы ждем от вас:  Опыта разработки на Java и/или C# и/или Kotlin. Умения решать сложные задачи в реальных условиях.  И/или  Отличного знания алгоритмов и структур данных. Уникального умения создавать простые и мощные архитектурные решения. Способности быстро разбираться в деталях многочисленных технологий. Экспертизы в одной из следующих областей: создание высоконагруженных серверных решений с высокой степенью отказоустойчивости и масштабируемости; создание full-stack приложений с поддержкой сложного состояния клиента (offline, poor connection, optimistic updates, live updates, stateless server, etc...). "
"Senior Java Developer with Kotlin Experience, Delivery System",https://hh.ru/applicant/vacancy_response?vacancyId=46428212,2021-07-29T19:14:47+0300,False,,,,Более 6 лет,Гибкий график,,DataArt,Краснодар,"О работе Клиент — инновационный B2C-стартап в ритейл-индустрии. Сервис гарантирует конечным пользователям их сервиса доставку продуктов в течение 15 минут. Это реализовано благодаря магазинам (dark store), которые расположены по всему городу и развитой системе предсказания заказов (реализована на базе ML алгоритмов). Проект растет, а обеспечивать стабильность роста системы планируют за счет аутсорсинга. Мы собираем 2 команды из Java- и Python-разработчиков для работы над развитием бэкенда. Процессы выстроены по Agile-принципу (Scrum) с двухнедельными итерациями и релизами каждую итерацию. Тестирование проводится на уровне юнит-тестов и мануального тестирования. Архитектура реализована на основе микросервисов. База данных — PostgreSQL. Кодовая база — Java / Kotlin, Python. Также, мы готовы рассматривать кандидата с низким уровнем английского или без него, который присоединится в нашу команду. Обязанности  Разработка новой функциональности бэкэнда системы: 60%—80% Поддержка / отладка, исправление багов: 10%—25% Общение с командой: 5%—10% Общение с клиентом: 0%—10% Работа с документацией: 0%—5%  Требования  5+ лет опыта разработки Java Enterprise-приложений. Отличное знание Java. Опыт работы с Kotlin 4/5. Опыт создания REST API. Опыт работы с PostgreSQL. Опыт работы с RabbitMQ, Kafka. Опыт работы с микроcервисной архитектурой. Владение объектно-ориентированным программированием (OOP), объектно-ориентированным проектированием (OOD) и паттернами проектирования (design patterns). Опыт работы с Docker. Опыт в Agile-методологии (SCRUM).  Будет плюсом  Разговорный английский. Опыт работы с Event Sourcing, CQRS. Опыт работы с Kubernetes.  DATAART ПРЕДЛАГАЕТ:  Профессиональное развитие:- Опытные коллеги готовы делиться знаниями.- Возможность менять проекты, стек, пробовать себя в разных ролях.- Более 150 внутренних курсов повышения квалификации.- Изучение и практика английского: курсы, общение с коллегами и клиентами из разных стран.- Поддержка докладчиков, выступающих на конференциях и встречах технологических сообществ. Возможность сосредоточиться на работе: отсутствие бюрократии и микроменеджмента, удобные корпоративные сервисы. Дружеская атмосфера, забота о комфорте специалистов. Гибкий график (есть присутственные часы), возможность работать удаленно по согласованию с коллегами. Возможность поработать в любом нашем центре разработки. "
Senior Kotlin / Java разработчик,https://hh.ru/applicant/vacancy_response?vacancyId=46672556,2021-08-02T18:29:42+0300,False,200000,,RUR,Более 6 лет,Гибкий график,,Эквид,Санкт-Петербург,"❑ Что мы делаем: Мы разрабатываем самую крутую SaaS-платформу для ведения бизнеса в интернете. Попробуем объяснить через аналогию. Если вы хотите платформу для разработки — вы используете GitHub. Если для online-торговли — Ecwid. У нас уже больше шести миллионов клиентов в 176 странах и конца этому не видно. ❑ Что предстоит делать: Разрабатывать новые фичи и фиксить баги, а если по простому — писать код. Дизайном заниматься не надо, версткой заниматься не надо, тексты придумывать не надо, общаться с какими-то мифическими «заказчиками» не надо. Для этого у нас в команде есть другие люди и вот как раз они любят верстку, дизайн и тексты. В наших процессах есть доброжелательный code review, CI, автотесты и десятки релизов в день. В нашей инфраструктуре 50+ микросервисов, сотни терабайт трафика, Kotlin, Elm, Java, Kubernetes, PostgreSQL, Redis, SOLR, ClickHouse и ещё всякое.❑ Кого мы ищем:  хорошего, опытного инженера, желающего писать код на Kotlin, Java и TypeScript. Если вы не знаете Kotlin и Java — ничего страшного, ведь наверняка знаете что-то другое (Ruby/Python/Erlang/JavaScript/C#/C++ etc.)? По нашему опыту — переучиться не так долго и сложно (80% наших инженеров приходили без знания Java) знание и опыт работы с web-технологиями, реляционными базами и распределенными системами. Да, Ecwid большой и сложный, но, очень сильно упрощая, с одной стороны продукта web-морда (большая и сложная, да), а с другого конца — реляционная база (нагруженная, через кучу кешей и оптимизаций, но база). Все это размазано по достаточно большому кластеру на нескольких континентах. общие знания о том, как устроены самые разные штуки в CS/IT (браузер, файловая система, CPU L1 cache, операционка, хвостовая рекурсия, DNS, пузырьковая сортировка, regexp) можете посмотреть наши тестовые — ecwid.to/dev  ❑ О нас:— Официальное трудоустройство. Выплачиваем белую зарплату на банковскую карту два раза в месяц (а не в конверте) и делаем все налоговые отчисления.— Каждый важен. Ежедневно мы улучшаем продукт и внутренние процессы. Большая команда, хорошие горизонтальные связи дают возможность любому сотруднику проявить себя и повлиять на работу всей компании.— Уверенность в завтрашнем дне. Нам &gt;11 лет, мы прибыльные и самоокупаемые: четыре офиса в России (Санкт-Петербург, Ульяновск, Самара, Владивосток) и офис в США. В 2020 году мы получили раунд инвестиций в $42 млн.— Ценим достижения.Каждое полугодие отслеживаем прогресс на performance review и пересматриваем зарплату: при достижении целей зарплата вырастает, но уменьшаться никогда не будет.— Заботимся. Работаем на быстрых Apple MacBook Air/Pro, которые обновляем по необходимости. В случае необходимости оплатим книги и курсы.— Экономим время и нервы. Консьерж-сервис решает любые бытовые проблемы, от поиска саженцев до переезда, а штатный психолог готов прийти на помощь в сложной жизненной ситуации.— Гибкий график. Стараемся быть каждый день в офисе, но всегда можно поработать из дома, если нужно дождаться курьера или работников коммунальных служб. Заболев, тоже лучше остаться дома на пару дней.— Онбординг. Все расскажем, покажем, проведем буткамп. Не бросим наедине с собой и новыми задачами."
Kotlin Backend Developer,https://hh.ru/applicant/vacancy_response?vacancyId=46481677,2021-07-23T14:41:59+0300,False,,,,Нет опыта,Удаленная работа,Kotlin;PostgreSQL;MongoDB;Spring Framework;Ktor;Docker;Ansible;Swagger;Git;,Seven Winds Studio,Новороссийск,На проект требуется серверный разработчик на Kotlin.Навыки: -Spring/Ktor-PostgreSQL/MongoDB-Docker-Ansible-Swagger-GitРазработка проекта по Скраму. Оплата по часам. Проект планируется в разработку на 4 месяца.По указанному номеру доступны WhatsApp и Telegram
Программист Java/Java Developer/Kotlin,https://hh.ru/applicant/vacancy_response?vacancyId=45729141,2021-08-04T12:54:19+0300,False,,,,От 1 года до 3 лет,Удаленная работа,Kotlin;Java;Spring Framework;PostgreSQL;,СБЕРКОРУС,Челябинск,"Кто мы: СберКорус – дочерняя компания Сбербанка. Важным направлением работы компании является участие в строительстве цифровой экосистемы Сбербанк и мы являемся 100% дочерней компанией Сбера. При этом мы отличаемся от Сбебанка: у нас нет бюрократии, больше свободы в процессах, только новые проекты без легаси, нет длительных собеседований и проверок СБ. Мы делаем продукты и сервисы быстро, качественно и запускаем их на аудиторию в 1,5 млн юридических лиц. Ищем Java Developer в молодой проект по разработке сервиса по установлению индивидуальных тарифов ключевым клиентам Банка Технический стэк проекта:  Java 8, Kotlin; JMS; JOOQ; REST; Spring framework; SQL, Oracle; Maven; GIT.  Необходимые технические компетенции:  JavaSE – от 4 лет; JavaEE (JAX-RS, JAX-WS, JMS); Spring framework; SQL; Maven; GIT; XML/XSD; Kotlin -будет преимуществом; YML - будет преимуществом.    Что вас ожидает:  Официальное оформление согласно ТК РФ, с полностью белой заработной платой и отпуском 28 календарных дней; Конкурентный уровень заработной платы, который обсуждается на собеседовании; Премии по результатам работы; Ежегодное повышение уровня дохода по результатам аттестации; График работы – стандартный, но с гибким подходом (гибкое начало и окончание рабочего дня); Корпоративные курсы английского языка. А также собственный учебный центр с доступом к семинарам, вебинарам, библиотеке электронных курсов и бизнес-публикаций (для развития технических и бизнес-навыков с возможностью поднять свой уровень); ДМС и корпоративная сотовая связь; Возможность внести свой вклад в реализацию интересных и амбициозных проектов с участием крупнейших российских и международных компаний; Мы меняемся и развиваемся, для этого организуем корпоративный отдых,внешнее обучение и прочие мероприятия как для полезного, так и для приятного время препровождения.   "
Программист Java/Kotlin (junior),https://hh.ru/applicant/vacancy_response?vacancyId=44614745,2021-07-27T09:21:55+0300,False,25000,40000,RUR,Нет опыта,Полный день,Java;PostgreSQL;SQL;Git;Java SE;,Единый Расчетный Центр,Барнаул,"  Система &quot;Город&quot; - ведущая компания Алтайского края, работающая в сфере сбора и обработки платежей за жилищно-коммунальные и другие виды услуг. Обязанности: Участие в разработке и сопровождении биллинговых систем Требования: Высшее техническое образование (студент последнего курса) Хорошее знание JAVA или Kotlin и опыт объектно-ориентированного программирования. Знание теории баз данных и хорошее знание SQL Приветствуется: Знание и опыт Spring Framework, Spring Boot, JPA, Hibernate; Опыт работы с реляционными СУБД Oracle или Postgresql Опыт написания тестов Умение использовать Git Условия: Пятидневная рабочая неделя, с 8-00 до 17-00 или с 9-00 до 18-00; Официальное трудоустройство в соответствии с Трудовым кодексом Российской Федерации, полный соцпакет. Рост заработной платы по мере роста квалификации.  "
Android Engineer со знанием Kotlin (удалённая работа),https://hh.ru/applicant/vacancy_response?vacancyId=46720774,2021-08-02T18:32:51+0300,False,130000,150000,RUR,От 3 до 6 лет,Удаленная работа,Android SDK;Android;Kotlin;,OysterLabs,Симферополь,"Приглашаем в команду опытного Android разработчика со знанием Kotlin. Удалённая работа. Основные задачи:— Разработка и проектирование нового функционала мобильных Android приложений с использованием Kotlin— Дальнейшее развитие и поддержка проекта— Общение и работа в команде Требования:— Опыт работы с Kotlin. Примеры проектов и своего кода— Знание и опыт работы с Android SDK— Понимание UI/UX patterns— Знание английского Плюсом будет:— Знание и опыт работы с Java— Понимание работы клиент-серверных систем— Опыт разработки финансовых или платежных приложений С нашей стороны:— Достойная, своевременная оплата труда— Возможность прокачивать навыки и учиться новому— Гибкий график работы— Дружный коллектив"
Middle / Senior Android developer (Kotlin),https://hh.ru/applicant/vacancy_response?vacancyId=46413581,2021-08-02T13:19:40+0300,False,,350000,RUR,От 1 года до 3 лет,Полный день,Android;Java;Kotlin;ООП;MVVM;RxJava;,Level.Travel,Москва,"Level.Travel - разработчик traveltech платформы и сервиса бронирования туров онлайн. Нашу технологическую платформу использовали для запуска продаж туров лидеры: «Яндекс», «Связной Тревел», «Рамблер», «OneTwoTrip» и многие другие. В 2021 году мы получили инвестиции Baring Vostok - крупнейшего IT-инвестора страны, чтобы создавать новые технологические решения и продолжать менять туристическую индустрию. Задачи:  Разработка приложения со сложным UI в команде разработчиков Построение архитектуры Реализация клиент-серверного взаимодействия Написание тестов  Необходимые навыки:  От 2-х лет в коммерческой разработке на Android Знание Java/Kotlin Знание архитектурных паттернов (MVVM / Clean Architecture), ООП Знания цикла работы приложения, управления памятью Опыт работы или понимание RxJava, RxAndroid, Retrofit, Dagger2, Android Data Binding Понимание Android Architecture Components будет плюсом CI / CD Все тонкости работы с клиент-серверной архитектурой Умение отлаживать приложение, профилирование кода  Бонусы  Гибридный график на время пандемии; Работаем по скраму с 2-х недельными итерациями; Оформление по ТК РФ, &quot;белая&quot; заработная плата, оплата больничных и отпусков; Компенсация 50% стоимости обучения и профильных мероприятий; ДМС со стоматологией, скидки на путешествия, скидки на английский, скидки в кино; Регулярные встречи и аттестации по результатам работы, система грейдов; Обучающие митинги внутри команды, делимся опытом и знаниями; Пару раз в год отправляем команды поработать удаленно в другую страну (по желанию); Душевно-семейная атмосфера в компании, неформальная обстановка, отсутствие бюрократии; Своя кухня, кофемашина, пицца по праздникам. Пинг-понг, бильярд, кальян и другие развлечения в офисе; "
Java/Kotlin Developer - CB Liquidity,https://hh.ru/applicant/vacancy_response?vacancyId=46622196,2021-08-04T11:52:27+0300,False,,,,От 3 до 6 лет,Полный день,Atlassian Jira;Git;SQL;Java;Kotlin;,Deutsche Bank Technology Center,Москва,"Deutsche Bank is a leading global provider of cash management, trade finance and securities services, delivering the full range of commercial banking products and services for both corporates and institutions worldwide. The bank is heavily investing in a world class technology organization and new innovative technology platforms to create the best-in-class banking services to its clients. Position Description Liquidity Management IT is hiring bright backend Engineers to work on projects in the area of Liquidity Management. The projects are the large-scale transformation of the application landscape, building modular architecture, delivering new products and services, and serving as foundation for new business/revenue models. Successful candidate will join the agile development team and be responsible for full life-cycle of development tasks, starting from specification and design to successful implementation and level 3 production support. Main focus will be on delivery of reliable and high performance backend services. He/she will report to the team lead located in Russia, and will work in close collaboration with the respective business departments and local and remote developers/analysts/project managers from partnering teams. Duties And Responsibilities  Design and develop new functionality Working with the team on functional and non-functional requirements, technical analysis and design Coding and testing, reviewing other team member’s changes Document business and functional requirements, design decisions and API Co-working with QA team on test automation of new and existing functionality Contribute to the definition of the future state of the system architecture When product and architecture experience gained, mentor and direct more junior developer  Experience / Requirements (Required) Technical Skills:  Good hands-on knowledge of core Java/Kotlin – 3+ years Good knowledge of math and algorithms/complexity Experience designing and implementing high availability solutions Experience designing and implementing microservices Basic knowledge of SQL Basic knowledge of Linux Good written and spoken English Hands-on knowledge of Spring, Swagger/OpenAPI, Maven is a big plus Hands-on knowledge of modern Web UI technologies is a plus Experience with modern SDLC tools - Git, JIRA, Artifactory, Jenkins/TeamCity, OpenShift - is a plus  Soft Skills:  Problem solving, ability to take ownership of a task until its completion, rather than simply coding Good communication skills Good team player, open to communicate and collaborate Eager to learn about new technology and gain new skills as required Attention to details, discipline  What we offer  Flexible working hours Partially remote work Comfortable office located in the city center Extended insurance package: medical and life insurance + partial coverage for spouse and children Plenty of professional learning opportunities: English courses, professional trainings and certification, conferences participation Relocation package (for new-joiners from other locations) "
Senior MLOps Engineer (Java/Kotlin),https://hh.ru/applicant/vacancy_response?vacancyId=44554435,2021-07-12T13:05:57+0300,False,300000,,RUR,От 3 до 6 лет,Гибкий график,,Joom,Москва,"Joom — международный мобильный маркетплейс, самый быстрорастущий e-Commerce сервис Европы. Первую версию приложения мы запустили летом 2016-го года, к текущему моменту у нас более 400 миллионов установок по всему миру. Компания растет и во многих направлениях активно применяется машинное обучение (ранжирование товаров в поиске и ленте, определение дублей товаров, uplift-моделирование, рекламная крутилка, закупка внешней рекламы и многое другое). В связи с этим мы активно развиваем собственное направление ml инфраструктуры, чтобы облегчить жизнь другим ml инженерам в компании и установить высокие стандарты по качеству, управляемости и надежности внедряемых решений. На данный момент в компании уже используется общий Feature Store (для работы с факторами на этапах от сбора датасетов до применения моделей в runtime, обрабатывающий запросы о миллионах товаров каждую секунду), большинство данных, использующихся в моделях, проходят различные этапы валидации, для runtime применения моделей используется доработанный tf-serving. Какие задачи предстоит решать:  разрабатывать, поддерживать и развивать общие компоненты, необходимые ML командам в компании (feature store, системы мониторинга, распределенного обучения); разрабатывать пайплайны и сервисы для работы с факторами и управления их жизненным циклом; инструменты для автоматизации деплоя новых факторов и ML моделей; Повышать надежность, отказоустойчивость, масштабируемость и производительность ML сервисов; внедрять общие инструменты для Continuous Integration/Deployment/Training работать над стандартизацией процессов в области машинного обучения в компании для дальнейшего масштабирования и упрощения процесса внедрения новых ml-решений.  Стек:  Languages: Java, Kotlin, Scala; Infrastructure: AWS, k8s, docker, prometheus; ML: tf-serving, catboost, tf, faiss; Data Processing: spark, airflow, flink; Storages: kafka, cassandra, mongo.  Требования:  знание базовых алгоритмов и структур данных; уверенное понимание математики / статистики лежащих в основе базовых ml алгоритмов; уверенное владение одним из языков программирования (Java/Scala/C++/Go/Python); опыт работы backend / ML разработчиком; опыт внедрения и поддержки ML-моделей.  Будет плюсом:  практический опыт решения различных ML задач (ex. CV, NLP, Ranking, Clustering); опыт работы c распределенными ML пайплайнами; опыт работы с системами контроля экспериментов.  Идеальный кандидат для нас — это сильный backend разработчик, имеющий практический опыт применения ML в production системах и понимающий проблемы внедрения и дальнейшей эксплуатации ML-систем. Условия работы:   красивый и удобный офис в районе м. ЦСКА/Динамо;   релокационный пакет для соискателей не из Москвы;   белая зарплата;   пакет акций компании;   гибкий график;   любое оборудование для работы на выбор;   ДМС (в т.ч. для детей) и 100% оплачиваемые больничные;   ипотечная программа после двух лет работы;   бесплатная парковка;   корпоративные обеды.  "
Преподаватель по программированию Java/Kotlin,https://hh.ru/applicant/vacancy_response?vacancyId=45458182,2021-07-29T19:35:13+0300,False,106000,,RUR,От 3 до 6 лет,Полный день,Преподаватель;,ФГБОУВО МИРЭА,Москва,"Обязанности:  Проводить учебные занятия, контролировать и оценивать освоение студентами дисциплин бакалавриата, магистратуры (аспирантуры) Руководить практикой и выпускными работами студентов бакалавриата и магистратуры, участвовать в проведение государственной итоговой аттестации в составе экзаменационной комиссии Осуществлять учебно-методическую деятельность, разрабатывать и обновлять рабочие программы и учебно-методические комплексы учебных курсов, создавать и обновлять учебники и учебные пособия Организовывать научно-исследовательскую деятельность студентов, участвовать в проведении студенческих научных конференций, конкурсов проектных и исследовательских работ обучающихся Организовывать и руководить научно-исследовательскими работами в области информационных технологий. Участвовать в конкурсах научно-исследовательских проектов РФФИ, РНФ и других научных фондов, в федеральных целевых программах. Публиковать монографии, статьи в зарубежных научных изданиях, входящих в базы WoS и Scopus, активно участвовать в российских и международных симпозиумах и конференциях по тематике научных исследований.  Требования:  Наличие ученой степени доктора наук и кандидата наук. Опыт программирования на Java или Kotlin. Опыт разработки клиент-серверных приложений. Опыт оформления и документированию программного кода. Планирование и проведение различных видов тестирования программных систем. Работа с системами отслеживания ошибок, Bugzilla. Работа с технологиями автоматизации тестирования (программное обеспечение выбирает преподаватель): Apache Jmeter, Robot Framework, Selenium.  Условия:  Оформление в штат в соответствии с ТК РФ По результатам полученных резюме и материалов, кандидат может быть включен в кадровый резерв РТУ МИРЭА для последующего назначения на соответствующую должность ППС в установленном порядке Возможно предоставление общежития для проживания (при наличии свободных мест) Гарантированная заработная плата на полную ставку доцента 106 000 руб. или профессора 124 000 руб. + доплата как молодому специалисту (например: если доцент к.н.возрастом 31-34 лет. - доплата 20 000-25 000 руб.)+стимулирующие выплаты в соответствии с Положением об оценки эффективности деятельности (пример: За каждую статью в Web of Science и/или Scopus, где есть ссылка на журнал, поддерживаемый РТУ МИРЭА (квартиль Q1, article или review) - 390 000 руб. (в доле количества соавторов) тоже самое Q4 - 135 000 руб..Победа обучающегося и/или сборной обучающихся в международной олимпиаде (по утвержденному списку) - 300 000 руб. единоразово и много других критериев стимулирования ППС "
Java/Kotlin developer,https://hh.ru/applicant/vacancy_response?vacancyId=46599745,2021-08-04T11:41:23+0300,False,,370000,RUR,От 1 года до 3 лет,Полный день,Java;JavaScript;,ЛИПТ Софт,Санкт-Петербург,"Липтсофт - генеральный it-партнер банка &quot;Санкт-Петербург&quot;. Мы автономная компания с быстрыми процессами и уютной атмосферой. Сейчас расширяем команду разработки интернет-банкинга. Мы практикуем экстремальное программирование, TDD и всегда открыты к интересным и целесообразным техническим экспериментам.   Что предстоит делать:  Проектировать и создавать микросервисы, решающие бизнес-задачи банка; Развивать собственную инфраструктуру для поддержания отказоустойчивости и мониторинга внутренних компонентов.  Что для нас важно:  Опыт разработки на Java/Kotlin от 1 года; Отсутствие аллергии на фронт, так как 15-20% рабочих задач будут именно фронтовыми; Опыт в написании тестов и желание их писать; Уверенное владение SQL.  Стек: Осталась часть монолита, который мы поддерживаем:  JS с jQuery Java 14 (Play framework)  Микросервисы, которых все больше и больше:  Kotlin (Ktor)  Тестирование: JUnit, Mockito, Karma, Jasmine, Selenide Что у нас интересного:  Высокий уровень дохода. Отталкиваемся от уровня знаний и опыта кандидата; Наша команда: небольшая, без бюрократии, с минимумом шагов от идеи до реализации; Нам не важен пол и возраст. Все решает твое отношение к работе и hard skills; Экстремальное программирование: работа в парах, недельные спринты; Не боимся экспериментов с любыми доступными технологиями и решениями; Оплачиваем участие в конференциях и техническую литературу; Регулярные премии и бонусы по результатам работы. Гибкий график, ДМС (со стоматологией), курсы английского в офисе, абонемент в спортзал; "
Android Developer (Java/Kotlin),https://hh.ru/applicant/vacancy_response?vacancyId=39227048,2021-07-28T13:02:49+0300,False,,,,От 1 года до 3 лет,Гибкий график,Android;Android SDK;Git;Java;Kotlin;ООП;,KODE,Томск,"KODE – один из лидеров страны в сфере мобильной разработки. Мы занимаем 1 место среди разработчиков дизайна мобильных приложений и 2 место среди мобильных разработчиков по версии рейтинга Рунета 2020 года. Выбираем сложные и интересные проекты из различных сфер бизнеса и выступаем технологическими партнёрами бизнеса, помогая заказчику развивать их digital-сервисы. Уютный офис в центре города, дружелюбный коллектив, гибкость и открытость общения делают работу в KODE увлекательной и максимально комфортной. У нас появляется все больше проектов, поэтому мы расширяем команду Android-разработчиков. Исходя из опыта и интересов кандидата, мы делаем выбор, на какой именно проект его подключить. Готовы тебе доверить:  проектировать программный дизайн приложений; писать качественный, промышленный код; проводить декомпозицию скоупа задач; взаимодействовать с аналитиками, дизайнерами и тестировщиками; хорошо думать :)  Что мы ждём:   опыт разработки под Android от 1 года;   знание и понимание ООП и паттернов проектирования, СУБД;   знание Java и Kotlin, Android SDK 5.0 (API Level 21+);   понимание принципов SOLID, DRY и других;   понимание принципов Clean Architecture;   опыт применения и понимание паттернов MVVM, MVP, MVI и других;   Material Design Guidelines;   Architecture Components: ViewModel, Room, LiveData, Paging Library и т.д.;   умение писать аккуратный читаемый код, а также разбираться в чужом коде;   знание английского языка на уровне чтения технической документации;   ответственный подход к делу и внимательность к деталям.   Условия:  официальное оформление по ТК; работа в продуктовой команде, используя современный стек разработки; возможность влиять на развитие проекта и компании; возможность профессионального развития и карьерного роста (ревью, командная технологизация, шаринг опыта, планы развития); возможность делиться экспертизой (написание статей и выступления на конференциях); дружеская атмосфера в команде; график paбoты:  гибкий рабочий день (начало работы с 8 до 12); каждую неделю выделяется до 4 часов рабочего времени для саморазвития и личных проектов; гибридный формат работы (офис+дистанционно); один оплачиваемый отгул в месяц.   свой дом-офис в центре города. В офисе – полноценная кухня с вкусным чаем/кофе, полезные сладости и свежая утренняя выпечка, бутерброды и плита/гриль/тостер для приготовления обедов, обустроенный лаунж со спортивными тренажёрами и беговой дорожкой, Playstation, кикером.    "
Программист Java/Java Developer/Kotlin,https://hh.ru/applicant/vacancy_response?vacancyId=45729140,2021-08-04T12:54:19+0300,False,,,,От 1 года до 3 лет,Удаленная работа,Kotlin;Java;Spring Framework;PostgreSQL;,СБЕРКОРУС,Пермь,"Кто мы: СберКорус – дочерняя компания Сбербанка. Важным направлением работы компании является участие в строительстве цифровой экосистемы Сбербанк и мы являемся 100% дочерней компанией Сбера. При этом мы отличаемся от Сбебанка: у нас нет бюрократии, больше свободы в процессах, только новые проекты без легаси, нет длительных собеседований и проверок СБ. Мы делаем продукты и сервисы быстро, качественно и запускаем их на аудиторию в 1,5 млн юридических лиц. Ищем Java Developer в молодой проект по разработке сервиса по установлению индивидуальных тарифов ключевым клиентам Банка Технический стэк проекта:  Java 8, Kotlin; JMS; JOOQ; REST; Spring framework; SQL, Oracle; Maven; GIT.  Необходимые технические компетенции:  JavaSE – от 4 лет; JavaEE (JAX-RS, JAX-WS, JMS); Spring framework; SQL; Maven; GIT; XML/XSD; Kotlin -будет преимуществом; YML - будет преимуществом.    Что вас ожидает:  Официальное оформление согласно ТК РФ, с полностью белой заработной платой и отпуском 28 календарных дней; Конкурентный уровень заработной платы, который обсуждается на собеседовании; Премии по результатам работы; Ежегодное повышение уровня дохода по результатам аттестации; График работы – стандартный, но с гибким подходом (гибкое начало и окончание рабочего дня); Корпоративные курсы английского языка. А также собственный учебный центр с доступом к семинарам, вебинарам, библиотеке электронных курсов и бизнес-публикаций (для развития технических и бизнес-навыков с возможностью поднять свой уровень); ДМС и корпоративная сотовая связь; Возможность внести свой вклад в реализацию интересных и амбициозных проектов с участием крупнейших российских и международных компаний; Мы меняемся и развиваемся, для этого организуем корпоративный отдых,внешнее обучение и прочие мероприятия как для полезного, так и для приятного время препровождения.   "
Java/Kotlin-разработчик в Систему быстрых платежей,https://hh.ru/applicant/vacancy_response?vacancyId=43618858,2021-07-26T11:12:26+0300,False,,,,От 3 до 6 лет,Полный день,Java;Kotlin;Reactive Streams;Akka;Kafka;Hazelcast;Spring Framework;,Национальная система платежных карт,Москва,"Проект:СБП или Система Быстрых Платежей – это принципиально новая платформа для мгновенного перевода денег 24/7 между любыми банками. Мы делаем сервис, который ежедневно помогает людям переводить деньги друзьям, оплачивать товары в магазине, сокращать издержки при ведении своего бизнеса и даже избавиться от &quot;зарплатного рабства&quot;. За два года работы мы подключили почти 200 банков, и у нас уже более 10 миллионов пользователей. Команда и процессы:Мы работаем по профессиональному Скраму. Первый в Москве официальный LeSS-кейс. Наша небольшая продуктовая группа состоит из четырех кросс-функциональных кросс-компонентных команд по 4-6 человек. Мы работаем двухнедельными спринтами и выходим в прод пару раз за спринт, стремимся к ежедневным поставкам. Придерживаемся принципов продуктовой разработки: команда работает над фичей от проработки бизнес-идеи до вывода на прод. Технологический стек:Наша backend-платформа основана на микросервисах и технологиях Java 11, Kotlin, Spring Boot, Akka, Kafka, Hazelcast, MySQL, Docker. Чем ты будешь заниматься:  Участвовать в полном цикле разработки; Развивать архитектуру системы и проектировать функциональность, удобную в использовании; Работать в тесном контакте с бизнесом и пользователями; Создавать понятный для чтения и сопровождения код, покрывать его юнит-, компонентными и интеграционными тестами, проводить автоматизированное функциональное и нагрузочное тестирование, развертывать поставку на всех окружениях; Помогать решать проблемы в проде, делиться своими знаниями и опытом; Использовать практики eXP: TDD, pair programming, mob programming.  От тебя потребуется:  Разделять ценности и принципы гибкой разработки; Желание и умение работать в команде; Отличные знания Core Java и опыт работы со стеком Spring, в том числе SpringBoot; Хорошие знания SQL и HTTP, уверенно - TCP, Sockets; Опыт в построении высоконагруженных географически распределенных систем и понимание проблемы многопоточной обработки данных; Готовность развиваться в двух, трех смежных с непосредственной разработкой областях, например, devops-практики, архитектура, автоматизация тестирования.  Будет здорово, если:  У тебя есть опыт работы со следующими технологиями и фреймворками: Reactive Streams, SpringCloud, WebFlux, Akka, в том числе Akka Cluster, Kafka, Hazelcast, Docker; Ты знаешь Kotlin и корутины, или есть желание изучить этот язык; У тебя есть понимание основ криптографии и практический опыт в использовании TLS; У тебя есть опыт работы c Jenkins, Nexus, Ansible.  ЧТО У НАС ЕСТЬ:  Достойный уровень заработной платы + премии; Официальное трудоустройство, социальный пакет: ДМС со стоматологией с первого месяца работы, телемедицина, полис для выезжающих за рубеж, доплата по больничным листам до 20 дней в году, материальная помощь в особых случаях; Профессиональное развитие: обучение за счет компании, посещение профильных конференций, электронная библиотека; Корпоративная культура: командные виды спорта, корпоративные мероприятия, тимбилдинги, лектории; Комфортный офис в центре: тренажерный и спортивный залы, лаунж-зона, корпоративная столовая, микромаркеты, кухни с чаем, кофе и снеками на каждом этаже; Современные машины Core i7, 32 Гб RAM с двумя мониторами и возможностью выбора Windows/Linux; Стандартный график работы с гибким подходом (пока работаем удаленно). "
Senior Kotlin / Java разработчик,https://hh.ru/applicant/vacancy_response?vacancyId=42378720,2021-08-03T12:07:18+0300,False,150000,,RUR,Более 6 лет,Гибкий график,,Эквид,Ульяновск,"❑ Что мы делаем: Мы разрабатываем самую крутую SaaS-платформу для ведения бизнеса в интернете. Попробуем объяснить через аналогию. Если вы хотите платформу для разработки — вы используете GitHub. Если для online-торговли — Ecwid. У нас уже больше шести миллионов клиентов в 176 странах и конца этому не видно. ❑ Что предстоит делать: Разрабатывать новые фичи и фиксить баги, а если по простому — писать код. Дизайном заниматься не надо, версткой заниматься не надо, тексты придумывать не надо, общаться с какими-то мифическими «заказчиками» не надо. Для этого у нас в команде есть другие люди и вот как раз они любят верстку, дизайн и тексты. В наших процессах есть доброжелательный code review, CI, автотесты и десятки релизов в день. В нашей инфраструктуре 50+ микросервисов, сотни терабайт трафика, Kotlin, Elm, Java, Kubernetes, PostgreSQL, Redis, SOLR, ClickHouse и ещё всякое. ❑ Кого мы ищем:  хорошего, опытного инженера, желающего писать код на Kotlin, Java и TypeScript. Если вы не знаете Kotlin и Java — ничего страшного, ведь наверняка знаете что-то другое (Ruby/Python/Erlang/JavaScript/C#/C++ etc.)? По нашему опыту — переучиться не так долго и сложно (80% наших инженеров приходили без знания Java) знание и опыт работы с web-технологиями, реляционными базами и распределенными системами. Да, Ecwid большой и сложный, но, очень сильно упрощая, с одной стороны продукта web-морда (большая и сложная, да), а с другого конца — реляционная база (нагруженная, через кучу кешей и оптимизаций, но база). Все это размазано по достаточно большому кластеру на нескольких континентах. общие знания о том, как устроены самые разные штуки в CS/IT (браузер, файловая система, CPU L1 cache, операционка, хвостовая рекурсия, DNS, пузырьковая сортировка, regexp) только в Ульяновске можете посмотреть наши тестовые — ecwid.to/dev  ❑ О нас:— Официальное трудоустройство. Выплачиваем белую зарплату на банковскую карту два раза в месяц (а не в конверте) и делаем все налоговые отчисления.— Каждый важен. Ежедневно мы улучшаем продукт и внутренние процессы. Большая команда, хорошие горизонтальные связи дают возможность любому сотруднику проявить себя и повлиять на работу всей компании.— Уверенность в завтрашнем дне. Нам &gt;11 лет, мы прибыльные и самоокупаемые: три офиса в России (Ульяновск, Самара, Владивосток) и офис в США. В 2020 году мы получили раунд инвестиций в $42 млн.— Ценим достижения.Каждое полугодие отслеживаем прогресс на performance review и пересматриваем зарплату: при достижении целей зарплата вырастает, но уменьшаться никогда не будет.— Заботимся. Работаем на быстрых Apple MacBook Air/Pro, которые обновляем по необходимости. В случае необходимости оплатим книги и курсы.— Экономим время и нервы. Консьерж-сервис решает любые бытовые проблемы, от поиска саженцев до переезда, а штатный психолог готов прийти на помощь в сложной жизненной ситуации.— Гибкий график. Стараемся быть каждый день в офисе, но всегда можно поработать из дома, если нужно дождаться курьера или работников коммунальных служб. Заболев, тоже лучше остаться дома на пару дней.— Онбординг. Все расскажем, покажем, проведем буткамп. Не бросим наедине с собой и новыми задачами.— Ссылки.Вот о том что и как мы делаем — ecwid.ru/joinПост про офисы компании — ecwid.ru/blog/office-tour-ecwid.htmlТут можно познакомиться с командой — instagram.com/tags/ecwid_team"
Middle/Senior Java/Kotlin разработчик (удаленно),https://hh.ru/applicant/vacancy_response?vacancyId=46760692,2021-08-03T20:09:11+0300,False,,350000,RUR,От 1 года до 3 лет,Удаленная работа,SQL;PostgreSQL;Git;Linux;Java;,Cellar door,Москва,"Мы в поисках Java/Kotlin разработчиков для нашего клиента, компании Just AI. Just AI на рынке с 2016 года. Это продуктовая разработка разговорного AI. Фокус Just AI — технологии понимания естественного языка, инструменты для создания голосовых ассистентов, машинного обучения, speech synthesis and voice cloning, системы управления диалогом, NLU/NLP/DM/ODQA/CDQA. Продуктами пользуется около ста крупных российских и ряд международных IT-компаний, телеком-компаний, банков. SAAS платформы и инженерные фреймворки используют более 40 000 разработчиков и малых-средних компаний по всему миру. Штат компании — 170 человек, 7 команд разработки. Головной офис в Питере. Но разработчики работают в том числе на удаленке. Стандартный состав команды разработки: 2-3 бэкенд разработчика, фронтенд (React, Typescript), QA (ручное/авто), продакт. DevOps инженеры и тех.писатели кросскомандные. +выделенная команда, которая занимается DS, развитием синтеза речи, ядром NLU.Стек: Java 8/Kotlin, Spring Boot 2, Spring Cloud, PostgreSQL, MongoDB, Clickhouse, Selectel, AWS. На Kotlin ребята перешли 1,5 года назад, и соотношение кода на Java и Kotlin в проектах сравнялось.Задачи:   Развивать наш собственный DSL для разработки сценариев ботов;   Дорабатывать функциональность Web IDE и визуального конструктора ботов (в части backend);   Интегрироваться с различными мессенджерами, операторскими рабочими местами, ассистентами (сейчас у нас более 15 различных интеграций);   Улучшать систему аналитики работы ботов (нашим пользователям нужно в реальном времени строить графики эффективности бота на объёмах текстовых данных порядка 1ТБ);   Создавать новые решения для тарификации и биллинга облачных клиентов платформы (интеграция с платёжными системами, контроль лимитов, прозрачное информирование, партнёрская программа);   Реализовывать интерактивные шаблоны для создания ботов;   Работать над масштабированием и отказоустойчивостью сервисов (Service Discovery, client-side balancing, graceful shutdown).   Требования:   Использование в работе Java 8, Spring (core, data, mvc, integration, test), JPA от 2 лет;   Опыт работы с SQL базами данных;   Знание Linux на уровне уверенного пользователя командной строки;   Интерес к теме AI, готовность изучать и работать над алгоритмами искусственного интеллекта;   Готовность работать до 18-00 (мск).   Круто, если есть:   Опыт автоматизации, желание и умение внедрять и улучшать процессы CI/CD;   Опыт работы с облачной инфраструктурой (Azure, OpenShift, Heroku, Google App Engine)   От компании  Официальное трудоустройство. Удаленка или офис в Питере (в том числе гибрид). При релокации в Питер оплата проживания первый месяц. Для мидлов зарплата до 250к, для синьоров выше — обсуждаем ваши ожидания. Технологичность — кажется, что в сфере AI всегда много проф.вызовов. Отсутствие легаси и множество новых фич. Влияние на развитие продукта, тесная связка с продакт менеджером. Возможность перехода в тимлиды/техлиды. Выход продуктов на международный уровень. Участие в научных и прикладных конференциях в России и за рубежом. Кафетерий льгот (на выбор): ДМС/частный врач/спорт/обучение. Обилие ивентов по обмену опытом, митапов. "
Senior Android Developer (Kotlin),https://hh.ru/applicant/vacancy_response?vacancyId=43265946,2021-08-02T16:14:22+0300,False,,,,От 3 до 6 лет,Полный день,Kotlin;Android;,РТ Лабс,Москва,"Наша команда объединяет более 1300 IT специалистов в 13 офисах по всей стране. Мы гордимся нашими проектами:  Портал gosuslugi.ru, число пользователей которого достигает 130 млн Высоконагруженные системы электронного правительства Инновационная платформа биометрической идентификации Передовые отраслевые и бизнес-решения  Мы ищем профессионалов, способных мыслить глобально и создавать тренды. Сейчас нам требуется Senior Android Developer, способный быстро погрузиться в новые задачи и усилить нашу команду. Что ты будешь делать?  Заниматься разработкой приложений для мобильных устройств на платформе Android; Заниматься оценкой трудозатрат на реализацию функциональности/модулей; Заниматься оптимизацией кода разрабатываемых/существующих модулей; Документировать свой кода, участвовать в разработке технических документов для сопровождения и сдачи системы; Принимать участие в код-ревью; Взаимодействовать с аналитиками и дизайнерами.  Что ты уже умеешь?  У тебя есть опыт разработки под Android от 3 лет; Знаешь Kotlin, Android SDK;  У тебя есть:  понимание и опыт применения принципов ООП и SOLID; опыт работы в модульном проекте; опыт работы с Dagger 2 и понимание принципов D; опыт работы с RESTful API;с системами контроля версий (Git).  Будет плюсом:  Опыт работы с gradle и тонкой настройкой его конфигураций; Знание паттернов проектирования; Понимание принципа clean architecture; Опыт работы с компонентами Android Jetpack; Опыт написания переиспользуемых виджетов; Опыт написания кастомных вью; Знание принципов и гайдлайнов проектирования интерфейсов; Опыт работы с фреймворками Rx и Retrofit + okHttpClient; Опыт работы с инструментами статического анализа кода и отладки  Что мы предлагаем?  Опыт работы над социально значимыми проектами; Официальное трудоустройство в соответствии с ТК РФ с первого рабочего дня; Конкурентную заработную плату; Квартальные и годовые бонусы; ДМС + стоматология и международная страховка; Кафетерий льгот; Интересную программу внутреннего и внешнего обучения; Гибкий график работы, полный рабочий день с возможностью выбора времени начала и окончания рабочего дня. "
Middle Backend Developer (Java/Kotlin),https://hh.ru/applicant/vacancy_response?vacancyId=46163541,2021-07-12T13:58:23+0300,False,,,,От 3 до 6 лет,Удаленная работа,Java 8;Kotlin;Tomcat;ElasticSearch;,СберМегаМаркет,Москва,"СберМегаМаркет — это большая дерзкая цель, крутая команда и стабильные инвестиции. Продукт, который мы создали — высоконагруженная онлайн-платформа, соединяющая товары и покупателей. Множество сервисов нашего продукта работают в гибридной инфраструктуре, которая постоянно расширяется и развивается. Мы не ограничиваем себя в выборе технологий и находим оптимальное решение для каждой задачи. Стараемся поддерживать и развивать внутреннее комьюнити и инженерную культуру. Формируем knowledge sharing платформу и проводим еженедельные внутренние митапы по технологиям и архитектуре. О команде разработки &quot;Поиск&quot;: команда занимается созданием, поддержанием и развитием мощного поискового компонента по товарному ассортименту (более 8 миллионов позиций). С учетом особенностей бизнес-логики СберМегаМаркет (региональная зависимость, разные варианты доставок и способов исполнения заказа, покупательская лояльность), поисковый компонент без преувеличения можно отнести к одному из наиболее технологически сложных и интересных продуктов внутри компании. Стек:   Java 8;   Kotlin 1.3;   Spring Boot v2, Spring v5, Spring WebFlux, Spring Batch;   Tomcat, Netty;   ElasticSearch.   Задачи:   Разработка компонентов поискового движка;   Проведение рефакторинга;   Проведение оптимизаций по обеспечению устойчивости к высоким нагрузкам;   Выполнение роли технического эксперта для команды;   Участие в управлении работами по производству ПО в команде (создание новых и доработка существующих сервисов): постановка задач, контроль реализации, тестирование, выпуск релизов продуктов;   Выполнение роли наставника для команды, обеспечение развития их профессиональных компетенций и обучения в профессиональной области;   Проведение code review;   Взаимодействие со смежными командами разработки, бизнес-подразделениями, менеджером продукта.   Что для этого нужно:    Опыт разработки на Java/Kotlin от 2 лет.   Знание и опыт построения микросервисной архитектуры.   Опыт работы с высоконагруженными системами.   Опыт работы с реляционными и NOSQL СУБД (опыт работы с ElasticSearch будет преимуществом)   Знание подходов к тестированию, гибких методологий разработки.   Умение договариваться с коллегами и смежными подразделениями, аргументированно отстаивать свою точку зрения.   Опыт управления командой разработки будет преимуществом.   О команде:   3 Kotlin developers;   2 QA;   1 Business analyst;   1 Product Owner.   Что вам будет интересно:   Внести свой вклад в развитие IT E-commerce индустрии;   Возможность поработать с самыми современными технологиями и подходами.   Несколько причин работать с нами:  Компания растет вместе с сотрудниками: есть возможность углублять свою экспертизу в профессии, наращивать сложность задач и расти вверх по карьерной лестнице. Официальное оформление, &quot;белый&quot; доход. Оклад и квартальные премии (обсуждается по итогам интервью). Стандартный социальный пакет мы превратили в Кафетерий льгот, в котором каждый сотрудник может выбрать то, что нужно именно ему: ДМС (включающее стоматологию), спорт, питание, мерч, обучение, английский, благотворительность и другие плюшки на выбор. Мы работаем над развитием сотрудников и поддерживаем их инициативу к обучению: сотрудники посещают как внутренние, так и внешние курсы и конференции. Открытая и неформальная корпоративная культура, внутренние комьюнити и активный досуг с коллегами. Современный офис в шаговой доступности от метро (Бауманская, Красносельская). График работы: понедельник-пятница, гибкое начало рабочего дня. Наши сотрудники имеют возможность работать из дома полностью, частично или работать из офиса. Компенсацию затрат на переезд для кандидатов из других городов. "
Junior Backend Developer (Java/Kotlin),https://hh.ru/applicant/vacancy_response?vacancyId=46618114,2021-07-29T10:33:45+0300,False,,,,От 1 года до 3 лет,Удаленная работа,SQL;Java;Английский язык;PostgreSQL;REST;kotlin;,Аквелон,Казань,"Akvelon Inc works in the field of software engineering based on a variety of technologies. Our company is a member of the vendor program, which gives employees the opportunity to work with clients in Russia, the United States and other countries. We work with Microsoft, Google, Bloomberg, Reddit, Facebook, Airbnb, Dropbox, Pinterest, and many others. This is a great opportunity to transfer experience and experience with leading engineers of world-renowned companies. We are looking for a Backend Developer for a project from DoorDash (Drive team https://get.doordash.com/products/drive). A bit about project: Come help us build the world&#39;s most reliable on-demand, logistics engine for delivery! We&#39;re bringing on experienced engineers to help us create and maintain a 24x7, no downtime, global infrastructure system that powers DoorDash’s three-sided marketplace of consumers, merchants, and dashers. At DoorDash, our software engineers work on everything from backend systems to beautiful and thoughtful user interfaces, to scaling products that will automate human processes and make deliveries happen as fast as possible. Requirements:   B.S., M.S., or PhD. in Computer Science or equivalent   1+ years of industry experience   Prior experience working with backend tech stacks   Experience with writing REST API’s, unit testing   Understanding of modern web stacks and architecture (HTTP, REST)   Experience with Java/Kotlin   Experience with SQL (e.g. Postgres)   Responsibilities:   Develop, release and run large-scale web applications   Improve performance, reliability, scalability and security for our backend systems   Completely disrupt logistics by tackling bleeding-edge, technical problems   We offer:   Possibilities of relocation to the USA   Entering a professional level equivalent to world standards   High wages (we proceed from the wishes of the candidate and the level)   The choice of a remote job or office in Kazan   LCA with dentistry   50% payment of sport or English courses   An excellent team of high-level professionals and rich engineering culture   Flexible working hours   We will be glad to see you in our team!"
Middle/Senior Java/Kotlin Backend Developer,https://hh.ru/applicant/vacancy_response?vacancyId=46248413,2021-08-01T20:21:04+0300,False,200000,300000,RUR,Нет опыта,Полный день,,Танк Хаус,Москва,"Наша компания запускает новый проект — b2b маркетплейс. На старте фокусируемся в конкретном знакомом нам сегменте рынка — запасные части для горнодобывающей спецтехники. Ниша специфичная и устоявшаяся, тем интереснее будет поменять на ней правила игры и добавить ценности клиентам. Мы запустили бэк-офис, который выполняет функции маркетплейса в &quot;ручном&quot; режиме обработки заявок. Теперь переходим к процессу автоматизации его работы. В проекте публичный API, интеграции, очереди, микросервисы, мержинг данных, поиск, Telegram/WA-интерфейсы, а также анализ данных и предикт в будущем.   На данный момент предстоит спроектировать и реализовать ряд основных сервисов, необходимых для работы маркетплейса: каталог продукции, реестр учёта остатков, CRM, биллинг. Ваши задачи:  Активное участие в проектировании архитектуры и БД Выбор технологических подходов и технических решений Разработка сервисов на Kotlin Интеграция смежных систем Покрытие кода тестами (unit, интеграционные) Ревью кода  Стек технологий: Kotlin, GraphQL, PostgreSQL, MongoDB, Kafka, ElasticSearch   Мы предлагаем:  Оформление по ТК РФ Удалёнку и/или коворкинг Гибкий график работы Прозрачные и обсуждаемые процессы и условия работы Оплата обучения, профильные курсы и конференции, ДМС, дополнительный соцпакет по согласованию "
Senior Android Developer (Kotlin),https://hh.ru/applicant/vacancy_response?vacancyId=45492387,2021-07-28T12:29:58+0300,False,,,,От 3 до 6 лет,Удаленная работа,Git;Android SDK;Kotlin;Retrofit;ООП;Dagger 2;Android;Rx;RxJava;SOLID;,РТ Лабс,Санкт-Петербург,"Наша команда объединяет более 1300 IT специалистов в 13 офисах по всей стране. Мы гордимся нашими проектами:  Портал gosuslugi.ru, число пользователей которого достигает 130 млн Высоконагруженные системы электронного правительства Инновационная платформа биометрической идентификации Передовые отраслевые и бизнес-решения  Мы ищем профессионалов, способных мыслить глобально и создавать тренды. Сейчас нам требуется Senior Android Developer, способный быстро погрузиться в новые задачи и усилить нашу команду. Что ты будешь делать?  Заниматься разработкой приложений для мобильных устройств на платформе Android; Заниматься оценкой трудозатрат на реализацию функциональности/модулей; Заниматься оптимизацией кода разрабатываемых/существующих модулей; Документировать свой кода, участвовать в разработке технических документов для сопровождения и сдачи системы; Принимать участие в код-ревью; Взаимодействовать с аналитиками и дизайнерами.  Что ты уже умеешь?  У тебя есть опыт разработки под Android от 3 лет; Знаешь Kotlin, Android SDK; Понимание и опыт применения принципов ООП и SOLID; Опыт работы в модульном проекте; Опыт работы с Dagger 2 и понимание принципов D; Опыт работы с RESTful API;с системами контроля версий (Git).  Будет плюсом:  Опыт работы с gradle и тонкой настройкой его конфигураций; Знание паттернов проектирования; Понимание принципа clean architecture; Опыт работы с компонентами Android Jetpack; Опыт написания переиспользуемых виджетов; Опыт написания кастомных вью; Знание принципов и гайдлайнов проектирования интерфейсов; Опыт работы с фреймворками Rx и Retrofit + okHttpClient; Опыт работы с инструментами статического анализа кода и отладки  Что мы предлагаем?  Опыт работы над социально значимыми проектами; Официальное трудоустройство в соответствии с ТК РФ с первого рабочего дня; Конкурентную заработную плату; Возможность работать удаленно; Квартальные и годовые бонусы; ДМС + стоматология и международная страховка; Кафетерий льгот; Интересную программу внутреннего и внешнего обучения; Гибкий график работы, полный рабочий день с возможностью выбора времени начала и окончания рабочего дня. "
Kotlin Backend Developer,https://hh.ru/applicant/vacancy_response?vacancyId=45798649,2021-08-04T11:14:05+0300,False,,,,От 3 до 6 лет,Полный день,ООП;Java;Java SE;JSP;Kotlin;Backend;,Каршеринг Руссия,Санкт-Петербург,"Обязанности:  Участие в разработке каршеринга №1 в России; Разработка микросервисов (проектирование, кодирование, ревью).  Требования:  Опыт промышленной разработки от 3-х лет; Опыт разработки на Spring Boot; Уверенные знания Kotlin для backend разработки; Понимание принципов ООП (SOLID, шаблоны проектирования GOF и Еnterprise); Опыт работы с реляционными СУБД (понимание транзакций / уровней изоляций, знание нормальных форм, проектирование и оптимизация); Опыт работы с Kubernetes.  Будет плюсом:  Знание других языков программирования (JS/TS, Scala); Опыт работы с NoSQL базами данных; Понимание гибких процессов разработки.  Условия:  Работа в международном и развивающемся по всему миру сервисе; Классная команда профессионалов, влюбленных в бизнес Скидки на каршеринг; ДМС после испытательного срока. "
Java/Kotlin Senior Developer,https://hh.ru/applicant/vacancy_response?vacancyId=45154561,2021-07-26T09:16:09+0300,False,,,,От 3 до 6 лет,Удаленная работа,,FIX,Казань,"В проектах много высоконагруженных компонентов, распределённых задач, concurrency и трафика. Мы открыты новым технологиям и полезным решениям, позволяющим оптимизировать процесс разработки. Нам нравится прагматичность Kotlin и удобство docker. Используем HBase, Kafka, Spark, Hazelcast и другие инструменты — не для хайпа, а там где уместно. Мы не спускаем сверху требования и готовый дизайн. Вместе обсуждаем идеи как лучше реализовать ту или иную фичу. Мы любим находить простые решения к сложным задачам. Основными задачами будут:   Разработка сложной высоконагруженной платформы   Участие в проектировании модулей и компонент системы   Работа над улучшением производительности создаваемого решения   Построение эффективных решений по обработке веб и телеком трафика   Решение задач резервирования и отказоустойчивости подсистем платформы   Необходимые профессиональные навыки:   Опыт разработки высоконагруженных решений на Java/Kotlin   Опыт создания Web-приложений, понимание соответствующего стека технологий Java/Kotlin, знание протоколов TCP/IP, HTTP/HTTPS)   Знание устройства и правил функционирования JVM   Глубокое знание Java SE   Будет плюсом:   Опыт работы со стеком Hadoop, HBase, Spark, Kafka, Hazelcast IMDG, ElasticSearch Хорошее понимание принципов работы операционных систем семейства Linux Опыт работы с NoSQL базами данных Глубокое знание шаблонов проектирования Понимание принципов Continuous Delivery Опыт работы в телекоммуникационной индустрии  Опыт разработки многопоточных высоконагруженных приложений   Опыт улучшения производительности Java/Kotlin решений   Взамен мы предлагаем:  Официальное оформление Достойный уровень дохода (обсуждается индивидуально) Уютный офис в центре города (парковка в наличии) Интересные задачи и работу в команде профессионалов Корпоративные праздники и мероприятия Корпоративную скидку на изучение английского языка от одной из крупнейших онлайн-школ Возможность удаленной работы Релокационный пакет для специалистов из других городов ДМС "
"Android developer (Kotlin, удаленно)",https://hh.ru/applicant/vacancy_response?vacancyId=45449091,2021-08-02T12:08:19+0300,False,200000,250000,RUR,От 3 до 6 лет,Удаленная работа,Android;Kotlin;Unit Testing;Java;HTTP;REST;JSON;,B2Broker,Санкт-Петербург,"Международная компания B2Broker (Business to Broker) — это финтех разработчик и провайдер ликвидности для брокерских компаний, банков и инвестиционных фондов. Мы не занимаемся брокерской деятельностью, а предлагаем готовые решения для других компаний по всему миру.Занимая свою нишу на рынке с 2014 года, компания является лидером в своей сфере деятельности, в связи с чем постоянно растет и расширяется.На сегодняшний день офисы компании расположены в Москве,Санкт-Петербурге, Лимассоле, Гонконге, Минске, Лондоне, Дубае, Киеве.Чем предстоит заниматься:   Разработка и развитие мобильного приложения наших продуктов на Android (Kotlin).   Требования:  Опыт разработки мобильных приложений от 3 лет; Уверенное знание Kotlin; Уверенное знание Android платформы; Знание Java будет плюсом; Работа с MVVM и MVP; Понимание принципов Clean Architecture; Опыт работы с DI фреймворками; Опыт написания Unit-тестов; Наличие собственных опубликованных приложений в Google Play; Опыт работы с сетевыми протоколами (HTTP, REST, OAuth, JSON и др.); Умение распознавать и применять основные паттерны проектирования; Хорошее знание методологий проектирования ПО и командной разработки; Понимание основных структур данных и алгоритмов, принципов ООП; Git, системы bug tracking; Соблюдение Code Style and Best Practiсe.  Мы предлагаем:  Надежность: официальное оформление по ТК, гарантированные бонусы (13-ая ЗП для проработавших год+); Развитие: возможность практики английского языка с носителями, полная компенсация занятий на платформах, ресурсы на реализацию смелых идей, возможность участвовать в профильных конференциях, неограниченный профессиональный рост и работу в развивающейся международной компании; Активная корпоративная жизнь: новогодние бонусы сотрудникам, прошедшим испытательный срок, празднования дней рождений, корпоративы в лучших ресторанах города и др; Комфорт: гибкое начало рабочего дня, удаленный формат работы. "
"Flutter (Dart, Kotlin )/Mobile developer, Москва",https://hh.ru/applicant/vacancy_response?vacancyId=42608594,2021-08-01T10:08:37+0300,False,100000,150000,RUR,От 1 года до 3 лет,Полный день,Git;Java;Java SE;Android;Java Servlets;Flutter;Kotlin;iOS;Dart;,Тагес Джамп,Москва,"Задачами Flutter разработчика в команде Tages Jump является поддержка существующих и создание новых приложений на Flutter для Android и iOS; принятие участия в вёрстке адаптивных приложений по дизайн-макетам. Tages Jump в мире разработки более 8 лет. Компания начинала с e-com разработки и автоматизации процессов. На данный момент мы делаем сложную кастомную разработку для крупных российских компаний. Сейчас у нас три офиса по России - Москва, Санкт-Петербург, Уфа. Более 50 разработчиков. Несколько направлений разработки:   Кастомные проекты на Golang, Python, Vue.js;   Mobile разработка на Flutter (Dart).   Большая экспертиза в DevOps и QA автоматизации.   Выступаем в качестве аудита и технической экспертизы на разных этапах.     Обязанности:  Разрабатывать с нуля приложения, а также дорабатывать и поддерживать уже существующие; Проектировать архитектуру и выработку best practice для внедрения стандартов разработки на уровне компании; Обеспечивать качество путем участия в code review и написания автоматизированный тестов.  Требования:  Опыт Flutter разработки, приветствуется опыт Android/IOS, Web; Опыт разработки на Dart, приветствуется знание Kotlin/Java и Swift; Умение писать чистый и аккуратный код, который легко поддерживать; Знание принципов SOLID; Опыт работы с Git; Опыт разработки клиент— серверных приложений, понимание REST; Технический английский.  **** Для нас важно, чтобы вы приходили с утра на работу с радостью и чувствовали себя, как дома. Поэтому в наших офисах мы сделали все возможное, чтобы сотрудники чувствовали нашу поддержку и заботу. Мы предлагаем:   Просторный и комфортный офис;     Обеды за счет компании;   Уютную кухню с кофеваркой, чаем и вкусностями;   Регулярные корпоративы (онлайн и оффлайн), бесплатное обучение, участие в профильных конференциях   Библиотеку с интересной и актуальной литературой   Дружную команду #TagesTeam и человекоориентированную корпоративную культуру;   Официальную и конкурентную заработную плату (по результатам собеседования);    Оформление согласно ТК РФ; Использование в работе передовых технологий; Известные клиенты и интересные задачи; "
Kotlin/Java Developer,https://hh.ru/applicant/vacancy_response?vacancyId=46660302,2021-07-30T13:17:19+0300,False,,,,От 1 года до 3 лет,Полный день,PostgreSQL;Java;Git;,РСХБ-Интех,Москва,"РСХБ-Интех — российская ИТ-компания, оказывающая услуги по разработке, внедрению и сопровождению компьютерного программного обеспечения дляРоссельхозбанка.Наша цель – трансформировать цифровую экосистему банка, совершенствуябизнес-продукты, процессы разработки и внедрения, для обеспечения качественных и удобных сервисов для пользователей. О насНаш отдел занимается реализацией перспективных разработок и является одним из самых инновационных подразделений в компании. Мы реализуем такие продукты как:● Единая интеграционная платформа для размещения сервисов банка;● Конвейеры непрерывной интеграции CI/CD;● Витрина OpenAPI;● Бизнес решения для взаимодействия с государственными сервисами.Наш современный технологический стек включает в себя:● Kotlin (Spring-Boot) , Java 11 (Quarkus), Golang;● TypeScript (Angular);● PostgreSQL, IBM MQ, Minio;● Kubernetes, Docker, Helmfile, Kaniko;● EFK, Grafana, P rometheus, Istio, Jaeger;● Gitlab, Gitlab CI, Gitlab Runner, KeyCloak, Gravitee;● Микросервисная архитектура, cloud-native applications. Кого мы ищемНаш отдел ищет Kotlin-разработчика или Java-разработчика, готового перейти на Kotlin, для развития функциональности наших ключевых проектов. В наших продуктах отсутствует Legacy-монолиты, присущие enterprise-разработке. Наша команда сама выбирает стек технологий, подходящий для решения задачи, мы не заключены в рамки банковских стандартов. Мы придерживается современных подходов в разработке ПО: микросервисы/cloud-native. Чем предстоит заниматься  Участие в проработке архитектуры приложений; Backend-разработка новой функциональности; Доработка существующей функциональности; Выполнение Code-Review; Участие в написании документации; Реализация Unit-тестов по новой функциональности; Взаимодействие с DevOps-инженерами по процессам CI/CD и платформе; Пилотирование/сопровождение разработчиков других подразделений - пользователейразрабатываемых нами продуктов.  Обязательные требования● Опыт работы от 1 года в коммерческой продуктовой разработке на Kotlin/Java 8 +;● Знание Spring-Boot 2+, Spring Core, Spring Data, Spring Webflux;● Понимание IoC, DI, ООП, владение шаблонами проектирования (SOLID);● Опыт реализации приложений на микросервисной архитектуре;● Опыт работы с очередями ( Kafka/Rabbit/IBM MQ);● Уверенное знание SQL, опыт работы с реляционными БД ( PostgeSQL/Oracle);● Умение отлаживать приложения: профилирование, трассировка;● Знание Docker, понимание контейнеризации;● Знание Git, Maven, Markdown. Будет плюсом● Опыт конфигурирования CI/CD конвейеров;● Опыт работы с Kubernetes/Openshift (CustomResourse, Svc, Deployment, Ingress и т.д.);● Опыт работы с distributed tracing: Jaeger;● Опыт работы с service-mesh: Istio;● Опыт работы с Keycloak, интеграция через Spring Security;● Опыт работы с NoSql базами данных. Что мы предлагаем● Трудоустройство по ТК РФ;● Белая, своевременная, конкурентоспособная З П;● Возможность двигать начало рабочего дня;● Современный стек технологий;● Возможность расширить технический кругозор;● Возможность выстраивания процессов разработки;● Участие в выборе технологического стека;● Участие в проработке архитектурных решений;● Корпоративная online-библиотека;● ДМС после испытательного с рока● Льготная ипотека."
Android Developer (Kotlin),https://hh.ru/applicant/vacancy_response?vacancyId=44668331,2021-07-12T10:36:47+0300,False,,,,От 1 года до 3 лет,Полный день,Android;Kotlin;,"ОТП Банк, АО (OTP bank)",Москва,"Мы находится в поиске Android разработчика в команду, которая занимается созданием нового интернет и мобильного банка, не уступающего современным рыночным стандартам, обладающим хорошим заделом для развития новых сервисов и масштабирования на клиентов ОТП Банка. ОТП Банк – лидер европейского рынка кредитования, представленный в 12 странах Европы.Общее количество сотрудников более 100 тыс. человек.ОТП Банк в России – ТОП-2 на рынке потребительского кредитования. Имеет развитую сеть с представительствами более чем в 70 городах и тотальным покрытием территории РФ.Банк стремится стать лидером во всех областях финансового сектора. Способность к трансформации – важная характеристика гибкости стратегии банка и желания идти в ногу с современными требованиями рынка банковских услуг. Что тебя ждет:  Проектирование и разработка мобильных приложений проектов цифрового банкинга; Написание unit-тестов, code-review; Разработка нового функционала приложения; Участие в проектировании архитектуры системы; Участие в код-ревью.  Что мы ждем:  Опыт разработки мобильных приложений от 2х лет; Уверенное знание RxJava, Kotlin; Приветствуется RxJava2, Dagger2; Знание системы контроля версий Git; Понимание REST API; Опыт написания Unit и UI тестов; Опыт работы с CI/CD pipeline.  Что мы предлагаем:  Реализация своего профессионального потенциала в крупном современном Банке; Привлекательные финансовые условия; Дополнительные интересные бенефиты; Возможность расти и развиваться; Гибкое начало рабочего дня; Новый современный офис (м.Войковская). "
Java / Kotlin Developer,https://hh.ru/applicant/vacancy_response?vacancyId=46616145,2021-07-29T09:53:10+0300,False,,,,От 3 до 6 лет,Полный день,Java;Kotlin;Apache Maven;Gradle;Jenkins;TeamCity;SQL;,Siemens,Санкт-Петербург,"We are looking for a passionate software developer with a solid technical background ready to contribute to the back-end development in an agile team. You will be involved in development of applications in such areas as industrial monitoring and analytics, power grids optimization, leak detection in the pipelines, and many others. The business demands new ways of data processing, analysis and visualization, as well as performance optimization and process management based on cutting-edge technologies in web, big data and streaming. Top challenging are internal R&amp;D projects like a cloud time-series database (in Go) and others. What are the responsibilities?  Development of back-end and client-server communication layers Contribution to solution architectures and requirements elicitation Participation in development processes improvement and communication with end customers  What are the requirements?  Experience in commercial software development with Java / Kotlin  Deep understanding of Java (JVM, collections, concurrency, generics, exceptions, i/o, etc) Build automation tools (Maven, Gradle, etc.), continuous integration tools (Jenkins, TeamCity) Experience with web applications development using Spring General software development skills, coding standards and best practices   Proven ability to solve real-world problems Good communication skills, ability to work in a team and individually Ability to switch between different tasks Intermediate English  Would be beneficial:  Experience with Go Design, analysis and implementation of algorithms Algorithm design Design and implementation of distributed systems Java 8, functional programming SQL, NoSQL databases Configuration Management tools (e.g. Ansible) Linux Speaking in conferences or publications in professional blogs, etc.  What do we offer?  Full time position A-class office in the city center Corporate trainings Corporate medical insurance Corporate pension program Fitness compensation Lunch compensation  Sounds interesting? We are looking forward to your application!"
Senior Java/Kotlin Developer,https://hh.ru/applicant/vacancy_response?vacancyId=38368147,2021-08-02T14:54:14+0300,False,220000,290000,RUR,От 3 до 6 лет,Полный день,Java;Git;Kotlin;Cassandra;ООП;,SpectrumData,Екатеринбург,"SpectrumData – это IT компания, которая разработала маркет-плейс данных для Бизнеса, и он объединяет группу федеральных сервисов по проверке: автомобилей (avtocod.ru и avtocod.ru/profi), физических лиц (checkperson.ru), контрагентов (xfirm.ru), объектов недвижимости (egrnreester.ru) и кредитных историй (Столичное кредитное бюро). Нашими клиентами являются Яндекс, Mail group, Газпромнефть, ВСК, Кардиф, Согласие, Росгосстрах и многие другие. Наши ребята из команды разработки находятся в уникальной ситуации, они работают со зрелыми сервисами, и при этом сохраняют динамику стартапа, мы активно взаимодействуем со внешней средой (агрегируем и валидируем данные из разных открытых источников), и нам приходится постоянно держать руку на пульсе всех изменений! Поэтому наши продукты “живые”, постоянно находятся в стадии развития и совершенствования, разработке скучать не приходится :) Если ты интересуешься как Kotlin, так и в целом программированием, подписывайся на наш YouTube канал &quot;Spectrumdata dev&quot; (ссылка: https://www.youtube.com/channel/UCcZykVFJA8AAlHMGPOWGU0g). Что мы любим и используем:  Kotlin; Ktor; Cassandra, PostgreSQL; Elasticsearch; Redis, RabbbitMQ, Kafka; работу в формате agile, по TDD; code review; микросервисную архитектуру; положительно относимся к освоению других новых технологий;  Мы будем рады видеть тебя в нашей команде, если ты:  Владеешь любым из данных языков программирования Java/ С++/ C#/ kotlin и тебе интересно перейти на kotlin; Понимаешь концепцию ООП и REST; Знаешь и используешь Git, Maven или Gradle; Знаком с инструментами тестирования ПО (junit, mocks); Знаешь SQL, умеешь писать запросы, реализовывать простые схемы хранения.  Владеешь какими-либо из перечисленных инструментов для работы с большими данными: Cassandra, ElasticSearch, MongoDB, Solr, Spark, Flink, Hadoop;   Умеешь ставить и декомпозировать задачи по SMART, обсуждать задачи с заказчиками.   Твоим преимуществом будет:  Готовность предоставить примеры кода.  Со своей стороны предлагаем:  Официальное трудоустройство, белую заработную плату; Работу в составе слаженной и грамотной команды над крупным проектом; Гибкое начало рабочего дня, офис в центре города, парковку; Пересмотр заработной платы по мере твоего развития в компании; Оплату посещения конференций и профильных курсов; Современное &quot;железо&quot; и любые необходимые сервисы; Английский за счет компании; ДМС; Материальную помощь при заключении брака и рождении детей, подарки ко дню рождения, веселые корпоративы и профессиональные праздники; Unlimited coffee with cookies и оборудованную кухню в офисе :) "
Backend Java/Kotlin - разработчик (удаленно),https://hh.ru/applicant/vacancy_response?vacancyId=42331478,2021-07-26T11:37:43+0300,False,,,,От 1 года до 3 лет,Удаленная работа,Java;Spring Framework;PostgreSQL;Kotlin;,Обоз,Москва,"ГК «Обоз» - универсальный провайдер логистических услуг, входящий в топ 10 транспортно-экспедиторских компаний России, внедряющий цифровые инновации в этой сфере. Цель новых разработок - не только создание облачной платформы, позволяющей и другим экспедиторам, перевозчикам и заказчикам грузоперевозок развивать свой бизнес с ее помощью, но и укрепление системы в качестве отраслевого стандарта на российском рынке Обязанности:  Разработка Backend функционала для логистического онлайн сервиса; Используемые технологии: Java (Spring), PostgreSQL, GitLab, CI/CD, Docker, Kotlin, ELK  Требования:  Опыт коммерческой разработки web проектов, участие в формировании архитектуры и сервисов; Опыт работы с Java от 2 лет; Хороший опыт работы с различными СУБД; Знание паттернов проектирования, алгоритмов и структур данных;  Условия:  Оформление по ТК РФ, полностью «белая» зарплата; Возможность профессионально обучаться за счет компании и участвовать в конференциях; График 5/2, плавающее начало рабочего дня; Комфортный офис в 7-10 минутах. от ст. м. Савеловская; Готовы рассмотреть кандидатов на удаленный формат работы. "
Программист Java/Java Developer/Kotlin,https://hh.ru/applicant/vacancy_response?vacancyId=45729145,2021-08-04T12:54:18+0300,False,,,,От 1 года до 3 лет,Удаленная работа,Kotlin;Java;Spring Framework;PostgreSQL;,СБЕРКОРУС,Рязань,"Кто мы: СберКорус – дочерняя компания Сбербанка. Важным направлением работы компании является участие в строительстве цифровой экосистемы Сбербанк и мы являемся 100% дочерней компанией Сбера. При этом мы отличаемся от Сбебанка: у нас нет бюрократии, больше свободы в процессах, только новые проекты без легаси, нет длительных собеседований и проверок СБ. Мы делаем продукты и сервисы быстро, качественно и запускаем их на аудиторию в 1,5 млн юридических лиц. Ищем Java Developer в молодой проект по разработке сервиса по установлению индивидуальных тарифов ключевым клиентам Банка Технический стэк проекта:  Java 8, Kotlin; JMS; JOOQ; REST; Spring framework; SQL, Oracle; Maven; GIT.  Необходимые технические компетенции:  JavaSE – от 4 лет; JavaEE (JAX-RS, JAX-WS, JMS); Spring framework; SQL; Maven; GIT; XML/XSD; Kotlin -будет преимуществом; YML - будет преимуществом.    Что вас ожидает:  Официальное оформление согласно ТК РФ, с полностью белой заработной платой и отпуском 28 календарных дней; Конкурентный уровень заработной платы, который обсуждается на собеседовании; Премии по результатам работы; Ежегодное повышение уровня дохода по результатам аттестации; График работы – стандартный, но с гибким подходом (гибкое начало и окончание рабочего дня); Корпоративные курсы английского языка. А также собственный учебный центр с доступом к семинарам, вебинарам, библиотеке электронных курсов и бизнес-публикаций (для развития технических и бизнес-навыков с возможностью поднять свой уровень); ДМС и корпоративная сотовая связь; Возможность внести свой вклад в реализацию интересных и амбициозных проектов с участием крупнейших российских и международных компаний; Мы меняемся и развиваемся, для этого организуем корпоративный отдых,внешнее обучение и прочие мероприятия как для полезного, так и для приятного время препровождения.   "
"Android-разработчик (Kotlin) на проект ""МТС Библиотека""",https://hh.ru/applicant/vacancy_response?vacancyId=45135293,2021-07-26T09:35:56+0300,False,,,,От 3 до 6 лет,Удаленная работа,Kotlin;Java;Android;,Стрим,Санкт-Петербург,"Stream – дочерняя компания ПАО МТС, мы создаём мобильные и веб-приложения для Холдинга МТС и уже имеем в своем портфолио:  Десятки реализованных проектов федерального уровня с применением BigData, Programmatic в области рекламы; Платформу по реализации VaS услуг, мобильных сервисов и мобильного контента; SmartMed – телемедицина от МТС и МЕДСИ, онлайн-консультации, запись к врачу и вызов врача на дом; SmartHome – сервис по превращению любой квартиры в «умный дом»; МТС Музыка – медиатека с более 40 млн. треков и бесплатным трафиком; Маркетинговые площадки, облачное хранилище данных и множество других социально важных проектов.  Мы постоянно развиваем текущие проекты и запускаем новые, чтобы сделать жизнь наших клиентов проще и интереснее. В штате нашей компании уже более 800 человек, мы продолжаем расширяться и сейчас в поисках android-разработчика! О проекте: &quot;МТС Библиотека&quot; (https://books.mts.ru/) - это мобильное приложение, позволяющее всегда иметь под рукой любую книгу в электронном виде. Сервис предоставляет доступ к 270 000 электронных книг, 45 000 тысяч аудиокниг, сотням новых и архивных номеров прессы.Стек на проекте: Kotlin, RxJava, Coroutines, Dagger 2, Koin, Retrofit 2(Rest API), multiple gradle modules, custom MVP, Android MVVM (LiveData, ViewModels, ...), навигация - fork Cicerone.Почему работать с нами будет интересно?  Мы используем последние технологии и всегда открыты к новым идеям и подходам; В проекте минимум легаси; Небольшой, дружный коллектив; Много интересных задач, с которыми предстоит столкнуться разработчику.  Основная деятельность:  Разработка и поддержка приложения android; Взаимодействие с backend разработчиками и разработчиками других платформ; Участие в принятии технических решений и планировании процесса разработки; Оптимизация приложения; Написание тестов; Code Review.  У потенциальных кандидатов хотелось бы увидеть:  Опыт разработки на языках: Kotlin, Java; Опыт разработки Android приложений в команде разработчиков от 2-х лет; Знания rxjava, coroutines; Знания алгоритмов и структур данных, подходов SOLID, KISS, паттернов ООП, архитектурных паттернов: Clean architecture, MVVM, MVP; Знание Android Architecture Components и опыт работы с ними. Опыт написания unit-тестов; Английский на уровне чтения технической литературы;  Будет преимуществом:  Опыт работы с многомодульной архитектурой; Опыт работы с Dagger2 или Koin; Наличие готовых приложений в Google Play;  Мы предлагаем:  Оформление по ТК РФ, гибкий график работы; &quot;Белая&quot; заработная плата + полугодовые бонусы; ДМС со стоматологией, страхование жизни после испытательного срока; Обучение и посещение профильных конференций; Корпоративная мобильная связь; Комфортный офис (Москва, Питер, Казань, Пермь); Возможность работать удаленно из любого региона; 31 день оплачиваемого отпуска. "
Программист Java/Java Developer/Kotlin,https://hh.ru/applicant/vacancy_response?vacancyId=45729142,2021-08-04T12:54:19+0300,False,,,,От 1 года до 3 лет,Удаленная работа,Kotlin;Java;Spring Framework;PostgreSQL;,СБЕРКОРУС,Красноярск,"Кто мы: СберКорус – дочерняя компания Сбербанка. Важным направлением работы компании является участие в строительстве цифровой экосистемы Сбербанк и мы являемся 100% дочерней компанией Сбера. При этом мы отличаемся от Сбебанка: у нас нет бюрократии, больше свободы в процессах, только новые проекты без легаси, нет длительных собеседований и проверок СБ. Мы делаем продукты и сервисы быстро, качественно и запускаем их на аудиторию в 1,5 млн юридических лиц. Ищем Java Developer в молодой проект по разработке сервиса по установлению индивидуальных тарифов ключевым клиентам Банка Технический стэк проекта:  Java 8, Kotlin; JMS; JOOQ; REST; Spring framework; SQL, Oracle; Maven; GIT.  Необходимые технические компетенции:  JavaSE – от 4 лет; JavaEE (JAX-RS, JAX-WS, JMS); Spring framework; SQL; Maven; GIT; XML/XSD; Kotlin -будет преимуществом; YML - будет преимуществом.    Что вас ожидает:  Официальное оформление согласно ТК РФ, с полностью белой заработной платой и отпуском 28 календарных дней; Конкурентный уровень заработной платы, который обсуждается на собеседовании; Премии по результатам работы; Ежегодное повышение уровня дохода по результатам аттестации; График работы – стандартный, но с гибким подходом (гибкое начало и окончание рабочего дня); Корпоративные курсы английского языка. А также собственный учебный центр с доступом к семинарам, вебинарам, библиотеке электронных курсов и бизнес-публикаций (для развития технических и бизнес-навыков с возможностью поднять свой уровень); ДМС и корпоративная сотовая связь; Возможность внести свой вклад в реализацию интересных и амбициозных проектов с участием крупнейших российских и международных компаний; Мы меняемся и развиваемся, для этого организуем корпоративный отдых,внешнее обучение и прочие мероприятия как для полезного, так и для приятного время препровождения.   "
Разработчик Android (Java/Kotlin),https://hh.ru/applicant/vacancy_response?vacancyId=46720708,2021-08-02T18:28:47+0300,False,130000,160000,RUR,От 1 года до 3 лет,Удаленная работа,Android;Kotlin;Java;Swift;Android SDK;Retrofit2;Room;,Консалтинговая Компания ПРОФЭЛИТ,Москва,"В компанию (разработчик ПО) открыта позиция: Разработчик Android (Java/Kotlin)   Обязанности: Развитие существующих и разработка новых мобильных приложений в составе программного комплекса.   Требования: Стек: Java/Kotlin, Retrofit2/Room. Уверенное знание Android SDK, Android Studio; Android Architecture Components Android Navigation/Cicerone; Работа с многопоточностью; Приветствуется опыт разработки под IOS (IOS SDK, Swift), мультиплатформенной разработки.   Условия: После окончания испытательного срока возможна частично удаленная работа для Москвы и С-Петербурга. Для кандидатов из регионов предусматривается удаленный формат работы с соблюдением ТК. Оформление по ТК РФ, з\п полностью белая Оклад на испытательный срок 130 000 руб., после 160 000 руб."
Senior Android Developer (Kotlin),https://hh.ru/applicant/vacancy_response?vacancyId=45492386,2021-08-02T16:14:22+0300,False,,,,От 3 до 6 лет,Удаленная работа,Git;Android SDK;Kotlin;Retrofit;ООП;Dagger 2;Android;Rx;RxJava;SOLID;,РТ Лабс,Москва,"Наша команда объединяет более 1300 IT специалистов в 13 офисах по всей стране. Мы гордимся нашими проектами:  Портал gosuslugi.ru, число пользователей которого достигает 130 млн Высоконагруженные системы электронного правительства Инновационная платформа биометрической идентификации Передовые отраслевые и бизнес-решения  Мы ищем профессионалов, способных мыслить глобально и создавать тренды. Сейчас нам требуется Senior Android Developer, способный быстро погрузиться в новые задачи и усилить нашу команду. Что ты будешь делать?  Заниматься разработкой приложений для мобильных устройств на платформе Android; Заниматься оценкой трудозатрат на реализацию функциональности/модулей; Заниматься оптимизацией кода разрабатываемых/существующих модулей; Документировать свой кода, участвовать в разработке технических документов для сопровождения и сдачи системы; Принимать участие в код-ревью; Взаимодействовать с аналитиками и дизайнерами.  Что ты уже умеешь?  У тебя есть опыт разработки под Android от 3 лет; Знаешь Kotlin, Android SDK; Понимание и опыт применения принципов ООП и SOLID; Опыт работы в модульном проекте; Опыт работы с Dagger 2 и понимание принципов D; Опыт работы с RESTful API;с системами контроля версий (Git).  Будет плюсом:  Опыт работы с gradle и тонкой настройкой его конфигураций; Знание паттернов проектирования; Понимание принципа clean architecture; Опыт работы с компонентами Android Jetpack; Опыт написания переиспользуемых виджетов; Опыт написания кастомных вью; Знание принципов и гайдлайнов проектирования интерфейсов; Опыт работы с фреймворками Rx и Retrofit + okHttpClient; Опыт работы с инструментами статического анализа кода и отладки  Что мы предлагаем?  Опыт работы над социально значимыми проектами; Официальное трудоустройство в соответствии с ТК РФ с первого рабочего дня; Конкурентную заработную плату; Возможность работать удаленно; Квартальные и годовые бонусы; ДМС + стоматология и международная страховка; Кафетерий льгот; Интересную программу внутреннего и внешнего обучения; Гибкий график работы, полный рабочий день с возможностью выбора времени начала и окончания рабочего дня. "
Android разработчик: Java/Kotlin,https://hh.ru/applicant/vacancy_response?vacancyId=44706186,2021-07-12T12:37:35+0300,False,,,,От 1 года до 3 лет,Удаленная работа,,Почта Банк,Москва,"Привет! Мы - команда разработчиков «Почта Банк». Сейчас мы занимаем лидирующие позиции в рейтингах Интернет-банков, и не останавливаемся на достигнутом. Приглашаем к себе в команду разработчика Android. Ваша будущая главная задача:  Разработка систем дистанционного банковского обслуживания (мобильный банк) на Android.  Наши требования:  Опыт разработки для платформы Android от 2-х лет; Знание Android SDK, Java, Kotlin, Rest/SOAP, Google Maps API, SQLite;  Вашим дополнительным преимуществом будет:  Знание стандартов проектирования и разработки мобильных приложений; Знание архитектуры мобильных приложений и реализации серверного взаимодействия для мобильных приложений; Навыки работы с многопоточностью;  Готовы Вам предложить:  Удобный график («плавающее» начало рабочего дня). Формат работы удаленный; Оклад + квартальное премирование + годовой бонус. Agile. Scrum (двухнедельные спринты, работа в командах по 6-8 человек: 2 backend, 3 frontend, системный аналитик, 2 тестировщика) Демократия и самоорганизация + наличие удаленного доступа. Обучение - доступное внутреннее и внешнее обучение. В Банке есть корпоративная академия. Регулярно проходят внутренние митаппы, tech. chapters и ретроспективы. Мы посещаем ключевые отраслевые конференции. Профессиональное развитие - мы используем современный стэк, поддерживаем разумные инициативы по внедрению новшеств, совершенствуем архитектуру и кодовую базу. Карьерный рост- команда постоянно растет. В зависимости от вклада, каждый сотрудник может претендовать на повышение дохода, новый функционал и дополнительные задачи. Мы держимся за наших сотрудников. Многочисленные скидки и бонусы от партнеров (от каршеринга до ипотеки). "
Kotlin fullstack engineer,https://hh.ru/applicant/vacancy_response?vacancyId=45268871,2021-07-29T09:41:56+0300,False,,,,От 3 до 6 лет,Гибкий график,Kotlin;Java;,HARMAN Connected Services,Нижний Новгород,"About the Role We are looking for Full Stack Engineer to join our team working on new backend API of existing telemedical platform and encapsulation of communication to platform via Kotlin Multiplatform SDK. You will closely work with other teams to help with integration of API &amp; SDK into web, mobile and wearable applications.   What You Will Do   Development of new backend API (Kotlin); Development of proprietary integration SDK (Kotlin); Working closely with other development teams; Technical design of a solution.    What You Need  Good expertise in backend development; Understanding of REST API; Experience in Kotlin; Good English skills.    What is Nice to Have  Experience in development of web/mobile counterparts will be an advantage; Knowledge of Python/JavaScript/C++ will be an advantage.    What Makes You Eligible  Be willing to travel domestically and internationally; Be willing to work in our R&amp;D center in Nizhny Novgorod.    What We Offer  Work in our international team on brand new projects and using cutting edge technologies. Our employees get soft skills’ and technical trainings. We grant a package of additional benefits, such as flexible working time, medical insurance, English classes, HARMAN and Samsung products’ discount program, sport and event programs. We also grant Relocation package for candidates from other cities, composed of monetary bonuses and organizational assistance."
Kotlin middle developer,https://hh.ru/applicant/vacancy_response?vacancyId=46443666,2021-07-22T11:55:09+0300,False,200000,250000,RUR,От 3 до 6 лет,Полный день,Java;Kotlin;Android;ООП;,WB—Tech,Москва,"Наша команда (10 человек) делает платформу казуальных игр. Продукт и команда растут — ищем крепкого middle. Нам точно следует пообщаться, если вы можете самостоятельно решать задачи, с которыми ранее не сталкивались. Что именно надо будет делать Процентами указали примерное распределение времени:  Планировать работу и общаться с коллегами (30%) Писать код (70%)  Требования  Опыт коммерческой разработки на Java/Kotlin от 3х лет Привычка рефакторить, применять принципы SOLID, DRY, KISS Понимание механизмов работы Android Runtime и JVM Хотя бы одно опубликованное приложение в сторе  Плюсом будет следующий опыт:  Написания тестов CI/CD  Условия  На испытательный срок работа в суперуютном просторном офисе в Москве в паре минут от ст. м. Павелецкая, затем возможен переход на удаленный формат работы «Белый» оклад Гибкий рабочий день Отсутствие бюрократии и жесткого контроля :-) "
Kotlin разработчик,https://hh.ru/applicant/vacancy_response?vacancyId=44856268,2021-08-03T07:13:42+0300,False,,,,От 1 года до 3 лет,Полный день,Java;Android;Android SDK;ООП;Linux;Git;REST;kotlin;,Аптеки «ВИТА»,Самара,"«ВИТА» — крупная федеральная фармацевтическая компания, с более чем двадцативосьмилетним опытом работы на Российском рынке, зарекомендовала себя как надежного и социально ответственного партнера. Входит в ТОП - 5 фармацевтических компаний России. У нас вы будете:  Реализовывать крутые проекты по всей сети в более чем 42 регионах России Разрабатывать и внедрять инновационные для рынка продукты Менять бизнес-процессы в масштабах компании Участвовать в развитии одной из самых масштабных розничных аптечных сетей страны  Ключевые задачи:  Писать код Kotlin, Java    Развитие текущих продуктов компании, собственного мобильного приложения   Взаимодействие с менеджерами продукта, аналитиками и дизайнерами   Необходимые компетенции:  Опыт коммерческой разработки под Android от 2-x лет  Опыт создания сложных UI (Custom Views и тд.)   Android SDK   Знание и понимания языка Kotlin/Java   Понимание ООП. Знание design patterns и основных шаблонов проектирования   Coблюдение принципов SOLID   Знание Английского языка на уровне чтения тех. документации   Приветствуются:  Опыт командной разработки  Опыт работы с Figma   Опыт работы с REST API   Опыт работы Bitbucket/GitHub или другими сервисами контроля версий   Мы предлагаем:  Стать частью команды высококлассных увлеченных профессионалов График работы 5/2 Оформление в соответствии с ТК РФ Конкурентную заработную плату Комфортные условия труда: современный, светлый офис, мягкие зоны отдыха на всех этажах     "
"Ведущий разработчик Kotlin, Ozon Express",https://hh.ru/applicant/vacancy_response?vacancyId=42355108,2021-07-26T11:12:47+0300,False,,,,От 3 до 6 лет,Полный день,Spring Framework;Java;Java SE;PostgreSQL;Kotlin;Kubernetes;Spring Boot;IT;,Ozon,Москва,"Ozon Express – одно из самых перспективных и быстроразвивающихся направлений компании, которое является сервисом быстрой доставки свежих продуктов питания, бакалеи, детских товаров, товаров для дома и зоотоваров по Москве и Подмосковью. Что вам предстоит  Продумывать архитектуру; Много программировать на Kotlin; Обеспечивать отказоустойчивость написанных сервисов в Kubernetes; Быть готовым к постоянному росту нагрузки и объема обрабатываемых и хранимых данных;  Что мы ожидаем от вас   Отличные знания Java SE 8/11;   Отличные знания Spring Boot 2 (Core, Data, WebMVC, WebFlux, Security);   Опыт создания архитектур enterprise решений, знание паттернов и стандартов проектирования;   Понимание особенностей микросервисной архитектуры;   Опыт Java разработки от 5 лет.   Технологический стек  Java 8-11/Kotlin, Spring Boot, Spring (Core, Data, WebMVC, WebFlux, Security); Docker/Kubernetes; PostgreSQL, Kafka; Gitlab, Jaeger, Graylog, Prometheus, Grafana.  Что мы предлагаем   Динамичный и быстроразвивающийся бизнес, ресурсы, возможность сделать вместе лучший продукт на рынке e-commerce.   Свободу действий в принятии решений.   Достойный уровень заработной платы.   Профессиональную команду, которой мы гордимся.   Возможность развиваться вместе с нашим бизнесом.  "
Android - разработчик (Kotlin),https://hh.ru/applicant/vacancy_response?vacancyId=46328314,2021-08-03T10:12:13+0300,False,,,,Нет опыта,Полный день,Git;Java;Kotlin;Android;Linux;,UBIC,Москва,"Обязанности:  Проводить декомпозицию задач; Писать эффективный, читаемый и тестируемый код; Разрабатывать функциональные модули для создания новых приложений и интегрирования в существующие; Реализовывать взаимодействие приложения с сервером; Участвовать в обсуждении и разработке дизайна приложений; Взаимодействовать с тестировщиками, участвовать в разработке автотестов.  Требования:  Опыт Android-разработки на Kotlin от 2-х лет (без учета обучения); Хорошее знание JAVA и технологического стека Android разработки; Понимание принципов MVP и MVVM; Хорошее знание Web-технологий и того, что им сопутствует (HTTP, REST, etc); Опыт многопоточного, асинхронного программирования; Опыт работы с высоконагруженным проектом; GitLab CI, git-flow; Знание английского на уровне чтения технической документации.  Будет Вашим преимуществом:  Наличие завершенных проектов, опубликованных на Google Play Store.  Условия:  Участие в крупных и интересных проектах; Все условия для динамичного профессионального роста; Конкурентная заработная плата; Оформление в соответствии с ТК РФ; Испытательный срок 3 месяца; Выплата заработной платы 2 раза в месяц без задержек.  Мы предлагаем работу в офисе недалеко от метро Новокузнецкая, либо удаленную работу. У нас гибкое начало рабочего дня, при этом большинство сотрудников начинать работу в 10 утра. Мы не любим бюрократию и стараемся быть гибкими. Мы стараемся максимально комфортно оборудовать рабочие места наших сотрудников: предлагаем им на linux или mac os, современный ноутбук или стационарный компьютер и любое разумное число мониторов.    "
Java разработчик(Kotlin),https://hh.ru/applicant/vacancy_response?vacancyId=46376355,2021-08-04T13:02:49+0300,False,,280000,RUR,От 1 года до 3 лет,Полный день,Java;PostgreSQL;Kotlin;AWS;Docker/Kubernetes;Git;,Andersen,Санкт-Петербург,"Международная аутсорсинговая IT - компания Andersen приглашает к сотрудничеству Java разработчика для работы над масштабным проектом нашего партнера из России! Наш заказчик - компания в РФ, которая предлагает уникальное приложение для мобильного банкинга и уникальную платформу цифрового инвестирования в одном - платежи, переводы, мультивалютные счета для поездок, отчеты о расходах, разделенные счета, а также возможность инвестировать в международные акции, ETF и криптовалюту. Мы приглашаем Вас присоединиться к проекту разработки мобильного приложения по управлению личными финансами со смартфона. Уже реализована возможность трейдинга. Сейчас ведется активная разработка инвест - ленты, в которой будут собраны инвестиционные новости, твиты инфлуенсеров и авторские статьи. Планируется внедрение рекомендательного сервиса по существующим тенденциям рынка. Стек: Kotlin, Docker / Kubernetes, Redis, PostgreSQL, Kafka, AWS (Istio, Helm). Чем предстоит заниматься:   разработка нового продукта с нуля;   взаимодействие с командой аналитиков для успешной реализации поставленных задач;   построение архитектуры серверных сервисов, внедрение новых технических решений в проект;   разработка технических решений от MVP до промышленной инфраструктуры, обеспечивающих надежную работу и масштабирование нагрузки.   Каким мы видим подходящего кандидата:   коммерческий опыт разработки на Java от 2-х лет;   знания kotlin;   практический опыт работы с СУБД PostgreSQL, Redis;   понимание Docker/Kubernetes;   навыки работы с AWS;   знание Apache Kafka;   знание принципов и шаблонов проектирования, умение обосновать свою точку зрения;   опыт работы с системами контроля версий (Git).   Нашим сотрудникам мы предлагаем:   опыт работы в команде с лидерами в FinTech, Healthcare, Retail, Telecom и других. Среди наших текущих клиентов Siemens, TUI, Новый банк развития и более 20 других классных банков и финтех компаний, J&amp;J и другие.   возможность сменить проект и/или развить экспертизу в интересном для тебя бизнес-домене;   свободный релокейт между офисами компании - 14 офисов в 4 странах;   работа где угодно - можно работать как удаленно, так и из офиса или же гибридная модель с 3 днями в офисе и 2 дня в неделю из дома;   гарантия профессионального, финансового и карьерного роста! В компании внедрены системы менторства и адаптации для каждого нового сотрудника, что позволит максимально комфортно и быстро влиться в коллектив и работу, а прозрачные системы performance review и assessment позволят определиться с путями развития в компании и спланировать свой рост;   возможность дополнительно заработать до 1500 USD в месяц, участвуя в активностях компании - на выбор 8 вариантов;   доступ к корпоративному обучающему порталу, где собран весь knowledge base компании и который постоянно обновляется. В нем можно пройти курсы на интересные для тебя темы: искусство переговоров, управление проектами, машинное обучение и анализ данных, курсы обучения практикам DevOps, языкам программирования, cloud-сервисам и др.;   возможность пообщаться с такими людьми как Александр Фридман, Сергей Гуриев, Екатерина Шульман на корпоративных мероприятиях - мы регулярно приглашаем гостей, встречи с которыми дают новую пищу для ума;   изучение английского языка прямо в офисе или online;   медицинское страхование со стоматологией;   компенсацию стоимости спортивных абонементов;   ну и, конечно, яркую корпоративную жизнь.  "
Senior back-end developer / Ведущий разработчик Go/Kotlin / Разработчик Golang,https://hh.ru/applicant/vacancy_response?vacancyId=46713170,2021-08-02T15:39:08+0300,False,,,,От 3 до 6 лет,Удаленная работа,Kotlin;PostgreSQL;MongoDB;SQL;Golang;Go;,IntellectoKids,Москва,"IntellectoKids – один из крупнейших в мире разработчиков образовательных продуктов для детей от 3 до 7 лет. Мы создаем мультфильмы, разрабатываем онлайн-уроки, предзаписанные курсы и мобильные приложения. Наши приложения стабильно входят в Top-10 в категории Kids 5 &amp; Under в App Store в 40 странах, включая США. Наша команда постепенно занимается переводом наших продуктов на Go (прошлые были написаны на Kotlin), поэтому мы хотим усилить нашу команду разработчиком Go, готовым также работать над кодом на Kotlin.  Чем предстоит заниматься:   созданием нового функционала на Go в backend-е приложений;   доработкой существующих решений и компонентов с использованием Kotlin;   разработкой механики для аналитики игрового процесса.   Наш стек:   У нас равноценно существуют 2 backend-а, взаимодействующие между собой по http:   1) Kotlin, Spring, PostgreSQL, MongoDB, RabbitMQ   2) Go, Amazon Lambda, DynamoDB, Amazon SQS     Что мы ожидаем от вас:   опыт программирования от 5-х лет, использование Go как основного языка;   умение читать код на Kotlin;   опыт работы с реляционными СУБД.   Что мы предлагаем:   дистанционная full-time работа из любой точки света;   привлекательная з/п и возможность зафиксировать оклад в долларах США;   100% оплачиваемые 28 календарных дней отпуска, полная компенсация неиспользованных отпускных дней по завершению года;   оплата коворкинга и рабочего оборудования с первого дня;   дополнительные benefits за счет компании после испытательного срока: курсы английского, медицинская страховка, оплата профессиональных курсов, полезных для работы;   хорошо выстроенные процессы, без ночных авралов;   возможность стать частью лучшей в своем сегменте команды.  "
Java/Kotlin разработчик (удаленная работа),https://hh.ru/applicant/vacancy_response?vacancyId=46650364,2021-07-30T10:55:02+0300,False,,,,От 3 до 6 лет,Удаленная работа,Java;SQL;Spring Framework;Kotlin;Spring;Docker;computer vision;machine learning;Backend;,Интертехэлектро,Москва,"Центр 2М - IT компания, которая предлагает комплексные решения в сфере IoT, ML, BigData, AI. Мы ищем разработчика для проектов IoT, видео-аналитики, системы мониторинга различных экологических метрик российских регионов. Ищем коллегу с:  Опыт разработки Java/Kotlin; Умением писать чистый понятный поддерживаемый код; Spring, Sql, Docker; Знание основных алгоритмов и структур данных.  Будет плюсом:  Опыт работы с computer vision, machine learning; Kafka, k8s.  Мы предлагаем:  Формат удаленной работы; Соблюдение ТК РФ (стабильная белая компания); ДМС после прохождения испытательного срока; Конкурентоспособную оплату труда (обсуждается индивидуально с каждым кандидатом).         "
Kotlin Developer,https://hh.ru/applicant/vacancy_response?vacancyId=46097580,2021-07-08T16:53:17+0300,False,,,,От 1 года до 3 лет,Полный день,Spring Framework;SOAP;REST;Hibernate ORM;Kotlin;,ДОМ.РФ,Москва,"ООО «Цифровые технологии» входит в группу АО «ДОМ.РФ». Мы - IT-компания, создающая продукты для рынка недвижимости, что делает процесс покупки и продажи жилья прозрачнее и комфортнее для всех его участников. Мы в поиске Kotlin разработчика, который станет частью нашей команды.Чем предстоит заниматься:   Разработка нового функционала и совершенствование имеющегося;   Разработка микросервисов;   Рефакторинг кода;   Что мы ждём от кандидата:  Опыт работы с Kotlin от 1,5 лет (либо опыт разработки на Java и желание использовать Kotlin); Опыт работы со Spring Framework; Java Web Stack (HTTP, filters, servlets, web security); Опыт разработки REST-сервисов; Опыт работы с ORM фреймворками; Опыт работы с JMS (ActiveMQ, RabbitMQ или другие), понимание принципов разработки асинхронных сервисов;  Будет плюсом:  Знание SQL (транзакции, оптимизация запросов, планировщик запросов и т.д.); Понимание архитектуры приложений микросервисной архитектуры;  Что мы предлагаем:  Оформление в соответствии с ТК РФ; Оклад + квартальные премии; Расширенный ДМС со стоматологией; Компенсация абонемента в фитнес-клуб до 70%; Оплата занятий по иностранному языку до 50%; Оплата по больничному 100% от оклада первые 7 дней болезни в году; Возможность работать удаленно; Комфортабельный офис в Москва-Сити; Отсутствие дресс-кода. "
Java (Kotlin) backend разработчик,https://hh.ru/applicant/vacancy_response?vacancyId=46608838,2021-07-28T21:13:06+0300,False,,,,От 1 года до 3 лет,Полный день,Java 8;Spring Framework;gitflow;Docker;NoSQL;Kubernetes;CI/CD;Java;Java 11;Kotlin;,HEADS and HANDS,Санкт-Петербург,"Heads and Hands помогает своим клиентам улучшать ежедневную жизнь людей и автоматизировать их рутину с помощью мобильных приложений и веб-сервисов. Мы верим, что мобильные приложения могут сделать компании действительно полезными для людей, когда, за счёт удобной экосистемы и пользовательского опыта, ценность продуктов и услуг превышает их физическую цену. С помощью мобильных экосистем мы создаем возможности для лучшей жизни, которые закрывают потребности человека и помогают бизнесу стать лидером в отрасли. Мы сделали продукты для Касперского, Land Rover, Lamoda, Leroy Merlin. Помогли с проектами Яндексу, ABBY, Mail.Ru, Сбербанку и Тинькофф Банку. А еще мы входим в топ-5 среди разработчиков мобильных приложений по версии Tagline, и это очень приятно :) Начинали мы в далеком 2012 как небольшой стартап, а сейчас являемся одной из крупнейших компаний в России в области мобильной разработки. У нас три офиса (в Питере, Саранске и Новосибирске) и своя школа разработки. Сейчас мы растем, и поэтому ищем в нашу команду Java-разработчика. В твои ежедневные задачи будет входить:   Разработка API для мобильных и веб-приложений   Интеграция со сторонними сервисами   Взаимодействие с командой разработки и менеджерами   У нас все получится, если ты:  Обладаешь компетенциями уверенного middle разработчика Имеешь коммерческий опыт разработки на Java (8,11 и выше) от 1 года Обладаешь разговорным Spring&#39;ом Умеешь работать с нереляционными базами данных  Плюсом будет:  Знание и опыт работы с Docker, Kubernetes, CI/CD. Знание Kotlin  Что мы предлагаем:  Официальное оформление, sick days, оплачиваемые больничные Фиксированный оклад (определяем с кандидатом по итогам тех. собеседования) Гибкое начало рабочего дня (с 9:00 до 11:30 мск, но все обсуждаемо:) Возможность несколько дней в месяц работать из дома, или удаленка в любом городе РФ ДМС через год работы Работа над крупными, технически сложными проектами в команде опытных разработчиков, QA, дизайнеров и проджект-менеджера - ребята всегда на связи и готовы помочь, если возникают трудности Частичная/полная оплата обучающих материалов, билетов на лекции и конференции по твоему запросу Обучение английскому в офисе, митапы, волейбол, картинг, настолки, бары, и прочий движ Работа на технике Apple в уютном офисе-лофте на Петроградке, в здании Ленполиграфмаша, в веселой и эмпатичной команде  Эта вакансия для тебя, если:  Ты хочешь развиваться и делать действительно полезные приложения на топовом стеке Любишь командную работу и информативный фидбек от лидов Ценишь отлаженные процессы разработки и возможность быстро прокачаться в экспертной команде "
Middle Java/Kotlin Developer,https://hh.ru/applicant/vacancy_response?vacancyId=38755990,2021-08-02T14:54:11+0300,False,137000,206000,RUR,От 1 года до 3 лет,Полный день,Java;Kotlin;Git;ООП;Cassandra;,SpectrumData,Екатеринбург,"SpectrumData – это IT компания, которая разработала маркет-плейс данных для Бизнеса, и он объединяет группу федеральных сервисов по проверке: автомобилей (avtocod.ru и avtocod.ru/profi), физических лиц (checkperson.ru), контрагентов (xfirm.ru), объектов недвижимости (egrnreester.ru) и кредитных историй (Столичное кредитное бюро). Нашими клиентами являются Яндекс, Mail group, Газпромнефть, ВСК, Кардиф, Согласие, Росгосстрах и многие другие. Наши ребята из команды разработки находятся в уникальной ситуации, они работают со зрелыми сервисами, и при этом сохраняют динамику стартапа, мы активно взаимодействуем со внешней средой (агрегируем и валидируем данные из разных открытых источников), и нам приходится постоянно держать руку на пульсе всех изменений! Поэтому наши продукты “живые”, постоянно находятся в стадии развития и совершенствования, разработке скучать не приходится :) Если ты интересуешься как Kotlin, так и в целом программированием, подписывайся на наш YouTube канал &quot;Spectrumdata dev&quot; (ссылка: https://www.youtube.com/channel/UCcZykVFJA8AAlHMGPOWGU0g). Что мы любим и используем:  Kotlin; Ktor, KodeIn; Cassandra, PostgreSQL; Elasticsearch; Redis, RabbitMQ, Kafka; работу в формате agile, по TDD; code review; микросервисную архитектуру; положительно относимся к освоению других новых технологий;  Мы будем рады видеть тебя в нашей команде, если ты:  Владеешь любым из данных языков программирования Java/ С#/ Pyton /Kotlin и тебе интересно перейти на Kotlin; Понимаешь концепцию ООП и REST; Знаешь и используешь Git, Maven или Gradle; Знаком с инструментами тестирования ПО (junit, mocks); Знаешь SQL, умеешь писать запросы, реализовывать простые схемы хранения.  Твоим преимуществом будет:  Готовность предоставить примеры кода.  Со своей стороны предлагаем:  Официальное трудоустройство, белую заработную плату; Работу в составе слаженной и грамотной команды над крупным проектом; Гибкое начало рабочего дня, современный офис в центре города, парковку; Пересмотр заработной платы по мере твоего развития в компании; Оплату посещения конференций и профильных курсов; Современное &quot;железо&quot; и любые необходимые сервисы; Английский за счет компании; ДМС; Материальную помощь при заключении брака и рождении детей, подарки ко дню рождения, веселые корпоративы и профессиональные праздники; Unlimited coffee with cookies :) "
Middle Android-разработчик (Kotlin),https://hh.ru/applicant/vacancy_response?vacancyId=45622611,2021-07-22T00:07:14+0300,False,150000,,RUR,От 3 до 6 лет,Полный день,Java;Java SE;Kotlin;Koltin Multiplatform;Dagger;Toothpick;Firebase;Rx;,4Taps,Тольятти,"На протяжении 10 лет мы запускаем стартапы, используя нашу экспертизу в мобильной разработке, in-app purchases и ML. Сейчас мы развиваем сервис из ТОП-5 спортивных медиа США с месячной аудиторией больше 2 млн пользователей и собираем команду для создания нового опыта “второго экрана”. Приложение объединяет лучшие черты ESPN, NBA, Bleacher Report, Bar stools media и добавляет функционал социальных ставок. Часть приложения реализована Java c GreenDAO, сейчас активно переписывается на Kotlin. Работа с нами - это крутейший способ следить за американским спортом с огромной аудиторией. ⠀ Задачи сложные, но вдохновляющие: – много A/B-тестов – real-time игры – внутренние покупки с разными пейволами – performance optimized экраны с социальными фичами Нужно будет рефакторить код, писать новые компоненты на Kotlin и Java, взаимодействовать с UI-командой, участвовать в обсуждениях и предлагать идеи. ⠀ Требования:   опыт в Kotlin / Java от 1,5 лет   знакомство с Dagger, Toothpick, Firebase, модульным подходом, MVP, MVI   любовь к UX и понимание когда в макете что-то неправильно   инициативность   ⠀ Большим плюсом будет, если:   ты принимал участие в open-source проектах   у тебя есть опыт работы с Kotlin Multiplatform   ты умеешь управлять разработкой   ⠀ Почему в 4Taps классно работать Мы находим крутые задачи, отлично платим, даем опционы и возможность развиваться. Взамен ищем готовность брать ответственность, искать решения и отдавать в тест только рабочие билды. ⠀ Вся наша команда: – пользуются корпоративной техникой Apple – учит английский в SkyEng или Яндекс.Практикуме – может поехать на профильную конфу или выступить с докладом – трудоустроена через ТК или работает как ИП – может взять day off на время WWDC Для тех, кто работает в офисе в Тольятти, у нас обеды по пятницам и приятные летние корпоративы. ⠀ Будем рады знакомству именно с тобой! ⠀ Уже в сопроводительном письме хотели бы познакомиться с твоими проектами :)"
Team Lead Java/Kotlin,https://hh.ru/applicant/vacancy_response?vacancyId=43230904,2021-08-02T13:29:49+0300,False,,,,Более 6 лет,Полный день,Git;Java;AngularJS;SQL;NoSQL;,ЛАНИТ,Москва,"Кто мы: Мы – российская компания Datana, занимаемся разработкой программно-аппаратных решений для повышения эффективности технологических и производственных процессов промышленных предприятий. Наши решения представляют собой комплекс научных, методологических разработок с применением глубокой отраслевой экспертизы и программного обеспечения, созданного с применением принципов Индустрии 4.0. Задачи:  Выполнять задачи по разработке в соответствии с правилами разработки; Обеспечивать оптимальный процесс взаимодействия внутри команды; Принимать участие в формировании методологии, соблюдении и развитии; Выполнять предварительную оценку трудозатрат, планирование ресурсов; Выполнять планирование спринтов и следить за ходом выполнения; Управлять группой разработки и тестирования; Проектировать тех архитектуру решений; Управлять архитектурой проекта; Проводить Code review; Непрерывно развивать команду и развиваться самостоятельно; Принимать участие в разработке тех. документации; Делиться знаниями, обучать новых членов команды;  Требования:  Опыт в разработке более 5 лет; Опыт проектирования высокопроизводительных, отказоустойчивых систем; Знание основных паттернов проектирование, применение при решении задач; Умение делать сложные, комплексные задачи самостоятельно; Умение декомпозировать задачу и распределить между исполнителями; Опыт управления группой разработки от 3 человек; Опыт выступления на конференциях, meetup и прочих; Непрерывное самостоятельное развитие; Умение объяснять, грамотно, четко и логично доносить мысли устно и письменно; Большой опыт взаимодействия со внутренними и внешними стэйкхолдерами, умение и желание выявлять и учитывать все интересы; Отсутствие токсичности, адекватность; Знание английского языка на уровне чтения документации, грамотного письма; Готовность к командировкам; Как преимущество (но если опыта нет, не страшно, научим):  опыт работы с большими данными; написание кода с поддержкой Unit-тестов; опыт работы с алгоритмами машинного обучения; опыт работы с потоковыми данными (в т.ч. видео, аудио); опыт разработки Frontend c Angular 2+, React или Vue.js.    Знание технологий:  Java 8 и выше и/или Kotlin; Apache Kafka; Знание технологий обработки потоковых данных Flink или Spark; Глубокие знания Spring или Ktor; NoSQL: Cassandra, Clickhouse или Hbase; SQL, postgres; Фреймворки для интеграции: Spring Integration, Camel, в т.ч. для IIoT: StreamPipes, NiFi и другие; Docker; Kubernetes; CI/CD: Gitlab CI/CD, Jenkins; Git, Gitlab;  Условия:  Достойная заработная плата и понятная схема роста; ДМС; Скидки:  в магазинах-партнерах (Nike, Lego, re:store, Samsung и др); на медицинскую страховку для родственников; фитнес-клубы; досуговые мероприятия (кинотеатры, выставки и др)   Корпоративные тарифы на сотовую связь; Повышение квалификации за счет компании; Возможность увидеть своими глазами, как работают крупнейшие предприятия России и быть причастным к повышению их эффективности; Участие в конференциях, обмен опытом, написание научно-популярных статей и публикация их на ТОПовых интернет площадках; Работа в классном коллективе; Отличный офис с комфортным рабочим пространством, уютными кухнями с кофемашинами, столовой, кафе, фитнес залом, салоном красоты, зонами отдыха, свежими фруктами и закусками (м. Алексеевская/Рижская/Марьина Роща); Возможный удаленный формат работы; Брендированный мерч :) "
Java/Kotlin разработчик (удаленная работа),https://hh.ru/applicant/vacancy_response?vacancyId=46486625,2021-07-23T16:37:13+0300,False,,,,От 3 до 6 лет,Удаленная работа,Java;SQL;Spring Framework;Kotlin;Spring;Docker;computer vision;machine learning;,Интертехэлектро,Екатеринбург,"Центр 2М - IT компания, которая предлагает комплексные решения в сфере IoT, ML, BigData, AI. Мы ищем разработчика для проектов IoT, видео-аналитики, системы мониторинга различных экологических метрик российских регионов. Ищем коллегу с:  Опыт разработки Java/Kotlin; Умением писать чистый понятный поддерживаемый код; Spring, Sql, Docker; Знание основных алгоритмов и структур данных.  Будет плюсом:  Опыт работы с computer vision, machine learning; Kafka, k8s.  Мы предлагаем:  формат удаленной работы; соблюдение ТК РФ (стабильная белая компания); ДМС после прохождения испытательного срока; конкурентоспособную оплату труда, которая обсуждается индивидуально с каждым кандидатом.         "
Middle/Senior C# Developer (переход на Kotlin),https://hh.ru/applicant/vacancy_response?vacancyId=40728407,2021-08-03T07:28:43+0300,False,140000,290000,RUR,От 1 года до 3 лет,Полный день,Git;SQL;ООП;C#;,SpectrumData,Екатеринбург,"SpectrumData – это IT компания, которая создает сервисы по обработке данных федерального масштаба. Мы разработали маркет-плейс данных для Бизнеса, и он объединяет группу сервисов по проверке: автомобилей (avtocod.ru), физических лиц (checkperson.ru), контрагентов (xfirm.ru) и объектов недвижимости (egrnreester.ru), кредитных историй физических лиц (Столичное кредитное бюро). Нашими клиентами являются Яндекс, Mail group, Газпромнефть, ВСК, Кардиф, Согласие и многие другие. Мы будем рады кандидатам, которые готовы к смене стека и переходу на Kotlin :) В свою очередь, мы помогаем сотрудникам и предоставляем обучение Kotlin. Если ты интересуешься как Kotlin, так и в целом программированием, подписывайся на наш YouTube канал &quot;Spectrumdata dev&quot; (ссылка: https://www.youtube.com/channel/UCcZykVFJA8AAlHMGPOWGU0g). Что мы любим и используем:  Kotlin; Ktor; KodeIN; Cassandra, PostgreSQL; Elasticsearch; Redis, RabbitMQ, Kafka; работу в формате agile, по TDD; code review; положительно относимся к освоению других новых технологий;  Мы будем рады видеть тебя в нашей команде, если ты:  Владеешь C#, и тебе интересно перейти на kotlin; Понимаешь концепцию ООП и REST; Пишешь тесты и стремишься к покрытию кода &gt; 95%; Знаешь SQL, умеешь писать запросы, реализовывать простые схемы хранения.  Твоим преимуществом будет, если ты владеешь какими-либо из перечисленных инструментов для работы с большими данными: Cassandra, ElasticSearch, MongoDB, Solr, Spark, Flink, Hadoop;   Умеешь ставить и декомпозировать задачи по SMART, обсуждать задачи с заказчиками.   Со своей стороны предлагаем:  Официальное трудоустройство, белую заработную плату (учитываем ожидания кандидата и его текущий уровень технических скиллов при формировании оффера, вы можете сменить стек, не потеряв в доходе); Работу в составе слаженной и грамотной команды над крупным проектом; Гибкое начало рабочего дня, офис в центре города, парковку; Пересмотр заработной платы по мере твоего развития в компании; Оплату посещения конференций и профильных курсов, а также обучение Kotlin; Современное &quot;железо&quot; и любые необходимые сервисы; Добровольное медицинское страхование; Английский за счет компании; Возможность компенсации переезда в Екатеринбург; Материальную помощь при заключении брака и рождении детей, подарки ко дню рождения, веселые корпоративы и профессиональные праздники; Unlimited coffee with cookies и оборудованную кухню в офисе :) "
Java / Kotlin developer,https://hh.ru/applicant/vacancy_response?vacancyId=46558420,2021-08-02T10:30:34+0300,False,,,,От 3 до 6 лет,Полный день,Java;Spring Framework;ООП;SQL;JDBC;Kotlin;,Just AI,Санкт-Петербург,"Just AI одна из лидирующих продуктовых компаний в сфере Conversational AI. Нашими продуктами пользуется около ста крупных российских и ряд международных IT-компаний, телеком-компаний, банков (Yandex, Mail.ru Group, Сбер, МТС, Мегафон, Альфа-банк, HH.ru, Qiwi, BNP Paribas). Наши SAAS платформы и инженерные фреймворки используют более 40 000 разработчиков и малых-средних компаний по всему миру. Наш фокус – технологии понимания естественного языка, инструменты для создания голосовых ассистентов, машинного обучения, speech synthesis and voice cloning, системы управления диалогом, NLU/NLP/DM/ODQA/CDQA. Virtual operator solution team занимается созданием облачных диалоговых решений для среднего и малого бизнеса. Наши решения построены на собственной платформе JAICP с использованием Kotlin based open-source фреймворка JAICF. Мы расширяем команду и ищем Java/Kotlin разработчика в команду диалоговых решений. Чем вы будете заниматься:   Проектирование архитектуры кода и решений;   Разработка бэкенда решений на Kotlin с использованием фреймворка JAICF;   Формирование code style команды;   Контроль процессов развертывания решений для клиентов в production окружение;   Управление релизами и CI/CD;   Контроль процесса автоматического тестирования.   Опыт и навыки:   Опыт разработки на Java/Kotlin 2-3 года;   Опыт работы с SQL/NoSQL базами;   Опыт работы с Spring (Core, Boot, JDBC, Security и др.);   Знание ООП, структур данных, алгоритмов, паттернов проектирования и принципов выбора эффективных решений;   Опыт в области автоматического и нагрузочного тестирования;   Опыт работы с системами контроля версий, багтрекерами, системами сборки, continuous integration;   Умение писать аккуратный и читаемый код;   Умение разбираться в чужом коде;   Умение объяснить, почему выбирается тот или иной инструмент/решение;   Письменная, стилистическая‚ орфографическая грамотность.   Будет плюсом:   Профильное образование по обработке естественного языка;   Знание современных методов компьютерной лингвистики, основных задач NLP и методов их решения;   Практический опыт работы с системами обработки естественного языка (MyStem, NLTK и т.п.)   Знание какого-либо из иностранных языков на хорошем уровне.   Мы предлагаем:   Интересные проекты, возможность быстрой имплементации результатов исследований в продукты и публикации в научных изданиях;   Возможности для профессионального роста и обмена опытом как внутри коллектива, так и в рамках внешнего сотрудничества с нашими партнерами, клиентами, университетами и сообществами;   Участие в научных и прикладных конференциях в России и за рубежом;   Самые передовые технологии, высокие амбиции, международные продукты, быстрые практические результаты;   Возможность согласования индивидуального рабочего графика, удаленной работы;   Официальное оформление по ТК, компенсация больничных и отпусков в 100% размере от текущего оклада;   Кафетерий льгот: ДМС/компенсация спорта, обучения, хобби или отдыха;   Неповторимая корпоративная культура Just AI DNA, вечеринки, джаз-концерты, совместные кинопросмотры и многое другое…  "
Разработчик мобильных приложений (Kotlin),https://hh.ru/applicant/vacancy_response?vacancyId=46641196,2021-07-29T20:57:52+0300,False,,,,От 1 года до 3 лет,Полный день,Kotlin;Android SDK;Android;RxJava;,Перекресток,Москва,"Обязанности:  Разрабатывать мобильное приложение на платформе Android; Участвовать в принятии технических и архитектурных решений; Участвовать в планировании процесса разработки; Взаимодействовать с продуктовой командой.  Требования:   Высшее образование;   Опыт разработки под Android от 1-го года;   Владение стэком технологий:: Kotlin, Clean Architecture, MVP, MVVM, RxJava, Dagger 2, Adnroid SDK, Retrofit,Room;   Хорошие знания основных алгоритмов и структур данных;   Умение писать поддерживаемый и тестируемый код.   Условия:  Трудоустройство по ТК РФ в Компании № 1 на рынке продуктового ритейла; График работы: 5/2, с 9-00 до 18-15 (в пятницу - до 17-00); &quot;Белая&quot; заработная плата (выплачивается в срок), + бонус; Полный соц.пакет по ТК; широкий пакет услуг ДМС в лучших клиниках города; Работа в современном комфортном офисе в 7 мин от м. Волгоградский проспект; корпоративные автобусы доставляют сотрудников утром и вечером до метро и обратно. для тех, кто предпочитает добираться на машине - бесплатная парковка, а также стоянка для мотоциклов и велосипедов. "
Старший Разработчик Java/Kotlin (Senior Java/Kotlin Engineer),https://hh.ru/applicant/vacancy_response?vacancyId=36607615,2021-07-08T19:05:19+0300,False,,,,От 3 до 6 лет,Полный день,Java;Hadoop;Spark;SQL;Spring Framework;Spring Boot;Highload systems;Linux;Cloud;Docker;,AliExpress Россия,Москва,"Мы ищем старших разработчиков для различных бизнес-доменов – Buyer Experience (пользовательский опыт), User Growth (привлечение и удержание пользователей), Promotions (продвижение), Trade and Logistics platforms (торговая и логистическая платформа). Вы будете отвечать за создание многомодульных приложений на основе микросервисов для AliExpress Россия. Что мы ожидаем от вас:  От 2 лет профессионального опыта в качестве бэкенд-разработчика. Уверенные знания структур данных, алгоритмов и объектно-ориентированного проектирования. Знание Java SE, Spring Framework, Spring Boot. Знание Hadoop, Spark, Storm или других систем анализа данных, как пакетного, так и реального времени. Знание MySQL или Postgres, HBase, Redis, Ehcache или другого кэша на базе Java. Владение JavaScript, HTML и CSS.  Будет плюсом:  Опыт создания сложных, многопользовательских и высоконагруженных систем. Опыт работы с ОС Linux, распространёнными фреймворками Java с открытым исходным кодом. Опыт использования языка Kotlin на стороне сервера. Опыт работы в области анализа больших данных. Знание Kubernetes/Docker и основных концепций развёртывания на основе контейнеров. Знание лучших практик разработки программного обеспечения, включая стандарты кодирования, обзоры кода, управление контролем исходных кодов, процессы сборки, тестирования и эксплуатации. Способность работать и добиваться результата в динамично меняющейся среде. Хорошее владение английским языком.  Мы предлагаем:  Работу в одной из крупнейших в России компаний в сфере e-commerce. Комфортабельный офис в Москва-Сити. Конкурентоспособную заработную плату с бонусами по результатам работы; Ноутбук Mac или Windows на ваш выбор. ДМС и страхование от несчастных случаев (со 100% страхованием детей).   "
Java (Kotlin) Backend Developer (remote),https://hh.ru/applicant/vacancy_response?vacancyId=46608723,2021-07-28T20:59:06+0300,False,,,,От 1 года до 3 лет,Полный день,Java 8;Spring Framework;gitflow;Docker;Java 11;NoSQL;Kubernetes;CI/CD;Java;Kotlin;,HEADS and HANDS,Уфа,"Heads and Hands помогает своим клиентам улучшать ежедневную жизнь людей и автоматизировать их рутину с помощью мобильных приложений и веб-сервисов. Мы верим, что мобильные приложения могут сделать компании действительно полезными для людей, когда, за счёт удобной экосистемы и пользовательского опыта, ценность продуктов и услуг превышает их физическую цену. С помощью мобильных экосистем мы создаем возможности для лучшей жизни, которые закрывают потребности человека и помогают бизнесу стать лидером в отрасли. Мы сделали продукты для Касперского, Land Rover, Lamoda, Leroy Merlin. Помогли с проектами Яндексу, ABBY, Mail.Ru, Сбербанку и Тинькофф Банку. А еще мы входим в топ-5 среди разработчиков мобильных приложений по версии Tagline, и это очень приятно :) Начинали мы в далеком 2012 как небольшой стартап, а сейчас являемся одной из крупнейших компаний в России в области мобильной разработки. У нас три офиса (в Питере, Саранске и Новосибирске) и своя школа разработки. Сейчас мы растем, и поэтому ищем в нашу команду Java-разработчика. В твои ежедневные задачи будет входить:   Разработка API для мобильных и веб-приложений   Интеграция со сторонними сервисами   Взаимодействие с командой разработки и менеджерами   У нас все получится, если ты:  Обладаешь компетенциями уверенного middle разработчика Имеешь коммерческий опыт разработки на Java (8,11 и выше) от 1 года Обладаешь разговорным Spring&#39;ом Умеешь работать с нереляционными базами данных  Плюсом будет:  Знание и опыт работы с Docker, Kubernetes, CI/CD Знание Kotlin  Что мы предлагаем:  Официальное оформление и полностью белая з/п Фиксированный оклад (определяем с кандидатом по итогам тех. собеседования) ДМС через год работы Возможность работать удаленно из любого города, гибкое начало рабочего дня (формально - с 9:00 до 11:30 мск, но все обсуждаемо:) Частичную/полную плату обучающих материалов, билетов на лекции и конференции по твоему запросу  Работа над крупным, технически сложным проектом в команде опытных разработчиков, QA, дизайнеров и проджект-менеджера - ребята всегда на связи и готовы помочь, если возникают трудности  Веселые командировки к команде и тимлидам (если совпадает необходимость и желание)  Эта вакансия для тебя, если:  Ты хочешь развиваться и делать действительно полезные приложения на топовом стеке Любишь командную работу и информативный фидбек от лидов Ценишь отлаженные процессы разработки и возможность быстро прокачаться в экспертной, дружелюбной и эмпатичной команде "
Senior Kotlin / Java разработчик,https://hh.ru/applicant/vacancy_response?vacancyId=39206798,2021-08-04T13:07:38+0300,False,170000,,RUR,Более 6 лет,Гибкий график,,Эквид,Самара,"❑ Что мы делаем?Мы разрабатываем самую крутую SaaS-платформу для ведения бизнеса в интернете. Попробуем объяснить через аналогию. Если вы хотите платформу для разработки — вы используете GitHub. Если для online-торговли — Ecwid. У нас уже больше 4 миллионов клиентов в 176 странах и конца этому не видно. ❑ Что надо делать?Разрабатывать новые фичи и фиксить баги, а если по простому — писать код. Дизайном заниматься не надо, версткой заниматься не надо, тексты придумывать не надо, общаться с какими-то мифическими «заказчиками» не надо. Для этого у нас в команде есть другие люди и вот как раз они любят верстку, дизайн и тексты. В наших процессах есть доброжелательный code review, CI, автотесты и десятки релизов в день. В нашей инфраструктуре 50+ микросервисов, сотни терабайт трафика, Kotlin, Elm, Java, Kubernetes, PostgreSQL, Redis, SOLR, ClickHouse, AWS и ещё всякое. ❑ Кого мы ищем?— хорошего, опытного инженера, желающего писать код на Kotlin, Java и TypeScript. Если вы не знаете Kotlin и Java — ничего страшного, ведь наверняка знаете что-то другое (Ruby/Python/Erlang/JavaScript/C#/C++ etc.)? По нашему опыту — переучиться не так долго и сложно (80% наших инженеров приходили без знания Java)— знание и опыт работы с web-технологиями, реляционными базами и распределенными системами. Да, Ecwid большой и сложный, но, очень сильно упрощая, с одной стороны продукта web-морда (большая и сложная, да), а с другого конца — реляционная база (нагруженная, через кучу кешей и оптимизаций, но база). Все это размазано по достаточно большому кластеру на нескольких континентах.— общие знания о том, как устроены самые разные штуки в CS/IT (браузер, файловая система, CPU L1 cache, операционка, хвостовая рекурсия, DNS, пузырьковая сортировка, regexp)— можете посмотреть наши тестовые — ecwid.to/dev ❑ Что предлагаем сотрудникам?— свободный график— нет бюрократии, нет рутины— возможность самостоятельно влиять на то, каким будет продукт для сотен миллионов клиентов по всему миру— лёгкий и удобный инструмент для работы в любое время, где бы ты ни находился — топовый MacBook Pro— отличный офис с крутым видом. Он расположен рядом со старой набережной. У нас есть уютная кухня, переговорки и свой спорт-зал. Два раза в неделю для сотрудников проходят занятия йогой, есть турник и стол для настольного тенниса.— что-то ещё, что вам нужно, но вы пока не сказали нам об этом ;-]"
Java/kotlin developer,https://hh.ru/applicant/vacancy_response?vacancyId=46449065,2021-07-22T13:44:09+0300,False,,,,От 1 года до 3 лет,Полный день,Spring Framework;Git;Java;Docker;Английский язык;,Леруа Мерлен,Москва,"Продуктовая команда &quot;Отношения с клиентами&quot; в поиске разработчика. Продукт: Communication Platform - сервис для омниканальных коммуникаций с клиентами. Что предстоит делать:   Разрабатывать серверную часть на Kotlin высоконагруженной системы коммуникаций с клиентами. Совершенствовать процессы разработки: git flow, code review, написание тестов с минимальным покрытием 80%. Формировать релизы в продакшн.  Требования:   Опыт разработки на Java/Kotlin от 2 лет. Практические навыки работы с Spring (ex: Boot, MVC, Data, Sheduling). Навыки работы с git. Будет плюсом опыт с Docker, Kubernetes. Опыт проектирования и разработки высоконагруженных систем с использованием CI/CD.  Мы предлагаем:  Работу в стабильной компании-лидеров DIY рынка с уникальной корпоративной культурой. Участие в конференциях вместе с нашей международной командой. Возможности для профессионального развития и изучения иностранных языков. Белую заработную плату, систему премирования, ДМС, расширенный социальный пакет и компенсацию питания. Офис около м. Шаболовская (сейчас работаем преимущественно удаленно, в будущем планируем переход на частично удаленную работу). "
"Java/Kotlin Developer (Qodana, Static Analysis Project)",https://hh.ru/applicant/vacancy_response?vacancyId=43416870,2021-08-03T12:08:44+0300,False,220000,,RUR,От 3 до 6 лет,Полный день,Java;Kotlin;,JetBrains,Новосибирск,"At JetBrains, we have a passion for building the strongest, most effective developer tools in the world. Our tools are designed to give developers the freedom to grow, discover, and create.Over 8 million of the world&#39;s most dynamic developers speed up their workflows using our products, which help them stay focused on code design and the big picture and allow them to deliver more creative and effective results. Qodana is a new product being added to the JetBrains Team Tools lineup. It is a powerful, flexible solution for monitoring code quality. The aim of the product is to identify and suggest fixes for bugs, security vulnerabilities, duplications, and imperfections in your codebase. Our product leverages the code development experience of JetBrains tools, and it can also be integrated with a variety of other products to enhance or reinforce their features. We are looking for a talented software engineer who is eager to take on complex challenges – from code analysis execution inside the IntelliJ platform to implementing AWS integration. Every team member has their own specialization, but we still expect everyone to have a deep understanding of the product as a whole. Every engineer at Qodana plays an essential role in forming the product vision and realizing each part of it. We value everyone’s opinions and active position as much as their ability to collaborate as part of the team. What you will do:   Develop complex solutions, working with them from idea to production.   Ensure that all architectural and technological decisions are reasonable and justified.   Collaborate with other team members to influence product strategy and direction.   Design, write, and ship well-tested, reliable, and maintainable code.   Learn from your coworkers and teach others through discussions and code reviews.   Create new features from scratch and improve existing features based on research and feedback from users.   Basic Qualifications:   BA/BS degree in Computer Science or equivalent practical experience.   At least 5 years of experience in Java/Kotlin development.   Have a strong understanding of data structures and algorithms.   Have strong teamwork skills, be open to diverse opinions, and be able to support your points with sound reasoning.   Bonus Qualifications:   Experience in performance optimization and profiling.   Ability to communicate with all levels of users (internal and external). Strong problem-solving skills.   Adaptability and willingness to take responsibility for your own tasks.   Participation in OSS projects, readiness to send PRs to external tools that we use.   Knowledge of other programming languages and paradigms (Haskell, Python, Scala, Ruby, etc.).   Project technology stack:   Client-side: React, Redux, Recompose, Ring UI, Typescript.   Backend: AWS, TeamCity, IntelliJ IDEA in Docker, Java/Spring App, GitHub Apps.   Building: yarn, webpack, Babel, postcss, CSS Modules, Gradle.   Unit Testing: Karma, Mocha, Chai, Sinon, Enzyme.   Manual and screenshot testing: Storybook, Gemini.   Integration testing: TeamCity.   What we offer:   Flexible working hours, a comfortable and friendly workspace, horizontal management structure, direct communication, and helpful and engaged colleagues.   Competitive salary.   25 working days of paid leave per year.   Great team and office environment and a Happiness Manager on staff.   Fitness and leisure zones and a company-paid car park.   Additional benefits including lunch vouchers, free refreshments and snacks in the office, and more.  "
Java/Kotlin разработчик (удаленная работа),https://hh.ru/applicant/vacancy_response?vacancyId=46486647,2021-07-23T16:37:59+0300,False,,,,От 3 до 6 лет,Удаленная работа,Java;SQL;Spring Framework;Kotlin;Spring;Docker;computer vision;machine learning;,Интертехэлектро,Нижний Новгород,"Центр 2М - IT компания, которая предлагает комплексные решения в сфере IoT, ML, BigData, AI. Мы ищем разработчика для проектов IoT, видео-аналитики, системы мониторинга различных экологических метрик российских регионов. Ищем коллегу с:  Опыт разработки Java/Kotlin; Умением писать чистый понятный поддерживаемый код; Spring, Sql, Docker; Знание основных алгоритмов и структур данных.  Будет плюсом:  Опыт работы с computer vision, machine learning; Kafka, k8s.  Мы предлагаем:  формат удаленной работы; соблюдение ТК РФ (стабильная белая компания); ДМС после прохождения испытательного срока; конкурентоспособную оплату труда, которая обсуждается индивидуально с каждым кандидатом.         "
Java/Kotlin developer,https://hh.ru/applicant/vacancy_response?vacancyId=44313724,2021-08-04T09:02:26+0300,False,150000,,RUR,От 3 до 6 лет,Полный день,Java;Android;Kotlin;,Пауэр Тех,Рязань,"В связи с расширением ищем коллегу, который займётся Android разработкой. Тебе предстоит:  Работать над внутренним проектом компании - рекламным SDK и создавать мобильные приложения. Работать в команде под руководством менеджера проекта, взаимодействовать с разработчиками, тестировщиками и другими специалистами.  Наши требования:  Опыт разработки Android приложений на Java или Kotlin Публикация проектов в Google Play Желателен опыт интеграции сторонних SDK Знание английского языка на уровне от B1 (intermediate).  Мы предлагаем:  Официальное трудоустройство Обеды Гибкий график работы при необходимости Офис в центре Рязани Периодический пересмотр заработной платы     РАБОТА В ОФИСЕ, кандидаты из других городов не рассматриваются "
Middle Android developer (Kotlin),https://hh.ru/applicant/vacancy_response?vacancyId=45619258,2021-08-02T18:09:58+0300,False,100000,180000,RUR,От 1 года до 3 лет,Полный день,Android;Java;Kotlin;Разработка под Android;Git;Android studio;RxJava 2;,FINCH Mobile,Москва,"Привет! Мы — компания FINCH Mobile. Мы создаём и запускаем высоконагруженные, мобильные приложения для брендов с большой аудиторией. Среди наших клиентов: Газпром-медиа, Столото, Спартак, Sport24 и другие бренды. Аудитория наших приложений — от 500 тыс. до 5 млн зарегистрированных пользователей. Нам интересно делать крупные, наполненные функциями, качественные продукты, работать с большой аудиторией, развивать свою экосистему и выстраивать внутренние процессы. У нас выросла нагрузка на текущих проектах, и добавились новые и, чтобы закрывать задачи в срок, мы решили найти нового Android-разработчика в команду. Вкратце про проект. Столото — монополист лотерейного бизнеса в России. Мы работаем вместе уже более 9 лет и занимаемся сайтом, мобильным сайтом, мобильным приложением, back-end архитектурой, DevOPS-направлением. Проект большой: во время розыгрышей на сайт и в приложение могут одновременно заходить десятки миллионов человек, а одним только сайтом у нас занимаются десять человек. Что нужно будет делать:  Поддерживать и совершенствовать текущие мобильные приложения компании. Заниматься разработкой новых мобильных приложений.  Что мы ждем от кандидата:  Опыт коммерческой разработки приложений Уверенное знание Java / Kotlin. Весь новый код мы пишем только на Kotlin и чувствуем себя прекрасно Знание принципов Clean Arcitecture, MVVM, умение применять их на практике Понимание работы JSON, RxJava, Coroutines Понимание, откуда берутся RaceConditions Знание DI: Toothpick, Dagger2 Понимание работы API: Retrofit2, OkHttp Понимание работы баз данных: Room, Paper, SQLite Опыт размещения приложения в playstore  Что мы даем сотрудникам:   Работу над проектами с крупной аудиторией в несколько млн. пользователей   Никакой бюрократии   Гибкое начало рабочего дня (с 8 до 12 утра по МСК)   Бесплатные занятия английским языком   Курсы и конференции за счет компании   Комфортное рабочее место. У нас не коворкинг, а собственный двухэтажный офис с двориком в пешей доступности от м. Электрозаводская  "
Разработчик Android (Kotlin),https://hh.ru/applicant/vacancy_response?vacancyId=46635767,2021-07-29T16:33:19+0300,False,,,,От 1 года до 3 лет,Полный день,Java;Kotlin;Git;Android;Android SDK;,МТС,Москва,"Мы МТС - ведущий телекоммуникационный оператор России и стран СНГ. Компания предоставляет широкий спектр услуг и продуктов более чем 100 миллионам абонентов. Команда МТС:  Создает и развивает все сервисы МТС; Цифровизирует обслуживание и делает его быстрее, современнее и доступнее для абонентов всех сегментов; Автоматизирует все внутренние бизнес-процессы для достижения максимальной эффективности и качества;  Сейчас нам требуется Android (Kotlin) разработчик в уникальный проект по автоматизации процесса серийного учета абонентского оборудования.Офис в Москве, но есть возможность работать полностью удаленно Чем предстоит заниматься:  Разрабатывать мобильное приложение на Kotlin; Участвовать во внедрении ИТ-продукта на всех этапах жизненного цикла; Взаимодействовать с внутренней проектной/продуктовой командой – архитектор, аналитики, разработчики, QA, PM; Развивать экспертизу команды разработчиков внутри компании – изучать новые тренды и технологии, и использовать их на реальных продуктах;  Что пригодится:  Знание Kotlin; Технический английский язык; Опыт работы с GIT, Android Studio; Коммерческий опыт работы от 1,5 лет;  Будет плюсом:  Firebase; Android Jetpack (LiveData, Databinding, Navigation, Room, ViewModel); Опыт работы с инструментами управления разработкой в любой из методологий – TFS, Azure, JIRA, Redmine;  Мы предлагаем:  Стабильную заработную плату и премии (20% от суммарного годового дохода); Гибкое начало рабочего дня, возможность работать из дома; Компенсацию мобильной связи с первого дня; Заботу о здоровье своих сотрудников: ДМС, включая стоматологию; Саморазвитие: вы сможете проходить тренинги очно и дистанционно в Корпоративном университете компании и участвовать в чемпионатах по программированию; Спорт: корпоративные соревнования по футболу, баскетболу и волейболу, различные спорт-программы и компенсацию вашего фитнес-абонемента; Скидки от компаний-партнеров (банки, фитнес, рестораны, языковые школы и многое другое); Хороший отдых: отпуск 28 календарных дней + 3 календарных дня дополнительно ежегодно; "
Senior Java / Kotlin Developer,https://hh.ru/applicant/vacancy_response?vacancyId=46122745,2021-07-09T14:50:42+0300,False,320000,,RUR,Более 6 лет,Удаленная работа,Java;Spring Framework;Back-end;Unit Testing;,Солантек,Казань,"В компании Solanteq мы разрабатываем продукты, решающие задачи наших клиентов (это процессинговые компании и банки в России, в том числе из топ-10, и за рубежом) в финтех сфере, такие как:  Обработка транзакций по платежным картам (МПС Visa, MasterCard, Мир и другие). Осуществление интернет платежей, в частности мы являемся сертифицированным поставщиком 3D-Secure решений. Осуществление NFC-платежей (ApplePay, AndroidPay и MirPay). Запуск программ банковской и розничной лояльности. Управление терминалами, такими как POS-терминалы и банкоматы. Автоматизация тестирования банковских систем.  Задачи:  Разработка новых и развитие существующих бизнес-модулей системы. Проработка технический решений для обеспечения отказоустойчивости и масштабирования системы (в том числе работа в ген-распределенной инфраструктуре). Проработка архитектуры новых модулей системы и решений на базе продуктов компании. Участие в проектах по разработке и внедрению инновационных проектов в fintech области. Курирование младших разработчиков. Внедрение новых технологий и devops практик.  Требования к кандидатам:  Опыт коммерческой разработки back-end на Java от 5 лет. Опыт разработки распределенных систем. Опыт работы с Spring Framework. Опыт работы с *nix системами. Умение читать и понимать чужой код. Умение писать unit-тесты и понимание, зачем это нужно. Умение и желание работать в команде. Интерес к новым фреймворкам и технологиям. Желание разбираться в предметной области. Английский язык желательно. Опыт работы с PostgreSQL, Oracle (или другими классическими базами данных) будет плюсом.  Условия:  Активная разработка и возможность увидеть созданную с Вашим участием систему в проде. Дружелюбная, не бюрократизированная обстановка. Оформление по ТК. Возможность выбирать формат работы - удаленно или в комфортном офисе в Санкт-Петербурге (помогаем с релокацией). ДМС и страховка для путешественников.  Как всё устроено:  Кодовая база на Java 8+ (в новом коде используем фичи Java 11) и Kotlin. Хранение исходных кодов и код ревью в Self-Hosted GitLab. CI/CD на базе TeamCity. Использование AWS для внутренней инфраструктуры. Фреймворки и технологии (поддерживаем актуальные версии): Java 11, Spring 5, Hibernate, Infinispan, Mockito, PostgreSQL, RabbitMQ и так далее. "
Java (Kotlin) Backend Developer (remote),https://hh.ru/applicant/vacancy_response?vacancyId=46608724,2021-07-28T20:59:06+0300,False,,,,От 1 года до 3 лет,Полный день,Java 8;Spring Framework;gitflow;Docker;Java 11;NoSQL;Kubernetes;CI/CD;Java;Kotlin;,HEADS and HANDS,Красноярск,"Heads and Hands помогает своим клиентам улучшать ежедневную жизнь людей и автоматизировать их рутину с помощью мобильных приложений и веб-сервисов. Мы верим, что мобильные приложения могут сделать компании действительно полезными для людей, когда, за счёт удобной экосистемы и пользовательского опыта, ценность продуктов и услуг превышает их физическую цену. С помощью мобильных экосистем мы создаем возможности для лучшей жизни, которые закрывают потребности человека и помогают бизнесу стать лидером в отрасли. Мы сделали продукты для Касперского, Land Rover, Lamoda, Leroy Merlin. Помогли с проектами Яндексу, ABBY, Mail.Ru, Сбербанку и Тинькофф Банку. А еще мы входим в топ-5 среди разработчиков мобильных приложений по версии Tagline, и это очень приятно :) Начинали мы в далеком 2012 как небольшой стартап, а сейчас являемся одной из крупнейших компаний в России в области мобильной разработки. У нас три офиса (в Питере, Саранске и Новосибирске) и своя школа разработки. Сейчас мы растем, и поэтому ищем в нашу команду Java-разработчика. В твои ежедневные задачи будет входить:   Разработка API для мобильных и веб-приложений   Интеграция со сторонними сервисами   Взаимодействие с командой разработки и менеджерами   У нас все получится, если ты:  Обладаешь компетенциями уверенного middle разработчика Имеешь коммерческий опыт разработки на Java (8,11 и выше) от 1 года Обладаешь разговорным Spring&#39;ом Умеешь работать с нереляционными базами данных  Плюсом будет:  Знание и опыт работы с Docker, Kubernetes, CI/CD Знание Kotlin  Что мы предлагаем:  Официальное оформление и полностью белая з/п Фиксированный оклад (определяем с кандидатом по итогам тех. собеседования) ДМС через год работы Возможность работать удаленно из любого города, гибкое начало рабочего дня (формально - с 9:00 до 11:30 мск, но все обсуждаемо:) Частичную/полную плату обучающих материалов, билетов на лекции и конференции по твоему запросу  Работа над крупным, технически сложным проектом в команде опытных разработчиков, QA, дизайнеров и проджект-менеджера - ребята всегда на связи и готовы помочь, если возникают трудности  Веселые командировки к команде и тимлидам (если совпадает необходимость и желание)  Эта вакансия для тебя, если:  Ты хочешь развиваться и делать действительно полезные приложения на топовом стеке Любишь командную работу и информативный фидбек от лидов Ценишь отлаженные процессы разработки и возможность быстро прокачаться в экспертной, дружелюбной и эмпатичной команде "
Middle Kotlin Multiplatform developer,https://hh.ru/applicant/vacancy_response?vacancyId=46781755,2021-08-04T13:09:49+0300,False,80000,120000,RUR,От 1 года до 3 лет,Гибкий график,Kotlin;Android;Kotlin Multiplatform;iOS;,Динамекс,Санкт-Петербург,"Описание проекта Разработка приложения для контроля доступа на мероприятия (сканер билетов). В команду требуется человек, который имеет опыт в разработке мобильных приложений на Kotlin. Обязанности:  Разработка мобильного приложения на Kotlin Mutiplatform для iOS и Android Интеграция с бекенд API Интеграция со сканером штрих-кодов  Требования:   Опыт работы с Kotlin от 1 года   Понимание Kotlin Mutiplatform   Условия:  Офис в 5 мин от м. Выборгская Гибкий график Agile и печеньки "
Java/Kotlin разработчик (удаленная работа),https://hh.ru/applicant/vacancy_response?vacancyId=46486676,2021-07-23T16:38:36+0300,False,,,,От 3 до 6 лет,Удаленная работа,Java;SQL;Spring Framework;Kotlin;Spring;Docker;computer vision;machine learning;Backend;,Интертехэлектро,Ростов-на-Дону,"Центр 2М - IT компания, которая предлагает комплексные решения в сфере IoT, ML, BigData, AI. Мы ищем разработчика для проектов IoT, видео-аналитики, системы мониторинга различных экологических метрик российских регионов. Ищем коллегу с:  Опыт разработки Java/Kotlin; Умением писать чистый понятный поддерживаемый код; Spring, Sql, Docker; Знание основных алгоритмов и структур данных.  Будет плюсом:  Опыт работы с computer vision, machine learning; Kafka, k8s.  Мы предлагаем:  формат удаленной работы; соблюдение ТК РФ (стабильная белая компания); ДМС после прохождения испытательного срока; конкурентоспособную оплату труда, которая обсуждается индивидуально с каждым кандидатом.         "
Kotlin developer (проект Billing & Allocation),https://hh.ru/applicant/vacancy_response?vacancyId=42710595,2021-08-02T09:49:14+0300,False,,,,Нет опыта,Полный день,,Сбербанк,Москва,"Наша команда занимается разработкой централизованных финансовых систем в Экосистеме. Наше ПО служит для взаиморасчетов как между участников Экосистемы, так и с ее партнерами/клиентами.Наши финансовые системы - технически сложные, с множеством бизнес логики продукты. Они должны быть удобными для пользователей и готовы к высокой разнопрофильной нагрузке.У нас есть: MVP, живые пользователи и огромное множество задач.Наш технологический стек:  Kotlin Spring: Boot, Cloud, Data Gradle Docker OpenShift PostgreSQL    От кандидатов мы ожидаем:  Знания нашего технологического стека Знания основ SQL, опыт работы с реляционными базами данных: Oracle, PostgreSQL Желания ставить и достигать амбициозные цели, работать в Agile командах и постоянно развиваться Опыт разработки клиент-серверных приложений Понимания основных шаблонов проектирования и принципов ООП Хорошего понимания концепции микросервисной архитектуры Умения (и желания!) оптимизировать и тестировать свой код Системное мышление Самостоятельность    Плюсом будет:  Опыт управления командой разработки, декомпозиция требований и постановка задач Разработка на одном из языков: Go, Python, C/C++ Ссылки на реализованные проекты на GitHub    Что предлагаем взамен:    интересные задачи по продуктам, влияющим одновременно на всю Экосистему: мы пишем продукты с 0, а значит никакого legacy и свобода творчества команда специалистов из топовых ИТ компаний регулярное обучение и профильные конференции, современное оборудование для работы Уровень дохода который готовы обсуждать и отталкиваться от ваших пожеланию, плюс премии комфортный офис и гибкий график множество плюшек от Сбера "
Java/Kotlin разработчик (удаленная работа),https://hh.ru/applicant/vacancy_response?vacancyId=46486677,2021-07-23T16:38:36+0300,False,,,,От 3 до 6 лет,Удаленная работа,Java;SQL;Spring Framework;Kotlin;Spring;Docker;computer vision;machine learning;Backend;,Интертехэлектро,Тюмень,"Центр 2М - IT компания, которая предлагает комплексные решения в сфере IoT, ML, BigData, AI. Мы ищем разработчика для проектов IoT, видео-аналитики, системы мониторинга различных экологических метрик российских регионов. Ищем коллегу с:  Опыт разработки Java/Kotlin; Умением писать чистый понятный поддерживаемый код; Spring, Sql, Docker; Знание основных алгоритмов и структур данных.  Будет плюсом:  Опыт работы с computer vision, machine learning; Kafka, k8s.  Мы предлагаем:  формат удаленной работы; соблюдение ТК РФ (стабильная белая компания); ДМС после прохождения испытательного срока; конкурентоспособную оплату труда, которая обсуждается индивидуально с каждым кандидатом.         "
Разработчик Android (Kotlin),https://hh.ru/applicant/vacancy_response?vacancyId=46467537,2021-08-04T09:43:42+0300,False,,,,От 1 года до 3 лет,Полный день,Git;Java;Android;ООП;Android SDK;Kotlin;,Космос-Веб,Новосибирск,"Космос-Веб — интерактивное агентство полного цикла с большим опытом сложных и ответственных проектов. Создаем корпоративные сайты и интернет-магазины, разрабатываем мобильные приложения, привлекаем посетителей из поисковых систем и соцсетей, внедряем сквозную аналитику и развиваем проекты. Входим в ТОП-30 агентств РФ.Ищем в команду увлеченных разработчиков, готовых расти. Сейчас развиваем команду, которая готова принять Android-разработчика на Kotlin, уровня middle/middle+ для постоянной работы в офисе на полную full-time занятость в новое, продуктовое стартап направление. Требования: — Опыт коммерческой мобильной разработки от 2-х лет; — Уверенное знание Java/Kotlin; — Понимание принципов ООП, MVC и MVVM; — Опыт работы со стандартными сервисами Android OS; — Опыт работы с Firebase; — Опыт создания клиент-серверных приложений; — Умение работать с git, ведение проектов в Redmine; — Жажда новых знаний и постоянного профессионального роста; — Желательно владение английским языком на уровне чтения технической документации. Условия:​​​​​​​ — Уровень з/п по результатам собеседования (оклад + премии); — Работа в офисе, без прямого общения с клиентами; — Испытательный срок до 2 месяцев; — Условия для карьерного роста и время на саморазвитие; — Демократичные взаимоотношения, оперативное принятие любых решений; — Классный молодой, дружный, интересный и весёлый коллектив; — Стабильность (более 16 лет на рынке); — Удобное расположение офиса; — Официальное трудоустройство по ТК РФ; — Офис на 12-ом этаже с шикарным видом на город."
Android developer (Java / Kotlin),https://hh.ru/applicant/vacancy_response?vacancyId=41904767,2021-08-04T11:02:26+0300,False,,,,От 3 до 6 лет,Полный день,Android;ООП;Android SDK;Java;,Rutube,Москва,"Ищем Android разработчика в команду мобильной разработки Rutube.Задачи:  Разработка и поддержка, внедрение новых фич для приложений Android/AndroidTv (19+); Взаимодействие с командой бекэнда, фронтэнда, менеджерами, тестировщиками; Покрытие кода unit-тестами.  Ближайшие планы:   Перезапуск приложения; Добавление функционала прямых эфиров; Добавление функционала аудиоподкастов и чатов.  Ожидания от кандидата:  Уверенное знание Java, Kotlin, Android SDK; Знание паттернов проектирования, принципов ООП, SOLID; Знание принципов работы Auto Layout; Опыт разработки многопоточных приложений; Знание Android guidelines; Опыт работы с системами управления проектами и контроля версий.  Будет плюсом:  Опыт работы с видео; CI/CD; Автоматизация UI-тестирования.  Условия:  Заработная плата полностью белая. Уровень готовы обсудить индивидуально; Интересные проекты на пике современных технологий; Красивый офис недалеко от м. Проспект мира; График работы 5/2, гибкое начало дня; ДМС после испытательного срока; Комфортная кухня с вкусным кофе, чаем, какао, фруктами, овощами и т.д. "
Junior Java/Kotlin Developer,https://hh.ru/applicant/vacancy_response?vacancyId=46335180,2021-07-29T19:35:19+0300,False,,,,Нет опыта,Полный день,Spring Framework;Kotlin;Java;,Just AI,Санкт-Петербург,"Just AI одна из лидирующих продуктовых компаний в сфере Conversational AI. Нашими продуктами пользуется около ста крупных российских и ряд международных IT-компаний, телеком-компаний, банков (Yandex, Mail.ru Group, Сбер, МТС, Мегафон, Альфа-банк, HH.ru, Qiwi, BNP Paribas). Наши SAAS платформы и инженерные фреймворки используют более 40 000 разработчиков и малых-средних компаний по всему миру. Наш фокус – технологии понимания естественного языка, инструменты для создания голосовых ассистентов, машинного обучения, speech synthesis and voice cloning, системы управления диалогом, NLU/NLP/DM/ODQA/CDQA. Мы приглашаем вас присоединиться к дружной и профессиональной команде в головной R&amp;D офис компании в самом сердце Санкт-Петербурга. Сейчас в нашей команде разработки уже больше 60 человек. Мы работаем в кроссфункциональных командах, по Scrum. У нас гора идей, серьезные планы и много работы, поэтому мы расширяем команду и ищем Junior Java/Kotlin разработчика. Используемый стек технологий: Java 8/Kotlin, Spring Boot 2, Spring Cloud, PostgreSQL, MongoDB. Чем вы будете заниматься:  Развивать наш собственный DSL для разработки сценариев ботов; Дорабатывать функциональность Web IDE и визуального конструктора ботов (в части backend); Интегрироваться с различными мессенджерами, операторскими рабочими местами, ассистентами (сейчас у нас более 15 различных интеграций); Улучшать систему аналитики работы ботов (нашим пользователям нужно в реальном времени строить графики эффективности бота на объёмах текстовых данных порядка 1ТБ); Создавать новые решения для тарификации и биллинга облачных клиентов платформы (интеграция с платёжными системами, контроль лимитов, прозрачное информирование, партнёрская программа); Реализовывать интерактивные шаблоны для создания ботов; Работать над масштабированием и отказоустойчивостью сервисов (Service Discovery, client-side balancing, graceful shutdown).  Наши ожидания:  использование в работе Java 8, Spring (core, data, mvc, integration, test), JPA от 6 месяцев; опыт работы с SQL базами данных; знание Linux на уровне уверенного пользователя командной строки; будет плюсом: опыт автоматизации, желание и умение внедрять и улучшать процессы CI/CD, опыт работы с облачной инфраструктурой (Azure, OpenShift, Heroku, Google App Engine): интерес к теме AI, готовность изучать и работать над алгоритмами искусственного интеллекта.  Условия:   Интересные проекты, возможность быстрой имплементации результатов исследований в продукты и публикации в научных изданиях;   Возможности для профессионального роста и обмена опытом как внутри коллектива, так и в рамках внешнего сотрудничества с нашими партнерами, клиентами, университетами и сообществами;   Самые передовые технологии, высокие амбиции, международные продукты, быстрые практические результаты;   Официальное оформление по ТК, компенсация больничных и отпусков в 100% размере от текущего оклада;   Кафетерий льгот: ДМС/компенсация спорта, обучения, хобби или отдыха;   Отличный современный офис, в котором предусмотрено все для комфортной работы: от велопарковок и удобной мебели до общих рабочих зон и обилия фруктов и снеков;   Самое сердце Санкт-Петербурга, Петроградская сторона, неподалеку от ИТМО и офисов самых известных IT-компаний города и мира, в шаговой доступности от известных IT-шных баров, площадок для митапов;   Just AI входит в группы IT-компаний i-Free, объединяющей 16 компаний со штатом около 1000 человек – обилие ивентов по обмену опытом, митапов, возможности для горизонтального развития в компаниях группы;   Неповторимая корпоративная культура Just AI DNA, вечеринки, джаз-концерты, совместные кинопросмотры и многое другое…  "
Senior Java / Kotlin Developer,https://hh.ru/applicant/vacancy_response?vacancyId=46122742,2021-07-09T14:50:42+0300,False,320000,,RUR,Более 6 лет,Удаленная работа,Java;Spring Framework;Back-end;Unit Testing;,Солантек,Новосибирск,"В компании Solanteq мы разрабатываем продукты, решающие задачи наших клиентов (это процессинговые компании и банки в России, в том числе из топ-10, и за рубежом) в финтех сфере, такие как:  Обработка транзакций по платежным картам (МПС Visa, MasterCard, Мир и другие). Осуществление интернет платежей, в частности мы являемся сертифицированным поставщиком 3D-Secure решений. Осуществление NFC-платежей (ApplePay, AndroidPay и MirPay). Запуск программ банковской и розничной лояльности. Управление терминалами, такими как POS-терминалы и банкоматы. Автоматизация тестирования банковских систем.  Задачи:  Разработка новых и развитие существующих бизнес-модулей системы. Проработка технический решений для обеспечения отказоустойчивости и масштабирования системы (в том числе работа в ген-распределенной инфраструктуре). Проработка архитектуры новых модулей системы и решений на базе продуктов компании. Участие в проектах по разработке и внедрению инновационных проектов в fintech области. Курирование младших разработчиков. Внедрение новых технологий и devops практик.  Требования к кандидатам:  Опыт коммерческой разработки back-end на Java от 5 лет. Опыт разработки распределенных систем. Опыт работы с Spring Framework. Опыт работы с *nix системами. Умение читать и понимать чужой код. Умение писать unit-тесты и понимание, зачем это нужно. Умение и желание работать в команде. Интерес к новым фреймворкам и технологиям. Желание разбираться в предметной области. Английский язык желательно. Опыт работы с PostgreSQL, Oracle (или другими классическими базами данных) будет плюсом.  Условия:  Активная разработка и возможность увидеть созданную с Вашим участием систему в проде. Дружелюбная, не бюрократизированная обстановка. Оформление по ТК. Возможность выбирать формат работы - удаленно или в комфортном офисе в Санкт-Петербурге (помогаем с релокацией). ДМС и страховка для путешественников.  Как всё устроено:  Кодовая база на Java 8+ (в новом коде используем фичи Java 11) и Kotlin. Хранение исходных кодов и код ревью в Self-Hosted GitLab. CI/CD на базе TeamCity. Использование AWS для внутренней инфраструктуры. Фреймворки и технологии (поддерживаем актуальные версии): Java 11, Spring 5, Hibernate, Infinispan, Mockito, PostgreSQL, RabbitMQ и так далее. "
Java (Kotlin) Backend Developer (remote),https://hh.ru/applicant/vacancy_response?vacancyId=46608715,2021-07-28T20:59:06+0300,False,,,,От 1 года до 3 лет,Полный день,Java 8;Spring Framework;gitflow;Docker;Java 11;NoSQL;Kubernetes;CI/CD;Java;Kotlin;,HEADS and HANDS,Волгоград,"Heads and Hands помогает своим клиентам улучшать ежедневную жизнь людей и автоматизировать их рутину с помощью мобильных приложений и веб-сервисов. Мы верим, что мобильные приложения могут сделать компании действительно полезными для людей, когда, за счёт удобной экосистемы и пользовательского опыта, ценность продуктов и услуг превышает их физическую цену. С помощью мобильных экосистем мы создаем возможности для лучшей жизни, которые закрывают потребности человека и помогают бизнесу стать лидером в отрасли. Мы сделали продукты для Касперского, Land Rover, Lamoda, Leroy Merlin. Помогли с проектами Яндексу, ABBY, Mail.Ru, Сбербанку и Тинькофф Банку. А еще мы входим в топ-5 среди разработчиков мобильных приложений по версии Tagline, и это очень приятно :) Начинали мы в далеком 2012 как небольшой стартап, а сейчас являемся одной из крупнейших компаний в России в области мобильной разработки. У нас три офиса (в Питере, Саранске и Новосибирске) и своя школа разработки. Сейчас мы растем, и поэтому ищем в нашу команду Java-разработчика. В твои ежедневные задачи будет входить:   Разработка API для мобильных и веб-приложений   Интеграция со сторонними сервисами   Взаимодействие с командой разработки и менеджерами   У нас все получится, если ты:  Обладаешь компетенциями уверенного middle разработчика Имеешь коммерческий опыт разработки на Java (8,11 и выше) от 1 года Обладаешь разговорным Spring&#39;ом Умеешь работать с нереляционными базами данных  Плюсом будет:  Знание и опыт работы с Docker, Kubernetes, CI/CD Знание Kotlin  Что мы предлагаем:  Официальное оформление и полностью белая з/п Фиксированный оклад (определяем с кандидатом по итогам тех. собеседования) ДМС через год работы Возможность работать удаленно из любого города, гибкое начало рабочего дня (формально - с 9:00 до 11:30 мск, но все обсуждаемо:) Частичную/полную плату обучающих материалов, билетов на лекции и конференции по твоему запросу  Работа над крупным, технически сложным проектом в команде опытных разработчиков, QA, дизайнеров и проджект-менеджера - ребята всегда на связи и готовы помочь, если возникают трудности  Веселые командировки к команде и тимлидам (если совпадает необходимость и желание)  Эта вакансия для тебя, если:  Ты хочешь развиваться и делать действительно полезные приложения на топовом стеке Любишь командную работу и информативный фидбек от лидов Ценишь отлаженные процессы разработки и возможность быстро прокачаться в экспертной, дружелюбной и эмпатичной команде "
Android- разработчик (Java/Kotlin),https://hh.ru/applicant/vacancy_response?vacancyId=45857015,2021-08-02T14:10:36+0300,False,180000,270000,RUR,От 1 года до 3 лет,Полный день,Java;Android;Scrum;Android SDK;kotlin;,Мидлэнд Ритейл Груп,Москва,"Задачи Android разработчика:  Поддержка существующего Android проекта на Kotlin;  Развитие нового функционала;   Участие в проектирование продукта (API и внутренняя архитектура);   Взаимодействие с дизайнерами и тестировщиками;   Проведение code-review.     Наши ожидания от кандидата:  Опыт в разработке Android от 3-х лет; Свободное владение Java и Android SDK; Знание шаблонов проектирования MVP, MVVM, набор компонентов Android Jetpack, умение их применять; Поддерживаемый и тестируемый код; Большой практический опыт, касательно вопросов многопоточности и асинхронности; Умение работать в команде, находить убедительные аргументы, конструктивно реагировать на аргументы коллег; Желание непрерывно совершенствовать свои навык.    Вашим преимуществом будет:   Опыт работы с гибкими методологиями (Scrum, Kanban);   Опыт работы с картами (google maps);     Мы предлагаем:   Позитивную рабочую атмосферу, основанную на открытости, доверии, взаимном уважении и развитой культуре обратной связи;   Удаленку или офис в пешей доступности от Метро “Парк Культуры“;   Гибкое утро: начало работы с 8 до 11;   Оформление по ТК РФ;   ДМС.  "
Android - разработчик (Kotlin),https://hh.ru/applicant/vacancy_response?vacancyId=46438744,2021-07-22T10:28:05+0300,False,,280000,RUR,От 1 года до 3 лет,Удаленная работа,Стратегическое мышление;Agile;Удаленная работа;Эрудированность;Эрудиция;,Enjoypro,Москва,"Мы - компания EnjoyPRO по разработке ПО, входим в группу компаний АКМЭ (реализующую проекты в различных сегментах рынка уже 15 лет!) победителя в конкурсе «Сделано в России» за высокие показатели качества профессиональной деятельности в 2019 году. Текущие проекты. Обучающее приложение Тинькофф &quot;Инвестировать, а как?”, приложение для здорового питания “My foods”, Приложение для фитнес центров. Наша команда - это удаленная команда разработчиков, работающих в разных уголках СНГ. Работа в EnjoyPro это возможность:  Получить бесценный опыт и повысить свою конкурентоспособность на рынке труда Выбрать технологический стек, с которым хотелось бы работать Работать в составе команды специалистов высокого уровня Постоянно совершенствовать свои навыки в кругу настоящих профессионалов Отойти от рутины и решать интересные задачи Расширить ответственность и вырасти в процессе профессиональной деятельности Принять участие в создании уникальных современных программных продуктов Поучаствовать в процессе создания софта в соответствии с Agile-философие  Чем предстоит заниматься:  Разработка сложных программных продуктов; Поддержка и модернизация существующих решений; Участие в развитии продукта; Участие в процессе планирования и достижении целей; Участие во всём процессе разработки - от проектирования до запуска;  Требования:  Опыт работы от 1.5 лет; Уверенное владение Kotlin, MVP, Rx; Опыт написания клиент-серверных приложений; Version control systems, bug tracking systems .  Условия:  Заработная плата ощутимо выше средней по рынку; Гибкий график; Амбициозные проекты, интересные с профессиональной точки зрения задачи; Широкий технологический стек; Команда профессионалов; Удаленное сотрудничество с выстроенными процессами;  Ждем резюме!  "
Kotlin Developer (Exception Analyzer),https://hh.ru/applicant/vacancy_response?vacancyId=42259392,2021-08-02T12:18:02+0300,False,,,,От 1 года до 3 лет,Гибкий график,Kotlin;,JetBrains,Новосибирск,"We write a lot of code at JetBrains, and inevitably it sometimes contains bugs. There are methods to reduce the number of bugs, like static typing and unit tests. Even so, it&#39;s impossible to ensure that all code is 100% bug-free. However, we can get feedback from automated reports that are sent to us straight from our users&#39; production environments. Our Exception Analyzer is a system that collects and processes such reports for IntelliJ-based IDEs. How we organize our work:  Source code is in Kotlin, Java, and Scala. We have a web application and a plugin for IntelliJ-based IDEs. The plugin code is in the IntelliJ codebase. We use our own tools for issue tracking, code review, and build management: YouTrack, Upsource, and TeamCity. Our users are JetBrains developers, so the feedback loop is fast and tight.  We expect that you:  Have development experience with Kotlin or Scala. Are comfortable working on your own initiative. Can write code that is easy to read and maintain. Enjoy solving interesting and challenging problems.  We&#39;ll be especially thrilled if you:  Understand code at the level of algorithms and data structures. Are familiar with the functional approach to software design. Are able to think in product management terms. "
Java/Kotlin разработчик (удаленная работа),https://hh.ru/applicant/vacancy_response?vacancyId=46486678,2021-07-23T16:38:36+0300,False,,,,От 3 до 6 лет,Удаленная работа,Java;SQL;Spring Framework;Kotlin;Spring;Docker;computer vision;machine learning;Backend;,Интертехэлектро,Пермь,"Центр 2М - IT компания, которая предлагает комплексные решения в сфере IoT, ML, BigData, AI. Мы ищем разработчика для проектов IoT, видео-аналитики, системы мониторинга различных экологических метрик российских регионов. Ищем коллегу с:  Опыт разработки Java/Kotlin; Умением писать чистый понятный поддерживаемый код; Spring, Sql, Docker; Знание основных алгоритмов и структур данных.  Будет плюсом:  Опыт работы с computer vision, machine learning; Kafka, k8s.  Мы предлагаем:  формат удаленной работы; соблюдение ТК РФ (стабильная белая компания); ДМС после прохождения испытательного срока; конкурентоспособную оплату труда, которая обсуждается индивидуально с каждым кандидатом.         "
Junior Java/Kotlin-разработчик в MirAccept,https://hh.ru/applicant/vacancy_response?vacancyId=46785858,2021-08-04T14:24:59+0300,False,,,,Нет опыта,Полный день,Java;Kotlin;Spring Framework;СУБД;SQL;HTTP;,Национальная система платежных карт,Москва,"Проект:Система MirAccept обеспечивает безопасное проведение всех платежей, совершаемых в интернете на территории РФ для всех платежных систем. Система работает в режиме 24/7, т.е. должна предоставлять сервис держателям карт в любое время дня или ночи. Наша команда разрабатывает распределенную HighLoad платформу, которая с одной стороны должна обеспечивать прохождение 1 млрд операций в год с минимальной задержкой для держателя карты, а с другой стороны в режиме реального времени идентифицировать мошеннические операции на основе исторических данных (BigData) по совершенным операциям. Пользователи - все держатели пластиковых карт, которые осуществляют операции через интернет. С системой интегрированы и взаимодействуют представители интернет-эквайринга, банки-эмитенты и международные платежные системы. Технологический стекJava, Kotlin, Spring (Boot, MVC, Data), MySql, TomCat, Rest, Gradle, Maven, JavaScript, Cucumber, Jenkins, Selenium, Selenoid, Ansible. Чем ты будешь заниматься:  Участвовать в поддержке и развитии платформы MirAccept; Работать в сплоченной команде, для обеспечения полного цикла разработки – от анализа требований до внедрения продукта; Развивать архитектуру системы и проектировать функциональность, удобную в использовании; Принимать решения и вместе с командой брать за них ответственность; Расширять свои компетенции и непрерывно обучаться.  От тебя потребуется:  Желание развиваться как Fullstack-разработчик, используя современный стек (Spring, Spring Boot, Angular); Знания Core Java / Kotlin; Базовые знания по алгоритмам и структурам данных; Знание принципов ООП и основных шаблонов проектирования; Владение SQL, понимание принципов работы БД.  Будет здорово, если:  Ты знаком со стеком Spring (IoC, MVC, Data, REST, SpringBoot); У тебя есть понимание основ криптографии и практический опыт в использовании TLS; Ты проектировал или разрабатывал высоконагруженные распределенные системы, понимаешь проблемы многопоточной обработки данных; Имеешь опыт web-разработки (HTML, CSS, JavaScript); У тебя есть опыт работы c MySql, Jenkins, Nexus, Ansible, Hibernate; Ты понимаешь принципы CI/CD.  ЧТО У НАС ЕСТЬ:  Достойный уровень заработной платы + премии; Официальное трудоустройство, социальный пакет: ДМС со стоматологией с первого месяца работы, страхование от несчастных случаев и болезней, телемедицина, полис для выезжающих за рубеж, доплата по больничным листам до 20 дней в году, материальная помощь в особых случаях; Профессиональное развитие: обучение за счет компании, посещение профильных конференций, электронная библиотека; Корпоративная культура: командные виды спорта, корпоративные мероприятия, тимбилдинги, лектории; Комфортный офис в центре: тренажерный и спортивный залы, лаунж-зона, корпоративная столовая, микромаркеты, кухни с чаем, кофе и снеками на каждом этаже; Современные машины Core i7, 32 Гб RAM с двумя мониторами и возможностью выбора Windows/Linux; Стандартный график работы с гибким подходом (пока работаем удаленно). "
Ведущий инженер по автоматизированному тестированию / Automated QA Engineer (Java/Kotlin),https://hh.ru/applicant/vacancy_response?vacancyId=46090839,2021-08-01T14:46:58+0300,False,,,,От 3 до 6 лет,Гибкий график,Atlassian Jira;Java;SQL;Тестирование;Scrum;Kotlin;Test case;XPath;Регресcионное тестирование;Автоматизация тестирования;REST;Allure;Тестирование пользовательского интерфейса;RabbitMQ;Git;,WINLINE,Москва,"Приглашаем Ведущего инженера по автоматизированному тестированию / Automated QA Engineer в команду разработки web продукта Winline.Наш продукт состоит из нескольких сервисов и представляет собой технологически сложное многопользовательское онлайн решение по приему ставок на спорт 24/7. Основная цель работы - обеспечить максимальное покрытие автотестами кодовой базы продукта Основные задачи будут такими:  Оценка, планирование задач по автоматизации тестирования; Анализ требований, фиксирование и закрытие дефектов; Создание и актуализация тест кейсов; Автоматизация интеграционных и end2end тестов из Regression pack на UI и на backend Доработка и улучшение тестового framework Работа с багтрекинг-системой Jira; Командное планирование и анализ задач; Разбор отчетов о прогонах тестов и локализация ошибок Работа по Agile|SCRUM методологии.  Если ты:  Имеешь опыт auto QA 2+ года на Java/Kotlin; Имеешь уверенные знания в теории тестирования: виды тестирования, техники тест дизайна, распределение тестов по уровням тестируемого ПО. Знаешь устройство клиент-серверной архитектуры; Тестировал web и backend приложения; Писал test cases; Работал с HTTP и REST в частности; Работал с webdriver или аналогичной технологией; Умеешь писать короткие селекторы xPath, CSS.  Тебе точно к нам!) Будет плюсом:  Опыт работа с очередями (MQ) и RabbitMQ в частности, и понимание принципов ассинхронного взаимодействия; SQL на уровне написания простых запросов + CRUD; Опыт работы с Redis; Способность прочитать отчет о прогоне автотестов (Allure, ReportPortal, etc)  Что можем предложить:  Конкурентный уровень заработной платы. На собеседовании подробно обсудим ваши ожидания и опыт работы; Работа в опытной команде разработчиков, которые помогут освоиться и вникнуть в особенности продукта; Возможность применить навыки и расширить опыт управления; Адекватный и заинтересованный менеджмент, который говорит с командой на одном языке; Неформальная обстановка в офисе, располагающая рабочая среда, отсутствие бюрократии. "
Junior Kotlin developer,https://hh.ru/applicant/vacancy_response?vacancyId=46565658,2021-07-27T15:25:27+0300,False,,,,От 1 года до 3 лет,Полный день,Kotlin;Android;Android SDK;Retrofit;MVP;,E-COM PORTAL,Казань,"Компания E-COM PORTAL работает на рынке электронной коммерции, является дистрибьютором крупных брендов, занимается исследованиями в области продаж. Мы решаем сложные задачи в сфере e-commerce, оказываем услуги управления данными, аналитики, а также складские услуги и услуги фулфилмента. В настоящий момент мы разрабатываем систему управления собственным фулфилмент центром, который предоставляет услуги переупаковки товаров под требования маркетплейсов, формирование наборов и комплектов, первичную приемку и контроль товаров, а также полный цикл логистических услуг по поставке товара как на распределительные склады маркетплейсов, так и до конечного потребителя. В рамках данного проекта разрабатывается приложение, которое будет работать на ТСД (терминалах сбора данных) сотрудников склада, которое позволит полностью автоматизировать процессы в их работе и поднять уровень цифровизации всего фулфилмент центра. Приложение необходимо тестировать на различных моделях ТСД, которые будут предоставляться в ходе разработки, поэтому ищем специалиста в г. Казань. Возможна удаленная работа с посещением офиса 1-2 раза в неделю. Задачи:   Разработка приложения на языке Kotlin, которое будет работать на ТСД под управлением ОС Android   Взаимодействие с backend разработчиками и бизнес заказчиками для создания лучших решений   Разработка UI интерфейса по макетам в Figma   Повышать эффективность программного кода   Анализировать обратную связь конечных пользователей и использовать её для повышения удобства конечного приложения   Требования к соискателям:   Навыки работы с Git   Знание Kotlin, Android SDK   Знание основных паттернов проектирования (MVVM, MVP)   Опыт разработки клиент серверных приложений (Retrofit, OkHttp)   Понимание принципов внедрения зависимостей (Dagger 2)   Понимание Kotlin Coroutines   Готовность к обучению и профессиональному росту   Мы предлагаем:  Работа в команде профессионалов и решение интересных задач Участие в разработке нового продукта Позитивную атмосферу и дружный коллектив Гибкий график, минимум формализма "
Java/Kotlin разработчик в «СофтТелематику»,https://hh.ru/applicant/vacancy_response?vacancyId=45385562,2021-07-09T19:37:12+0300,False,,,,От 3 до 6 лет,Полный день,Kotlin;Gradle;Git;Spring Framework;Java;ktor;docker;MongoDB;Kafka;PostgreSQL;RabbitMQ;,Национальные телематические системы,Москва,"СофтТелематика — российский разработчик интеллектуальных телематических систем и транспортно-логистических платформ.  Создаем системы управления дорожным движением и весогабаритного контроля, платформы управления логистикой и транспортом. Наши интеллектуальные системы управления дорожным движением и сервисы для мониторинга транзитных перевозок успешно внедряются как в России, так и в зарубежных странах (Индия, Индонезия, Китай). Разрабатываем и внедряем системы взимания платы на автомобильных дорогах классического барьерного типа и типа «Свободный поток». Создаём сервисы, которые собирают и обрабатывают телеметрию объектов дорожной инфраструктуры и бортовых устройств, встраиваемых в автомобили, для взаимодействия систем класса v2x.  Что делает наша команда?  создает средства управления клиентами, тарифами, счетами и операциями клиентов; занимается разработкой интеллектуальных систем мониторинга и прогнозирования; интегрирует платформы с внешними системами и различным периферийным оборудованием.  Инструменты и стек:  fw: Spring, Spring Cloud, ktor, jooq, Exposed inf: Docker, git, gitlab, gradle, consul db: postgresql, mysql, mongodb, redis mq: rabbitmq, kafka etc: itext, sql, kotlinx.html, rsocket, Spring Security, Websocket  Особенности: микросервисная архитектура. Еще у нас терабайты данных и сложная бизнес логика, которая обслуживает эти данные. Поэтому пристальное внимание уделяем стабильности, скорости и слаженности работы сервисов и подсистем. Мы подойдем друг другу, если ты:  кодишь на Java не менее 2 лет, идеально - если есть опыт с Kotlin; имеешь коммерческий опыт работы с экосистемой spring; хорошо знаешь SQL; много учишься и применяешь новые знания на практике.  Что у нас есть:  зарплата в рынке (и регулярно пересматривается), уровень дохода обсуждаем в зависимости от компетенций; комфорт: нет бюрократии, проводим собеседование в 1 этап и быстро даем фидбек, гибкое начало рабочего дня (можно хоть в 11) и нет дресскода; развитие: нетривиальные и сложные задачи, интересные митапы и конференции; забота: докупаем нужную технику для работы, даем дополнительные 3 дня к отпуску и расширенный пакет ДМС; адекватное руководство, открытое к диалогу; удобный офис (7 минут от метро Савеловская) и возможность работать удаленно. "
Java (Kotlin) Backend Developer (remote),https://hh.ru/applicant/vacancy_response?vacancyId=46608716,2021-07-28T20:59:06+0300,False,,,,От 1 года до 3 лет,Полный день,Java 8;Spring Framework;gitflow;Docker;Java 11;NoSQL;Kubernetes;CI/CD;Java;Kotlin;,HEADS and HANDS,Екатеринбург,"Heads and Hands помогает своим клиентам улучшать ежедневную жизнь людей и автоматизировать их рутину с помощью мобильных приложений и веб-сервисов. Мы верим, что мобильные приложения могут сделать компании действительно полезными для людей, когда, за счёт удобной экосистемы и пользовательского опыта, ценность продуктов и услуг превышает их физическую цену. С помощью мобильных экосистем мы создаем возможности для лучшей жизни, которые закрывают потребности человека и помогают бизнесу стать лидером в отрасли. Мы сделали продукты для Касперского, Land Rover, Lamoda, Leroy Merlin. Помогли с проектами Яндексу, ABBY, Mail.Ru, Сбербанку и Тинькофф Банку. А еще мы входим в топ-5 среди разработчиков мобильных приложений по версии Tagline, и это очень приятно :) Начинали мы в далеком 2012 как небольшой стартап, а сейчас являемся одной из крупнейших компаний в России в области мобильной разработки. У нас три офиса (в Питере, Саранске и Новосибирске) и своя школа разработки. Сейчас мы растем, и поэтому ищем в нашу команду Java-разработчика. В твои ежедневные задачи будет входить:   Разработка API для мобильных и веб-приложений   Интеграция со сторонними сервисами   Взаимодействие с командой разработки и менеджерами   У нас все получится, если ты:  Обладаешь компетенциями уверенного middle разработчика Имеешь коммерческий опыт разработки на Java (8,11 и выше) от 1 года Обладаешь разговорным Spring&#39;ом Умеешь работать с нереляционными базами данных  Плюсом будет:  Знание и опыт работы с Docker, Kubernetes, CI/CD Знание Kotlin  Что мы предлагаем:  Официальное оформление и полностью белая з/п Фиксированный оклад (определяем с кандидатом по итогам тех. собеседования) ДМС через год работы Возможность работать удаленно из любого города, гибкое начало рабочего дня (формально - с 9:00 до 11:30 мск, но все обсуждаемо:) Частичную/полную плату обучающих материалов, билетов на лекции и конференции по твоему запросу  Работа над крупным, технически сложным проектом в команде опытных разработчиков, QA, дизайнеров и проджект-менеджера - ребята всегда на связи и готовы помочь, если возникают трудности  Веселые командировки к команде и тимлидам (если совпадает необходимость и желание)  Эта вакансия для тебя, если:  Ты хочешь развиваться и делать действительно полезные приложения на топовом стеке Любишь командную работу и информативный фидбек от лидов Ценишь отлаженные процессы разработки и возможность быстро прокачаться в экспертной, дружелюбной и эмпатичной команде "
Senior Android Kotlin Developer,https://hh.ru/applicant/vacancy_response?vacancyId=43738333,2021-08-02T00:06:08+0300,False,250000,350000,RUR,От 3 до 6 лет,Удаленная работа,Android;Kotlin;ARCore;Sceneform;,Mobigility Inc.,Москва,"Привет! Мы, Mobigility Inc — международная команда разработчиков с главным офисом в Нью-Йорке. В нашей команде разработчики из США, Италии, России, Беларуси, Украины. Работаем полностью удалённо. В данный момент ведём разработку AR-платформы и готовы предложить долгосрочный контракт от 1 года. Гибкий график работы. О проекте AR-платформа состоит из суперапп (под Android и iOS) и веб-сервиса, позволяющего сторонним разработчикам создавать и запускать свои мини-AR-приложения внутри суперапп. AR-платформа имеет своё API и свой скрипт. На данный момент платформа уже работает в режиме бета-тестирования, а в числе её клиентов уже есть крупные компании и независимые разработчики-партнёры, решившие пораньше освоить платформу и брать заказы на разработку AR-приложений. Таким образом, архитектура и ядро платформы уже создано и дальше необходимо наращивать функционал. Что нужно делать Развивать Android-часть супераппа, т.е. внедрять новые фичи, рефакторить и улучшать существующие, расширять внутреннее API супераппа. Требования  Опыт разработки нативных Android приложений на Kotlin или Java от 5 лет Опыт разработки на Kotlin от 3 года Умение создавать сложный кастомный UI и сложные анимации без сторонних библиотек Опыт работы с RxJava Опыт работы с JVM-корутинами  Приветствуется  Опыт написания Unit и UI тестов Интерес к разработке приложений дополненной реальности Интерес к разработке Kotlin Multiplatform проектов  Условия  Удаленная работа в русскоязычной команде разработчиков Полный рабочий день и гибкий график Стабильность и официальное оформление по ТК РФ или работа с ИП Белая заработная плата, уровень оклада согласовывается по результатам собеседования "
Java/Kotlin разработчик (удаленная работа),https://hh.ru/applicant/vacancy_response?vacancyId=46486639,2021-07-23T16:37:40+0300,False,,,,От 3 до 6 лет,Удаленная работа,Java;SQL;Spring Framework;Kotlin;Spring;Docker;computer vision;machine learning;Backend;,Интертехэлектро,Санкт-Петербург,"Центр 2М - IT компания, которая предлагает комплексные решения в сфере IoT, ML, BigData, AI. Мы ищем разработчика для проектов IoT, видео-аналитики, системы мониторинга различных экологических метрик российских регионов. Ищем коллегу с:  Опыт разработки Java/Kotlin; Умением писать чистый понятный поддерживаемый код; Spring, Sql, Docker; Знание основных алгоритмов и структур данных.  Будет плюсом:  Опыт работы с computer vision, machine learning; Kafka, k8s.  Мы предлагаем:  формат удаленной работы; соблюдение ТК РФ (стабильная белая компания); ДМС после прохождения испытательного срока; конкурентоспособную оплату труда, которая обсуждается индивидуально с каждым кандидатом.         "
Senior QA Automation Engineer (Java/Kotlin),https://hh.ru/applicant/vacancy_response?vacancyId=44504716,2021-08-04T11:02:39+0300,False,,,,От 1 года до 3 лет,Полный день,,luna,Санкт-Петербург,"luna — это финансовый помощник, который, проанализировав финансовое состояние клиента, подскажет, как наиболее эффективно распоряжаться деньгами: тратить, сохранять и преумножать. Для создания инновационного финтех-сервиса “с нуля” приглашаем в команду Senior QA Automation Engineer (Java), ключевая задача которого будет участие во всех QA процессах, в определении стека технологий и в желании брать ответственность за свои действия. О продуктеМы работаем над созданием нового и уникального кросс-платформенного решения - незаметного финансовый помощника, который с помощью аналитики данных и персонализации мотивирует и помогает достигать цели, учит осознанному потреблению… и ещё много интересных и технологичных штук должен иметь под капотом - с фокусом на lifestyle (путешествия, развитие, красота и здоровье). Стек:Тесты: KotlinBackend: Kotlin, Spring, PostgreSQL, Kafka. Что вы будете делать:  Разработка и поддержка интеграционных автотестов (Java, Kotlin); Проектирование и развитие тестовой инфраструктуры; Написание и ревью тест кейсов/ тест-планов / чек-листов; Взаимодействие с командой разработки и менеджерами для принятия совместных решений.  Что для нас важно:   Совокупный опыт работы в качестве QA специалиста от 5-и лет; Опыт написание автотестов на Java от 3-х лет, Kotlin – будет плюсом; Опыт тестирования REST API; Знание принципов ООП; Знание SQL; Понимание процессов разработки ПО и знание методологий тестирования ; Опыт настройки систем CI Опыт работы с Linux  Что мы предлагаем:   Гибкое начало рабочего дня; Возможность частично работать удаленно, а частично в крутом офисе на Динамо/ЦСКА; Полностью «белая» зарплата; Прозрачная система развития и возможности карьерного роста; Возможность повышать квалификацию за счёт компании; ДМС для каждого сотрудника; Программа корпоративных привилегий; MacBook как основной инструмент для работы. "
Backend-разработчик (Java/Kotlin),https://hh.ru/applicant/vacancy_response?vacancyId=46248933,2021-07-22T21:33:00+0300,False,,,,От 1 года до 3 лет,Удаленная работа,Java;Spring Framework;PostgreSQL;Git;Scrum;Kotlin;Jenkins;ActiveMQ;Redis;Cassandra;,Почта Банк,Санкт-Петербург,"ЧЕМ МЫ ТУТ ЗАНИМАЕМСЯ: Разрабатываем платформу мобильного и интернет- банка (дистанционный банкинг) на основе микросервисов в современном стеке технологий, которые мы выбираем сами. Сейчас наш продукт занимает лидирующие позиции в рейтингах, мы активно инвестируем в его развитие и не останавливаемся на достигнутом. Нашим дистанционным банкингом пользуется более 7 млн. человек, единовременно с программным обеспечением работают более 10000 клиентов Банка. Количество пользователей и нагрузка постоянно растут – за прошлый год нагрузка на платформу увеличилась в 3 раза. ТЕХНОЛОГИЧЕСКИЙ СТЕК: ЯП и фреймворки: Java 8/11, Kotlin (по желанию), Spring Boot, Apache Camel. Хранилища и очереди: Redis, Apache Cassandra, Oracle 12, ActiveMQ, IBM WS MQ. DevOps &amp; CI: Apache Maven, Jenkins, GitLab, Docker + Kubernetes (внедряем сейчас). Мониторинг: Elasticsearch, Logstash, Kibana, Sentry (внедряем сейчас), Zabbix. ЧТО ВЫ БУДЕТ ДЕЛАТЬ:  Разрабатывать микросервисы платформы дистанционного банкинга. Разрабатывать интеграцию мобильного приложения и веб- приложения с сервисами платформы и другими системами Банка. Разрабатывать архитектурные схемы сервисов и выбирать технологии для решения новых и нетривиальных задач (вместе с архитектором и аналитиком). Выполнять ревью кода, написанного другими разработчиками, и обучать начинающих разработчиков.  БУДУЩИЙ РЕЗУЛЬТАТ ВАШЕЙ РАБОТЫ: Набор микросервисов для новых функциональностей мобильного и интернет-банка. Обеспечение требуемого качество кода, скорости его выполнения, оптимизация потребляемых кодом ресурсов. МЫ ОЖИДАЕМ ОТ ВАС:  Пару лет опыта в разработке нагруженных RESTful сервисов. Опыт работы с масштабируемыми сервисами, очередями сообщений, большим количеством интеграций. Знаний или опыта проектирования структур данных. Знаний: Java 8/10, Spring Boot.  В &quot;ПОЧТА БАНКЕ&quot; МЫ ПРЕДЛОЖИМ ВАМ:  Удаленная работа с удобный графиком. Оклад + квартальное премирование + годовой бонус. Agile. Scrum (двухнедельные спринты, работа в командах по 6-8 человек: 2 backend, 3 frontend, системный аналитик, 2 тестировщика) Демократия и самоорганизация + наличие удаленного доступа. Обучение - доступное внутреннее и внешнее обучение. В Банке есть корпоративная академия. Регулярно проходят внутренние митаппы, tech. chapters и ретроспективы. Мы посещаем ключевые отраслевые конференции. Профессиональное развитие - мы используем современный стэк, поддерживаем разумные инициативы по внедрению новшеств, совершенствуем архитектуру и кодовую базу. Карьерный рост- команда постоянно растет. В зависимости от вклада, каждый сотрудник может претендовать на повышение дохода, новый функционал и дополнительные задачи. Мы держимся за наших сотрудников. "
Senior Java/Kotlin developer,https://hh.ru/applicant/vacancy_response?vacancyId=45654577,2021-08-04T11:04:02+0300,False,,300000,RUR,От 3 до 6 лет,Полный день,Java;Spring Framework;PostgreSQL;REST;API;Kubernetes;Kotlin;,Prequel,Москва,"Prequel — это не просто один из лучших фото- и видеоредакторов на мировом рынке, но и настоящее творческое комьюнити. Наша миссия — вдохновлять людей по всему миру рассказывать свои истории, высказываться и выражать себя через контент, а все инструменты Prequel помогают достичь желаемого результата буквально в одно касание. А еще за плечами у Prequel коллаборации со всемирно известным брендами. Нашим приложением пользуются звезды, мировые бренды, лидеры мнений (и, вероятно, кто-то из твоих друзей). А еще нас очень любят Gen Z, поэтому мы в Prequel не стареем. Каждый день Prequel используют больше 2 млн. человек, а в месяц создается больше 70 млн. приквелов. Еще немного статистики: продукт в релизе с 2018 года, и за это время мы не раз занимали верхние точки в сторах по всему миру (стабильно в ТОП-15 по США, а недавно – в ТОП-3). Средняя оценка в AppStore — 4.8 (Prequel — практически отличник, чем мы гордимся). Мы не привыкли мыслить «в рамках» — мы ценим креатив, свободу самовыражения и стремление развиваться дальше и дальше. На достигнутых результатах мы не останавливаемся и мы ищем тех, кто будет помогать нам покорять сердца новых пользователей, создавая что-то гораздо большее, чем фото- и видеоредактор. Сейчас мы в поисках талантливого и увлеченного Senior Java/Kotlin developer, который будет делиться с коллегами своими идеями и вкладываться в развитие продукта и комьюнити. С чем предстоит работать:  Разрабатывать архитектуру, способную выдержать десятки тысяч RPS; Создавать сервисы с нуля на Java/Kotlin; Создавать и оптимизировать схемы хранения данных; Принимать участие в создании культуры бэкенда в компании.  Что мы хотим видеть:  Опыт работы с Java/Kotlin от 3 лет; Глубокое понимание Spring Boot; Хорошее понимание многопоточного программирования; Понимание принципов построения HL/HA решений; Опыт работы с реактивным программированием: spring webFlux/netty/kotlin couroutines; Опыт работы с PostgreSQL или другими РСУБД от 3 лет; Опыт создания *RPC API / REST API; Понимание принципов эксплуатации и мониторинга сервисов; Опыт работы с Kubernetes.  Будет плюсом:  Опыт работы с шардированными кластерами PostgreSQL; Опыт работы с GRPC и Protobuf; Опыт работы с нагруженными кластерами Redis или Memcached; Опыт работы с Kafka или RabbitMQ; Опыт создания микросервисов с нуля - опыт эксплуатации S3-like хранилищ.  Мы предлагаем:   Стильный офис на Менделеевской с зеленой террасой на крыше с видом на центр Москвы и потрясающими закатами или полностью удалённая работа;   Работа в успешном продукте с мировой аудиторией;   Увлекательные, креативные и разноплановые задачи;   Возможность получить ценный опыт на одном из самых сложных и интересных рынках в мире;   Постоянное саморазвитие, возможность карьерного роста и поддержка от команды;   Гибкий график: можно начинать работать в 11 (если ты не фанат ранних подъемов и пробок), а можно с 9 или 10;   Движовый коллектив, с которым интересно решать рабочие креативные задачи и неформально проводить время — мы любим ходить на пикники, устраивать корпоративы, играть на музыкальных инструментах и готовы к любым предложениям с твоей стороны;   Оформление по ТК, ДМС со стоматологией после испытательного.   Что предстоит сделать, чтобы стать частью Prequel:   Откликнуться на вакансию;   Пообщаться с нашим HR отделом;   Пройти интервью с членами твоей будущей команды.  "
Middle Android developer (Kotlin),https://hh.ru/applicant/vacancy_response?vacancyId=41045292,2021-08-04T10:03:22+0300,False,,,,От 1 года до 3 лет,Удаленная работа,Java;Android;Git;Android SDK;REST;,Napoleon IT,Санкт-Петербург,"Компания Napoleon IT ― разработчик программного обеспечения. Мы предлагаем готовые решения, а также осуществляем разработку по гибкой методологии. Наши решения в области бизнес-аналитики, предиктивной аналитики, компьютерного зрения, высоконагруженных систем и мобильной разработки дают конкурентное преимущество и гарантируют устойчивое развитие бизнеса клиентов. Мы активно выходим на международный рынок, поэтому в поисках новых членов команды! У нас много интересных задач, дружеская атмосфера и отличные условия!   Тебе предстоит:   Проводить декомпозицию задач;   Писать качественный, промышленный код;   Проектировать программный дизайн приложений;   Взаимодействовать с менеджером проектов, аналитиками, дизайнерами и тестировщиками;   Писать unit-тесты.     Что мы ждем от тебя:   Знание Java и Kotlin;   Понимание архитектуры Android, особенностей и сложностей SDK;   Понимание жизненного цикла приложения;   Понимание принципов работы клиент-серверных приложений (REST, кэширование, очереди запросов);   Понимание принципов многопоточности;   Опыт работы с JSON, RxJava 2 (Kotlin Coroutines будет большим плюсом), Firebase Cloud Messages, Push notifications;   Опыт работы с базами данных (SQLite);   Опыт работы с gradle;   Базовые знания систем контроля версий git;   Уметь писать поддерживаемый и читабельный код, знать паттерны проектирования.   Будет плюсом - наличие реализованных приложений в Google Play. Мы предлагаем:   Работу в отличной команде — наши менеджеры, дизайнеры и разработчики по-настоящему влюблены в свое дело;   Бесплатные профессиональные курсы, доступные всем сотрудникам офиса;   100% компенсацию приобретения профессиональной литературы;   Официальное трудоустройство, гибкий режим рабочего времени.   Рассматриваем вариант удаленного сотрудничества в формате full time.    "
Разработчик Java/Kotlin,https://hh.ru/applicant/vacancy_response?vacancyId=45052523,2021-07-28T10:24:38+0300,False,,,,От 1 года до 3 лет,Полный день,,FIX,Казань,"В проектах много высоконагруженных компонентов, распределенных задач, concurrency и трафика. Мы открыты новым технологиям и полезным решениям, позволяющим оптимизировать процесс разработки. Нам нравится прагматичность Kotlin и удобство docker. В проектах применяем популярные решения Java/Kotlin экосистемы. Мы не спускаем сверху требования и готовый дизайн. Вместе обсуждаем идеи как лучше реализовать ту или иную фичу. Мы любим находить простые решения к сложным задачам. Основными задачами будут:   Разработка высоконагруженной платформы   Участие в проектировании модулей и компонент системы   Работа над улучшением производительности создаваемого решения   Построение эффективных решений по обработке платежей   Решение задач резервирования и отказоустойчивости подсистем платформы   Необходимые навыки:  Опыт разработки решений на Java/Kotlin Опыт создания Web-приложений, понимание соответствующего стека технологий Java/Kotlin  Плюсом будет:   Опыт работы на проектах с высокими требованиями к надежности  Хорошее понимание принципов работы операционных систем семейства Linux Знание шаблонов проектирования Понимание принципов Continuous Delivery  С нашей стороны:  Официальное оформление Достойный уровень дохода (обсуждается индивидуально) Уютный офис в центре города (парковка в наличии) Интересные задачи и работа в команде профессионалов Корпоративные праздники и мероприятия Корпоративная скидка на изучение английского языка от одной из крупнейших онлайн-школ Возможность удаленной работы Релокационный пакет для специалистов из других городов ДМС "
Senior Backend Developer (Kotlin/ Java),https://hh.ru/applicant/vacancy_response?vacancyId=40421508,2021-07-06T19:20:25+0300,False,,,,От 3 до 6 лет,Полный день,Java;Kotlin;Microservices;,Самокат (ООО Умное пространство),Москва,"Что мы делаем Команда разработки Самокат обеспечивает наши операции эффективными инструментами (сервисами), которые делают наш процесс работы удобным, быстрым и эффективным. Мы говорим о таких направлениях как логистика, управление ассортиментом, предоставление каталога товаров, прием и оплата заказа, управление курьерами и работой склада. Все эти направления требуют сложных и технологических решений, которые мы сейчас разрабатываем. Задачи Вашей основной задачей в этой роли будет разработка backend на языке Kotlin в одном из продуктов компании. Что у нас есть  Продуктовые кроссфункциональные команды, включающие руководителя продукта, дизайнеров, разработчиков и тестировщиков. Сложная многокомпонентная система на основе микросервисной архитектуры. Мы используем Kotlin в продакшене. Сервисы на Kotlin с использованием Spring framework. Хранение данных в PostgreSQL/Redis. Kafka для обмена сообщениями. Kubernetes и GitLab для CI/CD. Grafana и Prometheus, EFK для организации мониторинга.  Наши ожидания  Вам нравится работать на стыке офлайна и онлайна, видеть, как написанный вами код приводит к реальным изменениям в физическом мире. Вы любите раскладывать сложные процессы на простые компоненты и взаимодействия между ними. Вы привыкли, что зона ответственности не заканчивается на этапе работающего кода. У вас есть опыт коммерческой разработки от 3-х лет Java или Kotlin (готовы рассматривать кандидатов с разным опытом). Вам приходилось организовывать оптимальное хранение данных, понимаете разницу между реляционными и нереляционными БД. У вас есть опыт построения высоконагруженных, отказоустойчивых сервисов с использованием микросервисной архитектуры.  Условия работы  Зарплата, которой вы достойны =). Мы не измеряем людей бюджетами и, если мы решим, что нам будет интересно работать вместе, то мы 100% договоримся о деньгах. Соблюдение ТК РФ и, конечно же, белая заработная плата. Удаленная работа на время карантина, а в будущем возможность работать с частичным посещением офиса в Питере или в Москве (Ясная поляна или Трехгорная мануфактура). ДМС после прохождения испытательного срока. "
Java (Kotlin) Backend Developer (remote),https://hh.ru/applicant/vacancy_response?vacancyId=46608722,2021-07-28T20:59:06+0300,False,,,,От 1 года до 3 лет,Полный день,Java 8;Spring Framework;gitflow;Docker;Java 11;NoSQL;Kubernetes;CI/CD;Java;Kotlin;,HEADS and HANDS,Ростов-на-Дону,"Heads and Hands помогает своим клиентам улучшать ежедневную жизнь людей и автоматизировать их рутину с помощью мобильных приложений и веб-сервисов. Мы верим, что мобильные приложения могут сделать компании действительно полезными для людей, когда, за счёт удобной экосистемы и пользовательского опыта, ценность продуктов и услуг превышает их физическую цену. С помощью мобильных экосистем мы создаем возможности для лучшей жизни, которые закрывают потребности человека и помогают бизнесу стать лидером в отрасли. Мы сделали продукты для Касперского, Land Rover, Lamoda, Leroy Merlin. Помогли с проектами Яндексу, ABBY, Mail.Ru, Сбербанку и Тинькофф Банку. А еще мы входим в топ-5 среди разработчиков мобильных приложений по версии Tagline, и это очень приятно :) Начинали мы в далеком 2012 как небольшой стартап, а сейчас являемся одной из крупнейших компаний в России в области мобильной разработки. У нас три офиса (в Питере, Саранске и Новосибирске) и своя школа разработки. Сейчас мы растем, и поэтому ищем в нашу команду Java-разработчика. В твои ежедневные задачи будет входить:   Разработка API для мобильных и веб-приложений   Интеграция со сторонними сервисами   Взаимодействие с командой разработки и менеджерами   У нас все получится, если ты:  Обладаешь компетенциями уверенного middle разработчика Имеешь коммерческий опыт разработки на Java (8,11 и выше) от 1 года Обладаешь разговорным Spring&#39;ом Умеешь работать с нереляционными базами данных  Плюсом будет:  Знание и опыт работы с Docker, Kubernetes, CI/CD Знание Kotlin  Что мы предлагаем:  Официальное оформление и полностью белая з/п Фиксированный оклад (определяем с кандидатом по итогам тех. собеседования) ДМС через год работы Возможность работать удаленно из любого города, гибкое начало рабочего дня (формально - с 9:00 до 11:30 мск, но все обсуждаемо:) Частичную/полную плату обучающих материалов, билетов на лекции и конференции по твоему запросу  Работа над крупным, технически сложным проектом в команде опытных разработчиков, QA, дизайнеров и проджект-менеджера - ребята всегда на связи и готовы помочь, если возникают трудности  Веселые командировки к команде и тимлидам (если совпадает необходимость и желание)  Эта вакансия для тебя, если:  Ты хочешь развиваться и делать действительно полезные приложения на топовом стеке Любишь командную работу и информативный фидбек от лидов Ценишь отлаженные процессы разработки и возможность быстро прокачаться в экспертной, дружелюбной и эмпатичной команде "
Android developer (Kotlin),https://hh.ru/applicant/vacancy_response?vacancyId=45449147,2021-08-02T12:08:22+0300,False,200000,250000,RUR,От 3 до 6 лет,Полный день,Android;Kotlin;Unit Testing;Java;HTTP;REST;JSON;,B2Broker,Санкт-Петербург,"Международная компания B2Broker (Business to Broker) — это финтех разработчик и провайдер ликвидности для брокерских компаний, банков и инвестиционных фондов. Мы не занимаемся брокерской деятельностью, а предлагаем готовые решения для других компаний по всему миру.Занимая свою нишу на рынке с 2014 года, компания является лидером в своей сфере деятельности, в связи с чем постоянно растет и расширяется.На сегодняшний день офисы компании расположены в Москве,Санкт-Петербурге, Лимассоле, Гонконге, Минске, Лондоне, Дубае, Киеве.Чем предстоит заниматься:   Разработка и развитие мобильного приложения наших продуктов на Android (Kotlin).   Требования:  Опыт разработки мобильных приложений от 3 лет; Уверенное знание Kotlin; Уверенное знание Android платформы; Знание Java будет плюсом; Работа с MVVM и MVP; Понимание принципов Clean Architecture; Опыт работы с DI фреймворками; Опыт написания Unit-тестов; Наличие собственных опубликованных приложений в Google Play; Опыт работы с сетевыми протоколами (HTTP, REST, OAuth, JSON и др.); Умение распознавать и применять основные паттерны проектирования; Хорошее знание методологий проектирования ПО и командной разработки; Понимание основных структур данных и алгоритмов, принципов ООП; Git, системы bug tracking; Соблюдение Code Style and Best Practiсe.  Мы предлагаем:  Надежность: официальное оформление по ТК, гарантированные бонусы (13-ая ЗП для проработавших год+); Развитие: возможность практики английского языка с носителями, полная компенсация занятий на платформах, ресурсы на реализацию смелых идей, возможность участвовать в профильных конференциях, неограниченный профессиональный рост и работу в развивающейся международной компании; Активная корпоративная жизнь: новогодние бонусы сотрудникам, прошедшим испытательный срок, празднования дней рождений, корпоративы в лучших ресторанах города и др; Комфорт: гибкое начало рабочего дня. "
Backend developer (Kotlin),https://hh.ru/applicant/vacancy_response?vacancyId=46490711,2021-07-23T19:28:42+0300,False,,,,От 3 до 6 лет,Полный день,Удаленная работа;kotlin;PostgreSQL;GoLang;,РОССИЙСКИЙ НАЦИОНАЛЬНЫЙ КОММЕРЧЕСКИЙ БАНК,Москва,"Обязанности:  Разработка новой функциональности системы; Активное участие в проектировании и аналитике; Создание правильного flow разработки.  Требования:  Опыт коммерческой разработки не менее 5 лет; Отличное знание PostgreSQL,Kotlin/GoLang, работы с очередями, опыт построения отказоусточивых приложений; Хорошее знание Javascript (на уровне понимания написанного кода); Навыки создания локальной среды разработки (Docker + Compose); Привычка документации кода, модульной разработки; Написание тестов (в идеале TDD); Хорошее знание Git (вас не пугает интерактивный rebase и вы часто работаете с ним из консоли); Хорошее знание основных фреймворков и архитектурных подходов в вашем основном языке программирования.  Условия:  Уровень оплаты обсуждается с успешным кандидатом; Соц. пакет, ДМС, ежеквартальное премирование; Офис м. Автозаводская/м. Новослободская; Есть возможность удаленной работы. "
Middle/Senior Backend разработчик (Kotlin),https://hh.ru/applicant/vacancy_response?vacancyId=45264374,2021-08-04T11:02:39+0300,False,,,,От 1 года до 3 лет,Полный день,,luna,Санкт-Петербург,"luna — это финансовый помощник, который, проанализировав финансовое состояние клиента, подскажет, как наиболее эффективно распоряжаться деньгами: тратить, сохранять и преумножать. Для создания инновационного финтех-сервиса “с нуля” приглашаем в команду Senior/Middle Backend разработчика. О продукте:Мы работаем над созданием нового и уникального кросс-платформенного решения - незаметного финансового помощника, который с помощью аналитики данных и персонализации мотивирует и помогает достигать цели, учит осознанному финансовому потреблению… и ещё много интересных и технологичных штук должен иметь под капотом сервис - с фокусом на lifestyle (путешествия, семья, развитие, красота, хобби, здоровье, тд). Основа:   Серьезная система аналитики, которая агрегирует все данные и предоставляет кастомизацию отчетов под «хотелки». Это огромная работа с данными!   Рекомендательная система на основе аналитики и данных. Это готовые решения и рекомендации по финансовому планированию, распределению, тд.   Стек:Kotlin, Spring, PostgreSQL, Kafka, CI/CD, Redis. У нас микросервисная архитектура. Команда:У нас сейчас 3 backend разработчика, но мы только на самом старте. Совокупно нас чуть более 100 человек. Что вы будете делать:   Разрабатывать и проектировать новые высоконагруженные микросервисы;   Продумывать архитектуру и дизайн;   Разрабатывать интеграции с внешними и внутренними сервисами;   Продумывать REST API и схему БД, реализовывать необходимую новую бизнес-логику;   Тесно взаимодействовать с другими разработчиками, тестировщиками.   Что для нас важно:   Коммерческий опыт разработки на Java от 2х лет;   Базовое понимание информатики: структуры данных, очереди, алгоритмы, т.д.;   Опыт работы с реляционными СУБД;   Знание стека, указанного выше (знание Kotlin – будет плюсом);   Опыт разработки в микросервисной архитектуре, знание нюансов и паттернов такой разработки.   Что мы предлагаем:   Официальное оформление по ТК РФ, белая зп;   ДМС со стоматологией;   Возможность работать частично удаленно в нашем офисе на Петроградке или удаленно;   Производительная техника от Apple;   Участвовать в проектировании и разработке продукта с нуля, без легаси и костылей;   Возможность влиять на развитие продукта/технологический стек/выстраиваемые производственные процессы;   Прозрачную систему развития и карьерного роста;   Возможность повышать квалификацию за счёт компании;   Большую программу корпоративных скидок от компании (английский, обучение, психолог, питание, путешествия);   Тот самый дух стартапа, где много свободы, гибкости, изменений и семейности.   Что дальше:   Ваш отклик ;)   Знакомство с нашим рекрутером;   Тех интервью с Руководителем разработки;   Финальное интервью с СТО.  "
Senior Frontend Kotlin Developer (Space),https://hh.ru/applicant/vacancy_response?vacancyId=45711633,2021-07-22T11:02:37+0300,False,250000,,RUR,От 3 до 6 лет,Полный день,,JetBrains,Москва,"Мы разрабатываем новый большой и амбициозный проект - ежедневный рабочий инструмент для команд программистов. Компания JetBrains известна своими продуктами IntelliJ IDEA - лучшая среда разработки для Java и других языков программирования и ReSharper - самое популярное расширение для Microsoft Visual Studio. Новый серверный продукт станет аналогом интегрированной среды разработки в применении к командам. Функциональность будущего решения будет включать работу с репозиториями, continuous integration и инструментами повышения личной и командной эффективности. В нашу команду мы ищем талантливых и целеустремленных разработчиков. Как устроено внутри: Мы программируем расширяемое приложение на собственном языке программирования - Kotlin( fullstack), причем используем компиляцию в JVM и JavaScript. В нашем приложении планируется большое количество разнообразной и сложной функциональности (про которую мы с удовольствием расскажем при личной встрече). Мы разрабатываем собственный UI framework на Kotlin, сами придумываем фичи, совершенствуем юзабилити и принимаем продуктовые решения. У нас будет интересно, если:   вы хотите заняться созданием абсолютно новых инструментов для команд разработчиков и не только;   вы хотите присоединиться к проекту в самом начале и принимать продуктовые решения   вам небезразлична атмосфера стартапа;   вас привлекает работа в сильной команде;   вам хочется быть на переднем крае технологий;   Чего мы ждем от вас:  отличного знания JS и интереса к типизированным языкам программирования (Typescript, Kotlin); умения решать сложные задачи в реальных условиях; фундаментальных знаний в области CS; способности быстро разбираться в деталях многочисленных технологий. "
Middle/Senior Java/Kotlin разработчик (удаленно),https://hh.ru/applicant/vacancy_response?vacancyId=46760713,2021-08-03T20:13:38+0300,False,,350000,RUR,От 1 года до 3 лет,Удаленная работа,SQL;PostgreSQL;Git;Linux;Java;,Cellar door,Новосибирск,"Мы в поисках Java/Kotlin разработчиков для нашего клиента, компании Just AI. Just AI на рынке с 2016 года. Это продуктовая разработка разговорного AI. Фокус Just AI — технологии понимания естественного языка, инструменты для создания голосовых ассистентов, машинного обучения, speech synthesis and voice cloning, системы управления диалогом, NLU/NLP/DM/ODQA/CDQA. Продуктами пользуется около ста крупных российских и ряд международных IT-компаний, телеком-компаний, банков. SAAS платформы и инженерные фреймворки используют более 40 000 разработчиков и малых-средних компаний по всему миру. Штат компании — 170 человек, 7 команд разработки. Головной офис в Питере. Но разработчики работают в том числе на удаленке. Стандартный состав команды разработки: 2-3 бэкенд разработчика, фронтенд (React, Typescript), QA (ручное/авто), продакт.  DevOps инженеры и тех.писатели кросскомандные. +выделенная команда, которая занимается DS, развитием синтеза речи, ядром NLU.Стек: Java 8/Kotlin, Spring Boot 2, Spring Cloud, PostgreSQL, MongoDB, Clickhouse, Selectel, AWS. На Kotlin ребята перешли 1,5 года назад, и соотношение кода на Java и Kotlin в проектах сравнялось.Задачи:   Развивать наш собственный DSL для разработки сценариев ботов;   Дорабатывать функциональность Web IDE и визуального конструктора ботов (в части backend);   Интегрироваться с различными мессенджерами, операторскими рабочими местами, ассистентами (сейчас у нас более 15 различных интеграций);   Улучшать систему аналитики работы ботов (нашим пользователям нужно в реальном времени строить графики эффективности бота на объёмах текстовых данных порядка 1ТБ);   Создавать новые решения для тарификации и биллинга облачных клиентов платформы (интеграция с платёжными системами, контроль лимитов, прозрачное информирование, партнёрская программа);   Реализовывать интерактивные шаблоны для создания ботов;   Работать над масштабированием и отказоустойчивостью сервисов (Service Discovery, client-side balancing, graceful shutdown).   Требования:   Использование в работе Java 8, Spring (core, data, mvc, integration, test), JPA от 2 лет;   Опыт работы с SQL базами данных;   Знание Linux на уровне уверенного пользователя командной строки;   Интерес к теме AI, готовность изучать и работать над алгоритмами искусственного интеллекта;   Готовность работать до 18-00 (мск).   Круто, если есть:   Опыт автоматизации, желание и умение внедрять и улучшать процессы CI/CD;   Опыт работы с облачной инфраструктурой (Azure, OpenShift, Heroku, Google App Engine)   От компании  Официальное трудоустройство. Удаленка или офис в Питере (в том числе гибрид).  При релокации в Питер оплата проживания первый месяц. Для мидлов зарплата до 250к, для синьоров выше — обсуждаем ваши ожидания. Технологичность — кажется, что в сфере AI всегда много проф.вызовов. Отсутствие легаси и множество новых фич. Влияние на развитие продукта, тесная связка с продакт менеджером. Возможность перехода в тимлиды/техлиды. Выход продуктов на международный уровень.  Участие в научных и прикладных конференциях в России и за рубежом. Кафетерий льгот (на выбор): ДМС/частный врач/спорт/обучение. Обилие ивентов по обмену опытом, митапов. "
Java/Kotlin Senior Developer,https://hh.ru/applicant/vacancy_response?vacancyId=45373242,2021-08-02T12:24:32+0300,False,,,,От 3 до 6 лет,Удаленная работа,,FIX,Санкт-Петербург,"Нам нравится прагматичность Kotlin и удобство docker. Используем HBase, Kafka, Spark, Hazelcast и другие инструменты — не для хайпа, а там где уместно. Мы не спускаем сверху требования и готовый дизайн. Вместе обсуждаем идеи как лучше реализовать ту или иную фичу. Мы любим находить простые решения к сложным задачам. Основными задачами будут:   Разработка сложной высоконагруженной платформы   Участие в проектировании модулей и компонент системы   Работа над улучшением производительности создаваемого решения   Построение эффективных решений по обработке веб и телеком трафика   Решение задач резервирования и отказоустойчивости подсистем платформы   Необходимые профессиональные навыки:   Опыт разработки высоконагруженных решений на Java/Kotlin   Опыт создания Web-приложений, понимание соответствующего стека технологий Java/Kotlin, знание протоколов TCP/IP, HTTP/HTTPS)   Знание устройства и правил функционирования JVM   Глубокое знание Java SE   Будет плюсом:   Опыт работы со стеком Hadoop, HBase, Spark, Kafka, Hazelcast IMDG, ElasticSearch Хорошее понимание принципов работы операционных систем семейства Linux Опыт работы с NoSQL базами данных Глубокое знание шаблонов проектирования Понимание принципов Continuous Delivery Опыт работы в телекоммуникационной индустрии  Опыт разработки многопоточных высоконагруженных приложений   Опыт улучшения производительности Java/Kotlin решений   Взамен мы предлагаем:  Официальное оформление Достойный уровень дохода (обсуждается индивидуально) Уютный офис в центре города (парковка в наличии) Интересные задачи и работу в команде профессионалов Корпоративные праздники и мероприятия Корпоративную скидку на изучение английского языка от одной из крупнейших онлайн-школ Возможность удаленной работы Релокационный пакет для специалистов из других городов ДМС "
Senior Java/Kotlin Developer,https://hh.ru/applicant/vacancy_response?vacancyId=46592652,2021-07-28T12:47:48+0300,False,,,,От 3 до 6 лет,Удаленная работа,Java;Kotlin;Spring Framework;PostgreSQL;NoSQL;Kubernetes;,ARRIVAL LTD,Санкт-Петербург,"At Arrival, our team is creating best-in-class electric vehicles using a radical new method of design and production. We work with some of the world&#39;s leading businesses and governments to achieve our goal of redefining mobility and transport ecosystems, transforming how people and goods travel and enhancing urban environments for all communities. Innovation, rapid development and testing help us to push the boundaries. Our New Method takes our portfolio of patented technologies created in-house, and combines it with assembly in Arrival Microfactories. It’s a groundbreaking approach, leading to products with maximum functionality, peak efficiency, and an elevated experience – at a much more competitive price than other electric vehicles, and even fossil fuel vehicles. We’re recognised by LinkedIn as the top UK startup of 2020, and recently took the company public, with our shares listed on the Nasdaq. We’ve assembled some of the finest minds in software, engineering, AI and robotics. Currently we are seeking Senior Java/Kotlin Developer for Traceability product to run development of the new stage. That is remote position.  Requirements:- Microservices, event-driven architecture styles- Kotlin/Java for core modules, other languages can be used if needed (e.g. NodeJS for BFF pattern)- General instruments of JVM-stack: Maven, Gradle, JUnit, Mockito, Quarkus/Spring Boot, JPA- SQL (CockroachDB, Postgres) and NoSQL (Redis, HBase, Cassandra)- AWS, Kubernetes (EKS), Helm, Istio. Main tasks:- Participate in the development of the project- There will be an opportunity to discuss and influence the development- Offer and use modern tools and technologies for solving problems: there are no restrictions on tools, if their use is justified. At Arrival we want all of our employees to feel comfortable bringing their passion, creativity and individuality to work and are committed to making the recruitment progress as inclusive and accessible as possible too. We value all cultures, backgrounds and experiences, as we truly believe that diversity drives innovation. Join our mission to bring better, more sustainable transportation to communities around the world.  "
Java/Kotlin Developer,https://hh.ru/applicant/vacancy_response?vacancyId=45412281,2021-07-07T16:37:54+0300,False,,,,От 1 года до 3 лет,Удаленная работа,Spring Framework;Java;,First Line Software,Москва,"Мы предлагаем вам присоединиться к проекту по разработке крупной национальной системы. Она нужна для организации взаимосвязанного функционирования всех подсистем и цифровых сервисов дорожной сети городской агломерации как единого целого. Платформа собирает и анализирует данные интеллектуальной транспортной системы, которые поступают со всех внутренних и внешних информационных систем. От нового специалиста в нашей команде мы ждем желания разбираться, вливаться в динамичный режим гибкой методологии, ответственность и внесение своей доли профессионализма в общекомандную копилку :) От себя обещаем: интересные задачи для общенационального проекта, возможность прокачивать себя в разных направлениях, активную разработку в молодой талантливой команде. Технологический стек:  Kotlin Spring Boot PostgreSQL(Postgis, Timescale) Jooq RabbitMQ Gradle Flyway Keycloak ClickHouse  Мы предлагаем:  Большую команду профессиональных и творческих инженеров, которые готовы делиться своим опытом и знаниями Курсы английского языка с носителями и русскоязычными преподавателями онлайн (большое количество наших заказчиков находится за рубежом, мы всегда за то, чтобы вы прокачивали свои скиллы владения английским) Дотации в случае изменений в семье (свадьба, рождение ребенка и прочее) Компенсационная выплата дистанционным сотрудникам за услуги связи и интернет Компенсация оплаты успешно пройденной сертификации (напр., Microsoft, Oracle и пр.) Официальная зарплата и оформление по ТК РФ Много корпоративных праздников и движух :) "
Java (Kotlin) Backend Developer (remote),https://hh.ru/applicant/vacancy_response?vacancyId=46608717,2021-07-28T20:59:06+0300,False,,,,От 1 года до 3 лет,Полный день,Java 8;Spring Framework;gitflow;Docker;Java 11;NoSQL;Kubernetes;CI/CD;Java;Kotlin;,HEADS and HANDS,Казань,"Heads and Hands помогает своим клиентам улучшать ежедневную жизнь людей и автоматизировать их рутину с помощью мобильных приложений и веб-сервисов. Мы верим, что мобильные приложения могут сделать компании действительно полезными для людей, когда, за счёт удобной экосистемы и пользовательского опыта, ценность продуктов и услуг превышает их физическую цену. С помощью мобильных экосистем мы создаем возможности для лучшей жизни, которые закрывают потребности человека и помогают бизнесу стать лидером в отрасли. Мы сделали продукты для Касперского, Land Rover, Lamoda, Leroy Merlin. Помогли с проектами Яндексу, ABBY, Mail.Ru, Сбербанку и Тинькофф Банку. А еще мы входим в топ-5 среди разработчиков мобильных приложений по версии Tagline, и это очень приятно :) Начинали мы в далеком 2012 как небольшой стартап, а сейчас являемся одной из крупнейших компаний в России в области мобильной разработки. У нас три офиса (в Питере, Саранске и Новосибирске) и своя школа разработки. Сейчас мы растем, и поэтому ищем в нашу команду Java-разработчика. В твои ежедневные задачи будет входить:   Разработка API для мобильных и веб-приложений   Интеграция со сторонними сервисами   Взаимодействие с командой разработки и менеджерами   У нас все получится, если ты:  Обладаешь компетенциями уверенного middle разработчика Имеешь коммерческий опыт разработки на Java (8,11 и выше) от 1 года Обладаешь разговорным Spring&#39;ом Умеешь работать с нереляционными базами данных  Плюсом будет:  Знание и опыт работы с Docker, Kubernetes, CI/CD Знание Kotlin  Что мы предлагаем:  Официальное оформление и полностью белая з/п Фиксированный оклад (определяем с кандидатом по итогам тех. собеседования) ДМС через год работы Возможность работать удаленно из любого города, гибкое начало рабочего дня (формально - с 9:00 до 11:30 мск, но все обсуждаемо:) Частичную/полную плату обучающих материалов, билетов на лекции и конференции по твоему запросу  Работа над крупным, технически сложным проектом в команде опытных разработчиков, QA, дизайнеров и проджект-менеджера - ребята всегда на связи и готовы помочь, если возникают трудности  Веселые командировки к команде и тимлидам (если совпадает необходимость и желание)  Эта вакансия для тебя, если:  Ты хочешь развиваться и делать действительно полезные приложения на топовом стеке Любишь командную работу и информативный фидбек от лидов Ценишь отлаженные процессы разработки и возможность быстро прокачаться в экспертной, дружелюбной и эмпатичной команде "
Middle Kotlin / Java разработчик,https://hh.ru/applicant/vacancy_response?vacancyId=44001586,2021-08-03T14:07:43+0300,False,100000,,RUR,От 1 года до 3 лет,Гибкий график,,Эквид,Ульяновск,"❑  Что мы делаем:Мы разрабатываем самую крутую SaaS-платформу для ведения бизнеса в интернете. Попробуем объяснить через аналогию. Если вы хотите платформу для разработки — вы используете GitHub. Если для online-торговли — Ecwid. У нас уже больше шести миллионов клиентов в 176 странах и конца этому не видно.   ❑ Что надо делать:Разрабатывать новые фичи и фиксить баги, а если по простому — писать код. Дизайном заниматься не надо, версткой заниматься не надо, тексты придумывать не надо, общаться с какими-то мифическими «заказчиками» не надо. Для этого у нас в команде есть другие люди и вот как раз они любят верстку, дизайн и тексты. В наших процессах есть доброжелательный code review, CI, автотесты и десятки релизов в день. У нас большая микросервисная, распределенная архитектура и сотни терабайт трафика. Новый код пишем на Kotlin, старый поддерживаем на Java, но всё реже и меньше. Базы данных – PostgreSQL, Redis, SOLR и ClickHouse. ❑ Кого мы ищем:— хорошего инженера, желающего писать код на Kotlin и Java. Если вы не знаете Kotlin и Java — ничего страшного, ведь наверняка знаете что-то другое? По опыту, только 20% из нашей команды разработки раньше писало на Java, остальные 80% пришли с опытом других языков (Ruby/PHP/C#/C++ и т.д.)— очень поможет, если вы знакомы с web-технологиями, реляционными базами и распределенными системами. Да, Ecwid большой и сложный, но, очень сильно упрощая, с одной стороны продукта web-морда (большая и сложная, да), а с другого конца — реляционная база (нагруженная, через кучу кешей и оптимизаций, но база). Все это размазано по достаточно большому кластеру на нескольких континентах— хорошо бы иметь общие знания о том, как устроены самые разные штуки в CS/IT (браузер, файловая система, CPU L1 cache, операционка, хвостовая рекурсия, DNS, пузырьковая сортировка, regexp)— можете посмотреть наши тестовые — ecwid.to/dev   ❑ О нас:— Официальное трудоустройство. Выплачиваем белую зарплату на банковскую карту два раза в месяц (а не в конверте) и делаем все налоговые отчисления. Всё «в белую», насколько это только возможно.— Каждый важен. Ежедневно мы улучшаем продукт и внутренние процессы. Большая команда, хорошие горизонтальные связи дают возможность любому сотруднику проявить себя и повлиять на работу всей компании.— Уверенность в завтрашнем дне. Нам &gt;11 лет, мы прибыльные и самоокупаемые: три офиса в России (Ульяновск, Самара, Владивосток), два офиса в США (Сан-Диего и Денвер).— Ценим достижения.Каждое полугодие отслеживаем прогресс на performance review и пересматриваем зарплату: при достижении целей зарплата вырастает, но уменьшаться никогда не будет.— Заботимся. Работаем на быстрых Apple MacBook Air/Pro, которые обновляем по необходимости. В случае необходимости оплатим книги и курсы.— Экономим время и нервы. Консьерж-сервис решает любые бытовые проблемы, от поиска саженцев до переезда, а штатный психолог готов прийти на помощь в сложной жизненной ситуации.— Гибкий график. Стараемся быть каждый день в офисе, но всегда можно поработать из дома, если нужно дождаться курьера или работников коммунальных служб. Заболев, тоже лучше остаться дома на пару дней.— Ссылки.Вот о том что и как мы делаем — ecwid.ru/joinПост про офисы компании — ecwid.ru/blog/office-tour-ecwid.htmlТут можно познакомиться с командой — instagram.com/tags/ecwid_team  "
Middle Android-разработчик (Kotlin),https://hh.ru/applicant/vacancy_response?vacancyId=45622602,2021-07-22T00:07:14+0300,False,150000,,RUR,От 3 до 6 лет,Удаленная работа,Java;Java SE;Kotlin;Koltin Multiplatform;Dagger;Toothpick;Firebase;Rx;,4Taps,Москва,"На протяжении 10 лет мы запускаем стартапы, используя нашу экспертизу в мобильной разработке, in-app purchases и ML. Сейчас мы развиваем сервис из ТОП-5 спортивных медиа США с месячной аудиторией больше 2 млн пользователей и собираем команду для создания нового опыта “второго экрана”. Приложение объединяет лучшие черты ESPN, NBA, Bleacher Report, Bar stools media и добавляет функционал социальных ставок. Часть приложения реализована Java c GreenDAO, сейчас активно переписывается на Kotlin. Работа с нами - это крутейший способ следить за американским спортом с огромной аудиторией. ⠀ Задачи сложные, но вдохновляющие: – много A/B-тестов – real-time игры – внутренние покупки с разными пейволами – performance optimized экраны с социальными фичами Нужно будет рефакторить код, писать новые компоненты на Kotlin и Java, взаимодействовать с UI-командой, участвовать в обсуждениях и предлагать идеи. ⠀ Требования:   опыт в Kotlin / Java от 1,5 лет   знакомство с Dagger, Toothpick, Firebase, модульным подходом, MVP, MVI   любовь к UX и понимание когда в макете что-то неправильно   инициативность   ⠀ Большим плюсом будет, если:   ты принимал участие в open-source проектах   у тебя есть опыт работы с Kotlin Multiplatform   ты умеешь управлять разработкой   ⠀ Почему в 4Taps классно работать Мы находим крутые задачи, отлично платим, даем опционы и возможность развиваться. Взамен ищем готовность брать ответственность, искать решения и отдавать в тест только рабочие билды. ⠀ Вся наша команда: – пользуются корпоративной техникой Apple – учит английский в SkyEng или Яндекс.Практикуме – может поехать на профильную конфу или выступить с докладом – трудоустроена через ТК или работает как ИП – может взять day off на время WWDC ⠀ Будем рады знакомству именно с тобой! ⠀ Уже в сопроводительном письме хотели бы познакомиться с твоими проектами :)"
Java/Kotlin-разработчик в TOP (удаленно),https://hh.ru/applicant/vacancy_response?vacancyId=46489389,2021-08-02T12:16:29+0300,False,,,,От 1 года до 3 лет,Полный день,Java;Git;Java SE;SQL;Apache Maven;,Тинькофф,Нижний Новгород,"Ищем Java/Kotlin-разработчика в дружную команду TOP-Tinkoff Origination Platform. Origination -это процесс открытия продукта, который начинается с интереса клиента (например, клиенту нужна банковская карта Tinkoff) и заканчивается утилизацией, т.е. клиент совершил первую покупку по карте. Наша команда занимается автоматизацией этих процессов для всех продуктов Тинькофф. У Тинькофф очень много крутых продуктов и много сложной бизнес логики по каждому из них. Удобство и скорость клиентских сервисов это наша основная задача. От нас зависит первое впечатление клиента о бренде Тинькофф. В том числе благодаря нашей команде Тинькофф третий банк в России по числу клиентов! Чем предстоит заниматься  Разрабатывать компоненты микросервисной архитектуры платформы TOP Разрабатывать новый функционал, и развивать существующий Участвовать в обсуждениях и проектировании архитектуры Участвовать в ревью кода Покрывать новый функционал тестами  Что мы ждем от кандидата   Опыт программирования на Java от 3 лет   Опыт работы с Spring (или другими DI фреймворками)   Навыки работы с базами данных, знание основ SQL (PostgreSQL/Oracle/MySQL)   Знания Git, Maven, Gradle   Ориентированность на командную работу   Будет большим плюсом    Опыт программирования на Kotlin   Работа с брокерами сообщений (ActiveMQ/RabbitMQ/IBM MQ)   Опыт работы с Kafka (+KafkaStreams)   Опыт работы с NoSQL (Redis/Hazelcast/MongoDB/Couchbase)   Опыт работы с Camunda/Zeebe   Знание требований к современным распределенным, высоконагруженным приложениям   Знание паттернов проектирования распределенных систем   Опыт построения CI/CD процессов   Опыт работы с продуктами HashiCorp (Consul, Vault, Terraform)   Опыт работы с любыми оркестраторами контейнеров (k8s/OpenShift/Rancher/Nomad/Docker Swarm)   Что мы предложим взамен  Работу в комфортных для тебя условиях из дома или офиса Комфортная для тебя зарплата — обсудим ее на собеседовании Карьерный рост, который ограничен только твоим желанием Бонус по итогам года за отличную работу Полис ДМС со стоматологией и страховку от несчастных случаев для тебя, а также льготные условия страхования для твоих близких 50% компенсацию спорта и фитнеса Совместные тренировки по футболу, волейболу "
Senior Frontend Kotlin Developer (Space),https://hh.ru/applicant/vacancy_response?vacancyId=45711646,2021-07-22T11:02:33+0300,False,250000,,RUR,От 3 до 6 лет,Полный день,,JetBrains,Санкт-Петербург,"Мы разрабатываем новый большой и амбициозный проект - ежедневный рабочий инструмент для команд программистов. Компания JetBrains известна своими продуктами IntelliJ IDEA - лучшая среда разработки для Java и других языков программирования и ReSharper - самое популярное расширение для Microsoft Visual Studio. Новый серверный продукт станет аналогом интегрированной среды разработки в применении к командам. Функциональность будущего решения будет включать работу с репозиториями, continuous integration и инструментами повышения личной и командной эффективности. В нашу команду мы ищем талантливых и целеустремленных разработчиков. Как устроено внутри: Мы программируем расширяемое приложение на собственном языке программирования - Kotlin(fullstack), причем используем компиляцию в JVM и JavaScript. В нашем приложении планируется большое количество разнообразной и сложной функциональности (про которую мы с удовольствием расскажем при личной встрече). Мы разрабатываем собственный UI framework на Kotlin, сами придумываем фичи, совершенствуем юзабилити и принимаем продуктовые решения. У нас будет интересно, если:   вы хотите заняться созданием абсолютно новых инструментов для команд разработчиков и не только;   вы хотите присоединиться к проекту в самом начале и принимать продуктовые решения;   вам небезразлична атмосфера стартапа;   вас привлекает работа в сильной команде;   вам хочется быть на переднем крае технологий;   Чего мы ждем от вас:  отличного знания JS и интереса к типизированным языкам программирования (Typescript, Kotlin); умения решать сложные задачи в реальных условиях; фундаментальных знаний в области CS; способности быстро разбираться в деталях многочисленных технологий. "
Android Developer (Kotlin),https://hh.ru/applicant/vacancy_response?vacancyId=43422867,2021-08-02T12:13:51+0300,False,120000,140000,RUR,От 1 года до 3 лет,Полный день,Git;ООП;Kotlin;Android SDK;Android;Java;,FIRECODE,Ростов-на-Дону,"Привет! Меня зовут Роман, я сооснователь IT-компании Firecode. Мы специализируемся на разработке веб-сервисов, отказоустойчивых бэк-ендов и мобильных приложениях, помогая компаниям идти в ногу с техническим прогрессом. В расширение команды ищем Android (Kotlin) разработчика. У нас интересные проекты, известные клиенты и квалифицированные коллеги. Работая с нами, ты сможешь вырасти как специалист, и в бою опробовать все современные технологии. Качество продукта для нас - определяющий фактор. Поэтому каждый разработчик имеет чёткую специализацию в рамках своего стэка. Также есть возможность развития в других направлениях разработки. О работе команды: В основе работы стоит продуктовый подход - программисты на долгий срок задействованы на одном проекте (средняя продолжительность от одного года). Ты сможешь влиять на процесс разработки и архитектуру приложений. Программист обычно занимается разработкой нового функционала в рамках долгосрочных проектов. В зависимости от стека и навыков разработчика команда может состоять от 3 до 8 человек. Существуют проекты, в которых работает несколько подобных команд, задачи которых пересекаются. Типовой состав команды: team-lead, 1-3 senior разработчика, 1-3 middle разработчика и 1-2 junior. Каждую неделю проводятся митапы, где разработчики делятся своим опытом и знаниями, организуются собрания, на которых обсуждаются предстоящие задачи и анализируется проделанная работа. Мы будем рады рассмотреть твою кандидатуру, если у тебя есть:  Уверенное знание Kotlin; Знания/опыт работы с базами данных; Знание и понимание принципов построения REST/RPC интерфейсов;  Большим плюсом будет:  Знание Java; Опыт работы с git (мы работаем в GitLab); Понимание принципов ООП, SOLID, паттернов проектирования; Опыт работы c HTTP, REST API и соответствующими библиотеками (OkHttp, Retrofit, etc); Опыт работы с паттернами MVC, MVP, MVVM+rx, MVI;  Дополнительно приветствуется:  Базовое знание C/C++ и опыт сборки линуксовых C/C++ библиотек под NDK;  Опыт использования Google Play Services;  Знание принципов реактивного программирования и опыт применения соответствующих библиотек (RxJava, RxAndroid);  Мы предлагаем:  Гибкий график; Белая заработная плата; Возможна удаленная работа; Сертификация, оплата обучения, посещения конференций и т.п. Менторство более опытных коллег; Большой, современный, светлый офис 400 м2 в центре города; Хорошее рабочее место; Уютная кухня; Даем бонус за переезд с другого города или другой ИТ-компании; Тихая набережная в 5 минутах ходьбы, для прогулок; Увлекательная корпоративная жизнь; Свободный дресс-код "
Android Developer (Java/Kotlin),https://hh.ru/applicant/vacancy_response?vacancyId=46708184,2021-08-02T14:15:48+0300,False,,3500,USD,От 1 года до 3 лет,Полный день,,Siber Systems Inc,Санкт-Петербург,"Компания Siber Systems приглашает на работу программиста в команду разработчиков известного Интернет-приложения RoboForm и популярного синхронизатора файлов GoodsSync. Требования:  опыт программирования на Java/С++; опыт программирования для мобильных устройств (Android) ; технический английский язык; высшее техническое образование  Условия:  заработная по результатам собеседования; система премирования; оформление в полном соответствии с ТК РФ; полная занятость; работа в современном офисе в центре города (м. Спортивная); медицинская страховка;  Мы предлагаем:  работу в стабильной и успешной компании, перспективы карьерного роста и достойную оплату труда. "
Backend developer (Java/Kotlin),https://hh.ru/applicant/vacancy_response?vacancyId=46589410,2021-07-28T11:51:17+0300,False,,,,От 1 года до 3 лет,Удаленная работа,Spring Framework;Java;PostgreSQL;Java SE;,Vivid Money,Москва,"Vivid - finances have never been so simple and convenient. Our goal is to make the best application and the coolest customer service that you will definitely want to share with your loved ones. We have recruited a team of professionals with extensive experience in successful projects around the world and we continue to look for the best of the best all the time. The team is just getting together, so people in it are growing rapidly - in careers and professionally. The level of candidates is important to us; therefore, we guarantee that only experienced professionals will surround you. We have the entire AWS stack, the freedom to make technical decisions and the lack of legacy. Our stack of technology: Kotlin, Docker/Kubernetes, Redis, Postgresql, Kafka, AWS (Istio, Helm). As part of our team, your tasks wil be:  Development of a new product from scratch, without legacy. Interaction with a team of analysts for the successful implementation of tasks. Building the architecture of backend services, introducing new technical solutions to the project. The development of technical solutions from MVP to industrial infrastructure that ensures reliable operation and load scaling.  We&#39;ll be happy to have you on our team if:  You have worked in Java or Kotlin, PostgreSQL, and Spring/Spring Boot. You have an experience crafting robust, high-scale, distributed systems in production environments. You understand models of SQL and NoSQL. You have an experience in unit testing and integration testing. You understand classical algorithms and data structures. Know REST and gRPC. Use Docker/Kubernetes.  Our offer:  Work in a brand new office in Moscow (Dinamo). Remote is possible. Opportunity to participate in the creation of a new and innovative company. Great working atmosphere in a motivated and dynamic team. Individual opportunities for career growth and immediate starting possibilities.  Benefits:  Competitive salary and bonuses. Flexible workload. Free Lunch and fruits. Healthcare benefits. Sport. Language courses. Lifelong Learning. "
Senior Java / Kotlin Developer,https://hh.ru/applicant/vacancy_response?vacancyId=46122747,2021-07-09T14:50:42+0300,False,320000,,RUR,Более 6 лет,Удаленная работа,Java;Spring Framework;Back-end;Unit Testing;,Солантек,Екатеринбург,"В компании Solanteq мы разрабатываем продукты, решающие задачи наших клиентов (это процессинговые компании и банки в России, в том числе из топ-10, и за рубежом) в финтех сфере, такие как:  Обработка транзакций по платежным картам (МПС Visa, MasterCard, Мир и другие). Осуществление интернет платежей, в частности мы являемся сертифицированным поставщиком 3D-Secure решений. Осуществление NFC-платежей (ApplePay, AndroidPay и MirPay). Запуск программ банковской и розничной лояльности. Управление терминалами, такими как POS-терминалы и банкоматы. Автоматизация тестирования банковских систем.  Задачи:  Разработка новых и развитие существующих бизнес-модулей системы. Проработка технический решений для обеспечения отказоустойчивости и масштабирования системы (в том числе работа в ген-распределенной инфраструктуре). Проработка архитектуры новых модулей системы и решений на базе продуктов компании. Участие в проектах по разработке и внедрению инновационных проектов в fintech области. Курирование младших разработчиков. Внедрение новых технологий и devops практик.  Требования к кандидатам:  Опыт коммерческой разработки back-end на Java от 5 лет. Опыт разработки распределенных систем. Опыт работы с Spring Framework. Опыт работы с *nix системами. Умение читать и понимать чужой код. Умение писать unit-тесты и понимание, зачем это нужно. Умение и желание работать в команде. Интерес к новым фреймворкам и технологиям. Желание разбираться в предметной области. Английский язык желательно. Опыт работы с PostgreSQL, Oracle (или другими классическими базами данных) будет плюсом.  Условия:  Активная разработка и возможность увидеть созданную с Вашим участием систему в проде. Дружелюбная, не бюрократизированная обстановка. Оформление по ТК. Возможность выбирать формат работы - удаленно или в комфортном офисе в Санкт-Петербурге (помогаем с релокацией). ДМС и страховка для путешественников.  Как всё устроено:  Кодовая база на Java 8+ (в новом коде используем фичи Java 11) и Kotlin. Хранение исходных кодов и код ревью в Self-Hosted GitLab. CI/CD на базе TeamCity. Использование AWS для внутренней инфраструктуры. Фреймворки и технологии (поддерживаем актуальные версии): Java 11, Spring 5, Hibernate, Infinispan, Mockito, PostgreSQL, RabbitMQ и так далее. "
Java (Kotlin) Backend Developer (remote),https://hh.ru/applicant/vacancy_response?vacancyId=46608725,2021-07-28T20:59:06+0300,False,,,,От 1 года до 3 лет,Полный день,Java 8;Spring Framework;gitflow;Docker;Java 11;NoSQL;Kubernetes;CI/CD;Java;Kotlin;,HEADS and HANDS,Воронеж,"Heads and Hands помогает своим клиентам улучшать ежедневную жизнь людей и автоматизировать их рутину с помощью мобильных приложений и веб-сервисов. Мы верим, что мобильные приложения могут сделать компании действительно полезными для людей, когда, за счёт удобной экосистемы и пользовательского опыта, ценность продуктов и услуг превышает их физическую цену. С помощью мобильных экосистем мы создаем возможности для лучшей жизни, которые закрывают потребности человека и помогают бизнесу стать лидером в отрасли. Мы сделали продукты для Касперского, Land Rover, Lamoda, Leroy Merlin. Помогли с проектами Яндексу, ABBY, Mail.Ru, Сбербанку и Тинькофф Банку. А еще мы входим в топ-5 среди разработчиков мобильных приложений по версии Tagline, и это очень приятно :) Начинали мы в далеком 2012 как небольшой стартап, а сейчас являемся одной из крупнейших компаний в России в области мобильной разработки. У нас три офиса (в Питере, Саранске и Новосибирске) и своя школа разработки. Сейчас мы растем, и поэтому ищем в нашу команду Java-разработчика. В твои ежедневные задачи будет входить:   Разработка API для мобильных и веб-приложений   Интеграция со сторонними сервисами   Взаимодействие с командой разработки и менеджерами   У нас все получится, если ты:  Обладаешь компетенциями уверенного middle разработчика Имеешь коммерческий опыт разработки на Java (8,11 и выше) от 1 года Обладаешь разговорным Spring&#39;ом Умеешь работать с нереляционными базами данных  Плюсом будет:  Знание и опыт работы с Docker, Kubernetes, CI/CD Знание Kotlin  Что мы предлагаем:  Официальное оформление и полностью белая з/п Фиксированный оклад (определяем с кандидатом по итогам тех. собеседования) ДМС через год работы Возможность работать удаленно из любого города, гибкое начало рабочего дня (формально - с 9:00 до 11:30 мск, но все обсуждаемо:) Частичную/полную плату обучающих материалов, билетов на лекции и конференции по твоему запросу  Работа над крупным, технически сложным проектом в команде опытных разработчиков, QA, дизайнеров и проджект-менеджера - ребята всегда на связи и готовы помочь, если возникают трудности  Веселые командировки к команде и тимлидам (если совпадает необходимость и желание)  Эта вакансия для тебя, если:  Ты хочешь развиваться и делать действительно полезные приложения на топовом стеке Любишь командную работу и информативный фидбек от лидов Ценишь отлаженные процессы разработки и возможность быстро прокачаться в экспертной, дружелюбной и эмпатичной команде "
Senior Java/Kotlin developer,https://hh.ru/applicant/vacancy_response?vacancyId=45900300,2021-08-02T15:49:08+0300,False,250000,320000,RUR,От 3 до 6 лет,Полный день,Kotlin;Java;Spring Framework;RxJava;Project Reactor;MySQL;Kafka;,BelkaCar,Москва,"Каршеринг BelkaCar — экономичная, удобная и безопасная альтернатива собственному автомобилю и такси. Ежедневно BelkaCar используют десятки тысяч человек, а общее количество пользователей превышает миллион. Мы уже громко заявили о себе на рынке и добились немалых результатов, а теперь ищем человека в команду нового продукта, который мы запустили 1 апреля совместно со Skoda и Audi - сервис подписки на автомобили. Стэк: кодовая база на Kotlin. Полностью реактивные приложения с использованием Reactor и R2DBC. Spring как интеграционный фреймворк. Для хранения данных используем MySQL, Elastic Search, а также Redis, Kafka для обмена событиями.Так же мы используем: Micrometer, OpenTracing, Prometheus, Grafana, Datadog и многое другое. Чем предстоит заниматься:  участвовать в создании новых сервисов и поддерживать текущие процессы прорабатывать архитектуру совместно с командой проектировать и декомпозировать задачи проводить code review по задачам коллег  Что мы ожидаем от вас:  опыт работы с Java 8 и выше или с Kotlin понимание особенностей работы с многопоточным и асинхронным кодом опыт работы с CompletableFuture, RxJava, Project Reactor, Spring Framework опыт работы с реляционными базами данных: Oracle, MySQL, PostgreSQL понимание изоляции, синхронизации, работы индексов и тд. понимание принципов ООП, SOLID, DDD, паттернов проектирования понимание особенностей развертывания и эксплуатации приложения (CI/CD, Tests, Monitoring, Tracing) умение и желание разбираться в чужом коде, т.к. бывает так, что мы используем недокументированные возможности различных решений  О команде и процессах:  используем GitLab в качестве CI/CD, проектная документация в Confluence, Lucidchart и Figma, задачи в Jira. работаем по гибким процессам распределенная команда - Москва и Минск  Мы предлагаем:  классный современный продукт, который очень быстро развивается и завоевывает рынки возможность работать удаленно или приезжать в офис по желанию официальное оформление по ТК, белую зп и гибкое начало рабочего дня премирование по итогам performance review каждые полгода корпоративный тариф на каршеринг, ДМС, участие в конференциях и английский за счет компании "
Android developer ( Kotlin),https://hh.ru/applicant/vacancy_response?vacancyId=46419379,2021-07-21T15:09:11+0300,False,,280000,RUR,От 1 года до 3 лет,Удаленная работа,Работа в команде;Стратегическое мышление;Agile;Удаленная работа;Эрудированность;,Enjoypro,Москва,"Мы - компания EnjoyPRO по разработке ПО, входим в группу компаний АКМЭ (реализующую проекты в различных сегментах рынка уже 15 лет!) победителя в конкурсе «Сделано в России» за высокие показатели качества профессиональной деятельности в 2019 году.   Текущие проекты. Обучающее приложение Тинькофф &quot;Инвестировать, а как?”, приложение для здорового питания “My foods”, Приложение для фитнес центров.   Наша команда - это удаленная команда разработчиков, работающих в разных уголках СНГ.   Работа в EnjoyPro это возможность:     Получить бесценный опыт и повысить свою конкурентоспособность на рынке труда   Выбрать технологический стек, с которым хотелось бы работать   Работать в составе команды специалистов высокого уровня   Постоянно совершенствовать свои навыки в кругу настоящих профессионалов   Отойти от рутины и решать интересные задачи   Расширить ответственность и вырасти в процессе профессиональной деятельности   Принять участие в создании уникальных современных программных продуктов   Поучаствовать в процессе создания софта в соответствии с Agile-философией       Чем предстоит заниматься:     Разработка сложных программных продуктов;   Поддержка и модернизация существующих решений;   Участие в развитии продукта;   Участие в процессе планирования и достижении целей;   Участие во всём процессе разработки - от проектирования до запуска;       Требования:   Опыт работы от 1.5 лет;   Уверенное владение Kotlin, MVP, Rx;   Опыт написания клиент-серверных приложений;   Version control systems, bug tracking systems .       Условия:   Гибкий график;   Амбициозные проекты, интересные с профессиональной точки зрения задачи;   Широкий технологический стек;   Команда профессионалов;   Удаленное сотрудничество с выстроенными процессами;     Ждем резюме!"
Backend-разработчик Kotlin/Java (junior),https://hh.ru/applicant/vacancy_response?vacancyId=42636573,2021-08-04T11:49:52+0300,False,35000,50000,RUR,Нет опыта,Гибкий график,Git;Spring Framework;SQL;Java;XML;,Биллинговый центр,Барнаул,"Ключевые особенности  профессиональная разработка бэкэнда корпоративных информационных систем и веб-сервисов на современном стеке технологий возможность обучения, профессионального развития и карьерного роста возможность участвовать в выборе путей дальнейшего развития технологической платформы, вносить предложения и заниматься их реализацией  Требования  понимание принципов ООП, основных структур данных, паттернов проектирования ПО базовые знания протокола HTTP и формата JSON навыки работы с простыми SQL-запросами умение работать с системой контроля версий (git) желание разрабатывать на Kotlin готовность работать в команде и разбираться в чужом коде способность к быстрому обучению и самообучению чтение технической документации на английском языке  Пригодятся  высшее образование по специальности, связанной с IT какой-либо опыт разработки на Kotlin или опыт разработки серверных приложений на Java и Spring Framework (Spring MVC, Spring Security, Spring Data, JPA/Hibernate) опыт работы с системами сборки Gradle либо Maven опыт работы с Docker-контейнерами опыт написания тестов (JUnit, Spring Test, mockito) базовые знания Linux знание форматов XML, XSD опыт работы с СУБД Oracle и/или PostgreSQL, знание SQL и PL/SQL  Условия  официальное трудоустройство согласно ТК РФ белая зарплата, квартальная премия до 60% от оклада по результатам работы возможность обучения, профессионального развития и карьерного роста библиотека актуальной технической литературы график работы с 8:00 до 17:00 или с 9:00 до 18:00 по выбору сотрудника возможность совмещения с учебой в магистратуре и работы на неполный день "
Middle Java/Kotlin Developer,https://hh.ru/applicant/vacancy_response?vacancyId=46428396,2021-07-21T19:20:24+0300,False,,,,От 1 года до 3 лет,Полный день,,Тинькофф,Воронеж,"Сейчас мы развиваем несколько сервисов в разных департаментах:Инвестиции. Строим уникальный и технологичный брокер в России. Сделали самый сложный финансовый продукт доступным и удобным для всех.Именно поэтому сейчас каждый 4-й счет на Московской бирже открывается через нас.SME. Меняем стандарты подхода к ведению бухгалтерии, обмену документами между организациями и работе с архивом — переводим все и вся в цифру.Страхование. Активно развиваем платформу прямых продаж. Наша главная цель – предсказуемый, удобный процесс для бизнеса и клиента.Платежные сервисы. Занимаемся разработкой и поддержкой платежного шлюза банка, определением типа платежа, наполнением его данными из других систем банка, проверкой разрешенности операции, проведением платежа в системах банка/контрагентах с соблюдением целостности операции.И это лишь часть проектов и направлений, которые мы можем предложить!На проектах используем: Java/Kotlin, Spring (Data/Web/Boot/Security), Hibernate, PostgreSQL, Maven, Gradle, TeamCity, Git и не только. Обязанности:  Разработка нового функционала и развитие существующего; Проработка и реализация интеграционных решений; Разработка платформенных микросервисов; Выявление, анализ и локализация ошибок в работе систем; Участие в разработке интеграционных решений в рамках глобальной информационной инфраструктуры со смежными IT-системами (CRM-системы, DWH, Личный Кабинет); Участие в разработке под нужды тестирования и сопровождения; Активное взаимодействие с заказчиками и командами разработки, тестирования, сопровождения;  Требования:  Опыт программирования на Java от 2 лет; Опыт работы с Spring (Data/Web/Boot/Security); навыки работы с базами данных, знание основ SQL (PostgreSQL, Oracle); знания Git (Maven, Gradle); опыт написания тестов (юнитов или авто); работа с брокерами сообщений (ActiveMQ, RabbitMQ, IBM MQ).  Будет большим плюсом (но если что - научим):  опыт программирования на Kotlin; опыт работы с Kafka (+ Kafka Connect, Kafka Streams); опыт работы с NoSQL (Cassandra, Redis, Hazelcast, MongoDB, Couchbase); знание требований к современным распределенным, высоконагруженным приложениям; знание паттернов проектирования распределенных систем; опыт работы с любыми оркестраторами контейнеров (k8s, OpenShift, Rancher, Nomad, Docker Swarm); опыт администрирования СУБД (PostgreSQL, Cassandra).  Условия:  Достойную твоего профессионального уровня зарплату, размер обсудим на собеседовании; Мощную технику на выбор (MAC/WIN); Заботу о здоровье: полис ДМС и страховку от несчастных случаев для тебя, а также льготные условия страхования для близких; Профессиональное развитие: проводим митапы, тренинги и мастер-классы; огромная tech-библиотека в твоем распоряжении; Частичная компенсация расходов на спорт; Скидка 30% на КАСКО в СК Тинькофф и другие специальные условия на продукты Тинькофф. "
Java/Kotlin-разработчик,https://hh.ru/applicant/vacancy_response?vacancyId=46761253,2021-08-03T21:56:04+0300,False,,290000,RUR,От 1 года до 3 лет,Удаленная работа,Git;Spring Framework;Java;Apache Maven;Kotlin;Spring;,Innovative People,Москва,"Привет! Мы - Innovative People. Наша миссия - развитие рынка ИТ и движение к цифровизации бизнеса. Результат 15-летнего опыта - сплоченная команда, доверие клиентов и 400+ реализованных проектов наших заказчиков, начиная от крупнейших ритейл-компаний (X5 Retail Group, Спортмастер), заканчивая топовыми банками (Альфа Банком, Тинькофф и др.) Сейчас мы в поиске Java/Kotlin-разработчика для работы над монобрендовыми интернет-магазинами (Columbia, Demix, Fila, UrbanVibes и другие). Чем будете заниматься:  Разработка серверной части проекта на Java. Разработка нагруженной системы с большим количеством интеграции. Проведение code review, способствование повышению технических компетенций других разработчиков в команде. Взаимодействие внутри команды с ее штатными единицами (разработчики, тестировщики, аналитики), включая этапы совещания, проектирования. Участие в развитии проекта.  Мы предлагаем:  Оформление по ТК РФ. Удалённая работа. ДМС со стоматологией. Бессрочный трудовой договор. Посещение профильных конференций, семинаров и курсов повышения квалификации. Техника для комфортной работы с первого дня (MacBook или ноутбук на Windows - что вам больше нравится).  Постоянное общение с личным HR на протяжении исп. срока   Собственный мерч (всегда открыты новым идеям).   Что мы ожидаем:  Опыт работы с Java/Kotlin от 2-х лет. Обязателен опыт разработки REST-сервисов. Spring (Core, Data, Security, Boot) Git Maven Jira Confluence Gitlab  Будет плюсом опыт работы с:  Elasticsearch RabbitMQ Docker Kubernetes  Если тебе кажется, что мы - именно та команда, в которой ты хотел бы развиваться, скорее откликайся на вакансию! P.S.: у нас также есть реферальная программа (в случае если есть коллега, кому тоже были бы интересны новые проекты) - подробности на нашем карьерном сайте."
High middle back-end разработчик (java\kotlin),https://hh.ru/applicant/vacancy_response?vacancyId=46198882,2021-08-03T12:44:06+0300,False,140000,170000,RUR,От 1 года до 3 лет,Удаленная работа,Java;Spring Framework;Spring Boot;Hibernate;SQL;Docker;Unit Testing;Kotlin;,CSSSR,Москва,"Ищем коллегу-бекэндера на американский проект по разработке популярного финансового инструмента. Пригодится опыт коммерческой разработки, крепкая дружба с Java и английским языком. Что нужно делать:  работать над большими проектами для американского финтеха или для банковского сектора; использовать актуальные подходы к разработке и современные технологии; решать задачи в команде с системным аналитиком, фронтенд-разработчиками и QA-инженерами.  Требования:  опыт коммерческой разработки на Java 8 от двух лет; знание фундаментальных основ Java SE; понимание проектирования REST API; опыт проектирования и разработки микросервисов; умение проектировать таблицы для моделей данных; опыт работы с Java Core, написания Unit и интеграционных тестов; самостоятельность в работе и ответственность за качество своего кода.  Стек технологий:  Java / Kotlin; Spring (Spring Boot); Hibernate/SQL; Docker.  Что взамен:  удалённая работа с графиком 10–19 по Москве; интересные задачи и проекты, реализацией которых вы будете гордиться; официальное трудоустройство и честные правила игры; работа в команде профессионалов; безлимитные шутки.  А ещё:  ДМС и коворкинги; тёплый и ламповый CSSSR community; кэмпы в глуши и не только.   "
Middle Kotlin / Java Developer,https://hh.ru/applicant/vacancy_response?vacancyId=44328800,2021-07-26T12:10:46+0300,False,200000,270000,RUR,От 1 года до 3 лет,Полный день,Java;MongoDB;Kotlin;,FUNCORP,Москва,"FunCorp — международная компания, которая занимается разработкой развлекательных UGC-сервисов. C 2004 года мы развиваем FunTech индустрию, создавая продукты и сервисы на стыке фана и технологий. Мы — эксперты в самом смешном из всех серьёзных видов бизнеса. Что нужно, чтобы присоединиться к нам:  иметь опыт бэкенд-разработки на Java или Kotlin от двух лет;  уметь и любить писать чистый код, покрывать его тестами, следовать принципам SOLID;   чувство юмора :)   Стек используемых технологий:   Spring, JUnit, Ktor в асинхронных сервисах;   MongoDB, Redis, Elasticsearch, Clickhouse;   Amazon Web Services (ECS, SQS, S3, ...), Docker, Jenkins, Gitlab, Prometheus + Grafana, Kibana.   Что предстоит делать:  развивать и поддерживать REST-бэкенд UGC-приложения на Kotlin; обеспечивать отказоустойчивость, масштабируемость, оптимизировать узкие места. "
Senior Android Developer (Kotlin/Java),https://hh.ru/applicant/vacancy_response?vacancyId=45431660,2021-07-13T14:58:52+0300,False,,,,От 1 года до 3 лет,Удаленная работа,Kotlin;Java;Android;Git;Material Design;,Access Softek (ИП Гурфинг Михаил Григорьевич),Санкт-Петербург,"Access Softek is a software company with headquarters in Berkeley, California, and offices in Manhattan, Chicago, and Vancouver. We are creating a digital banking solution: online banking, mobile banking, omnichannel lending, and omnichannel account opening. Today our 300+ employees are serving over 400 financial institutions and reaching over 3 million mobile banking end-users every month. Our focus is on innovation: mobile-first, machine-learning, and AI everywhere. We are hiring a Senior Android Developer (Kotlin/Java). Primary Responsibilities:  Design, develop and support various features of the Mobile Banking Android app. Design, develop and support tests along with developing new features. Create the best possible UI/UX solutions in the team of Designer, Product Managers, and QAs. Work with other Android developers of the app to make unified solutions and follow the common app’s architecture. Provide code review to other Android developers working on the same project. Communicate in English and work inside a distributed team. (Communication with Dev team is in Russian)  Requirements:   Experience with Kotlin or Java - 3+ years   Experience with Android is a big plus   Experience with Git is a big plus   Readiness to work with extensive UI programming tasks, pair-programming sessions, code peer-review, unit testing, integration testing   Willingness to work on one product/project for a long time   Readiness to join a large existing project and make a remarkable contribution to its growth   Experience of remote work in a team is a plus   Experience of work in SCRUM is a plus   Readiness to work in a large distributed team with regular Skype calls and chats   Project Description:   There is also a possibility to develop yourself in other technologies (.Net, Frontend-JS) as you evolve in the company.   Kotlin/Java   Android Jetpack   Coroutines   RxJava, Kotlin Flow, LiveData   Retrofit, OkHttp3   Clean Architecture   MVVM, MVP   Hilt, Dagger   Multi-module   Sqlite, Room   Material Components   Robolectric   AndroidX Tests   Appium   Our benefits:  Work from anywhere in the world! Flexible working hours (requires some overlap with Pacific daytime hours) Experienced development teams Long-term employment Competitive salary Paid vacation and days off on national holidays Paid sick leave and internal medical insurance policy Mental health coverage Global corporate events for all employees Compensation for training and additional education Community of practice, regular knowledge sharing among colleagues Provision of computer equipment Internet compensation (50$ per month) Relocation possibility to Montenegro​ And other benefits, described in detail in the Employee Handbook     "
Backend (Java/Kotlin) Developer (Страховые продукты),https://hh.ru/applicant/vacancy_response?vacancyId=46607433,2021-07-28T18:50:18+0300,False,,,,От 3 до 6 лет,Полный день,Git;SOAP;Java;Spring Framework;SQL;Работа в команде;REST;,Т1 Консалтинг,Москва,"Т1 Консалтинг – российская ИТ-компания, специализируется на управленческом консалтинге и внедрении бизнес-приложений, охватывающих все уровни функционирования и управления современным предприятием, предлагает полный комплекс услуг для реализации цифровой стратегии и повышения операционной эффективности предприятия. Профессиональная экспертиза Т1 Консалтинг представлена центрами компетенций CRM, ERP, 1С, Цифровые решения. Сейчас мы ищем Backend Developer уровня Middle или Senior. О проекте: Команда «Страховые продукты» создает сервис предоставления новым и существующим клиентам Банка современных решений в области страхования и смежных нефинансовых сервисов через дистанционные и физические каналы. Проект полностью с нуля, никакого Legacy! Стек на проекте: Kotlin, Docker, Kubernetes (OpenShift), Spring Boot, Spring Web, Spring Webflux, REST, SOAP, MQ, Git, Jira, Confluence. Чем предстоит заниматься:  Разрабатывать серверную часть на Kotlin; Участвовать в развития проекта и сервисов; Регулярно проводить code-review; Расти и развиваться в рамках команды.  Для нас важно:  Опыт коммерческой разработки на Java от 3-х лет; Хорошее знание Spring (boot, data, web), если есть опыт работы с webflux – это замечательно; Желателен опыт работы с microservices, Docker, Kubernetes; Опыт работы с базами данных, знание SQL; Опыт или знание чего-нибудь одного: Reactive Streams (Java 9), Reactor, RxJava или общее знакомство с принципами реактивного программирования.  Чем мы интересны:  Мы крупная, стабильная IT компания, у нас интересные проекты все с нуля никакого Legacy; У нас белая заработная плата + премии по итогам работы; Оформляем в штат по ТК РФ с первого дня; Мы заботимся о здоровье – ДМС после испытательного срока; Удобный график работы, гибкое начало рабочего дня; Обучаем своих сотрудников - оплачиваем внешнее обучение и сертификации;  Как мы проводим собеседования:  1-1,5 часа Skype, Zoom общение с руководителем, Team Lead проекта; 1 час общения с командой; Оффер.    Мы очень быстро принимаем решение!  "
Backend developer (Kotlin),https://hh.ru/applicant/vacancy_response?vacancyId=43372372,2021-08-02T10:12:14+0300,False,,,,От 1 года до 3 лет,Полный день,Git;PostgreSQL;ООП;Kotlin;Lagom;Sprig boot;Kubernetes;Java;,ПОЛЕ.РФ,Москва,"Мы расширяем IT команду и поэтому ищем backend разработчика Java/Kotlin. Позиция предполагает участие в запуске нового бизнеса в области электронной коммерции для сельского хозяйства. Проект включает построение экосистемы, в рамках которой сосредоточены системы онлайн-торговли (маркетплейс) и дополнительных сервисов для аграриев. Обязанности:  Проектирование backend архитектуры приложения в рамках микросервисной парадигмы, разработка отдельных сервисов; Основной стек: Kotlin (Lagom/Sprig boot), PostgreSQL, Kubernetes  Требования:  Опыт промышленной разработки от 2-х лет; Уверенные знания Java/Kotlin в разрезе backend разработки; Опыт работы с системами контроля версий (git); Понимание основных принципов ООП и проектирования ПО в целом (SOLID, шаблоны проектирования GOF, enterprise); Опыт работы с реляционными БД (проектирование, оптимизация схемы хранения); Понимание принципов построения микросервисной архитектуры  Условия:  Трудоустройство согласно законодательству; Конкурентная заработная плата; Интересные задачи; Работа в команде профессионалов; Территориально м. Парк Культуры, 7 минут пешком, гибкое начало рабочего дня, возможен гибридный график (офис/удалёнка) после испытательного срока. "
Senior Kotlin/Java Developer (NLU),https://hh.ru/applicant/vacancy_response?vacancyId=44282207,2021-07-21T10:42:36+0300,False,,,,От 3 до 6 лет,Полный день,Kotlin;Java;Spring;PostgreSQL;MongoDB;,Just AI,Санкт-Петербург,"Just AI одна из лидирующих продуктовых компаний в сфере Conversational AI. Нашими продуктами пользуется около ста крупных российских и ряд международных IT-компаний, телеком-компаний, банков (Yandex, Mail.ru Group, Сбер, МТС, Мегафон, Альфа-банк, HH.ru, Qiwi, BNP Paribas). Наши SAAS платформы и инженерные фреймворки используют более 40 000 разработчиков и малых-средних компаний по всему миру. Наш фокус – технологии понимания естественного языка, инструменты для создания голосовых ассистентов, машинного обучения, speech synthesis and voice cloning, системы управления диалогом, NLU/NLP/DM/ODQA/CDQA. Сейчас мы в поисках разработчика в команду Dialog.Команда занимается работой над движком, на котором работают боты, в первую очередь - над применением в нём инструментов обработки естествественного языка, таких, например, как классификация интентов и поиск именованных сущностей, при помощи которых мы учим ботов лучше понимать людей. На данный момент в команде 5 человек: 3 бэкендера, 1 фронтендер и один QA. Сейчас мы находимся в активном поиске senior бэкендера, второго QA и NLP-инженера.Какие задачи предстоит решать:  Улучшать работу движка платформы; Развивать наш собственный NLU-провайдер CAILA (just-ai.com/caila-conversational-ai-linguistic-assistant); Создавать с нуля standalone провайдер NLU, поддерживающий множество языков, который планируется выводить на международный рынок для конкуренции с Dialogflow, Watson NLU и т.д. - работать над отказоустойчивостью и производительностью системы.  Наши ожидания:  использование в работе Java 8, Spring (core, data, mvc, integration, test), JPA от 5 лет; опыт работы с SQL базами данных; знание Linux на уровне уверенного пользователя командной строки; опыт автоматизации, желание и умение внедрять и улучшать процессы CI/CD; опыт работы с облачной инфраструктурой (Azure, OpenShift, Heroku, Google App Engine): интерес к теме AI, готовность изучать и работать над алгоритмами искусственного интеллекта.  Мы предлагаем:   Интересные проекты, возможность быстрой имплементации результатов исследований в продукты и публикации в научных изданиях;   Возможности для профессионального роста и обмена опытом как внутри коллектива, так и в рамках внешнего сотрудничества с нашими партнерами, клиентами, университетами и сообществами;   Участие в научных и прикладных конференциях в России и за рубежом;   Самые передовые технологии, высокие амбиции, международные продукты, быстрые практические результаты;   Возможность согласования индивидуального рабочего графика, удаленной работы;   Официальное оформление по ТК, компенсация больничных и отпусков в 100% размере от текущего оклада;   Кафетерий льгот: ДМС/компенсация спорта, обучения, хобби или отдыха;   Неповторимая корпоративная культура Just AI DNA, вечеринки, джаз-концерты, совместные кинопросмотры и многое другое…  "
Backend-разработчик Kotlin/Java (middle),https://hh.ru/applicant/vacancy_response?vacancyId=42637341,2021-08-04T11:49:52+0300,False,55000,100000,RUR,От 1 года до 3 лет,Полный день,Git;SQL;Spring Framework;PostgreSQL;Hibernate ORM;JUnit;Java;,Биллинговый центр,Барнаул,"Ключевые особенности  профессиональная разработка бэкэнда корпоративных информационных систем и веб-сервисов на современном стеке технологий возможность обучения, профессионального развития и карьерного роста возможность участвовать в выборе путей дальнейшего развития технологической платформы, вносить предложения и заниматься их реализацией  Требования  понимание принципов ООП, основных алгоритмов и структур данных, паттернов проектирования ПО знание протокола HTTP, принципов RESTful API, форматов JSON, XML, XSD опыт разработки серверных приложений на Kotlin или Java с использованием Spring Framework (Spring MVC, Spring Security, Spring Data), Jackson, JPA/Hibernate опыт работы с СУБД Oracle и/или PostgreSQL, знание SQL и PL/SQL опыт работы с системами сборки Gradle либо Maven опыт написания тестов (JUnit, Spring Test, mockito) умение работать с системой контроля версий (git) базовые знания Linux желание разрабатывать на Kotlin опыт и готовность работы в команде, умение разбираться в чужом коде чтение технической документации на английском языке  Желательно  высшее образование по специальности, связанной с IT опыт работы с Docker, TeamCity, Jenkins, Nexus, Ansible, Kafka, Swagger  Условия  официальное трудоустройство согласно ТК РФ белая зарплата, квартальная премия до 60% от оклада по результатам работы возможность обучения, профессионального развития и карьерного роста библиотека актуальной технической литературы   график работы с 8:00 до 17:00 или с 9:00 до 18:00 по выбору сотрудника "
Senior Kotlin Spring developer,https://hh.ru/applicant/vacancy_response?vacancyId=45724064,2021-07-21T10:17:57+0300,False,,,,От 3 до 6 лет,Полный день,PostgreSQL;Spring Framework;MongoDB;Java;JDBC;Kotlin;Docker;Redis;Java SE;Coroutines;JOOQ;WebFlux;Project Reactor;,БК Олимп,Москва,"БК &quot;Олимп&quot; – это российская онлайн букмекерская компания, которая предоставляет услуги по приему ставок на спортивные события. Мы входим в число лидеров рынка гемблинга, являемся одним из крупнейших рекламодателей России, спонсорами ФНЛ (футбольной национальной лиги) и кубка России по футболу. В линии Олимп больше 30 видов спорта. Отличный матч-центр с подробной статистикой, множеством трансляций по большинству видов спорта. Мы молодая и быстрорастущая компания и в настоящий момент, в связи с расширением штата, мы в поисках Senior Kotlin Spring разработчика в нашу дружную команду профессионалов. Какие задачи тебя ожидают:  Писать чистый и качественный код; Проводить код-ревью; Заниматься разработкой высоконагруженных web-приложений; Заниматься обработкой потоковых данных.  Мы будем рады рассмотреть твою кандидатуру, если у тебя:  Имеется опыт коммерческой разработки; Уверенное знание Java и имеешь опыт разработки от 3х лет; Знание Kotlin и имеешь опыт разработки от 1 года; Есть большой опыт работы со Spring (Core, Web, Data); Знание БД PostgreSQL на уровне понимания логики выполнения запросов; Имеется опыт работы с высоконагруженными системами; Есть опыт и ты принимал участие в разработке микросервисов; Есть понимание принципов работы Docker/Kubernetes.  будет плюсом, если ты:  Имеешь опыт работы с Kafka/RabbitMQ; Дружишь со Spring (Boot, Data JDBC/JPA, WebFlux); Имеешь опыт работы с Kotlin Coroutines; Работал с нереляционными БД (MongoDB); Работал с JOOQ  Наши преимущества для тебя:  Удобные форматы трудоустройства; Реальные перспективы карьерного роста; Участие в реализации крупных, статусных проектов; Сплоченная команда профессионалов, в которой можно не только успешно реализовывать проекты, но и перенимать опыт и развиваться; Постоянное развитие, участие в интересных проектах и расширение профессиональной экспертизы; Конструктивная и открытая рабочая атмосфера; Ориентировочная вилка по зарплате обсуждается по итогам прохождения интервью.  Мы готовы предложить для тебя:  Работу в комфортабельном офисе в 10 минутах от м. Волгоградский пр-т или м. Пролетарская; Оборудованную комнату отдыха (настольный теннис, настольный футбол, чай, кофе), регулярные развлекательные мероприятия; Бесплатные билеты на спонсируемые мероприятия; Корпоративный футбол с коллегами. "
Программист Java/Java Developer/Kotlin,https://hh.ru/applicant/vacancy_response?vacancyId=45729143,2021-08-04T12:54:19+0300,False,,,,От 1 года до 3 лет,Удаленная работа,Kotlin;Java;Spring Framework;PostgreSQL;,СБЕРКОРУС,Севастополь,"Кто мы: СберКорус – дочерняя компания Сбербанка. Важным направлением работы компании является участие в строительстве цифровой экосистемы Сбербанк и мы являемся 100% дочерней компанией Сбера. При этом мы отличаемся от Сбебанка: у нас нет бюрократии, больше свободы в процессах, только новые проекты без легаси, нет длительных собеседований и проверок СБ. Мы делаем продукты и сервисы быстро, качественно и запускаем их на аудиторию в 1,5 млн юридических лиц. Ищем Java Developer в молодой проект по разработке сервиса по установлению индивидуальных тарифов ключевым клиентам Банка Технический стэк проекта:  Java 8, Kotlin; JMS; JOOQ; REST; Spring framework; SQL, Oracle; Maven; GIT.  Необходимые технические компетенции:  JavaSE – от 4 лет; JavaEE (JAX-RS, JAX-WS, JMS); Spring framework; SQL; Maven; GIT; XML/XSD; Kotlin -будет преимуществом; YML - будет преимуществом.    Что вас ожидает:  Официальное оформление согласно ТК РФ, с полностью белой заработной платой и отпуском 28 календарных дней; Конкурентный уровень заработной платы, который обсуждается на собеседовании; Премии по результатам работы; Ежегодное повышение уровня дохода по результатам аттестации; График работы – стандартный, но с гибким подходом (гибкое начало и окончание рабочего дня); Корпоративные курсы английского языка. А также собственный учебный центр с доступом к семинарам, вебинарам, библиотеке электронных курсов и бизнес-публикаций (для развития технических и бизнес-навыков с возможностью поднять свой уровень); ДМС и корпоративная сотовая связь; Возможность внести свой вклад в реализацию интересных и амбициозных проектов с участием крупнейших российских и международных компаний; Мы меняемся и развиваемся, для этого организуем корпоративный отдых,внешнее обучение и прочие мероприятия как для полезного, так и для приятного время препровождения.   "
Backend developer (Java/Kotlin),https://hh.ru/applicant/vacancy_response?vacancyId=46179984,2021-08-03T15:29:43+0300,False,,,,От 1 года до 3 лет,Полный день,Spring Framework;Java;Git;Kotlin;,Автохолдинг РРТ,Санкт-Петербург,"О нас: Наша IT-команда разрабатывает и внедряет современные технологические продукты в сфере автомобильного, строительного и финансового рынков, а также решения для управления компаниями самых разных масштабов. Наша цель – стратегическое партнерство с нашими клиентами. Мы уверены, что только в таком случае мы вместе можем достичь необходимых результатов. Мы приглашаем Backend-разработчика присоединиться к запуску проекта по разработке новой B2C платформы для цифровой трансформации автодилерского бизнеса. Что предстоит: Участие в проектировании и разработке нового функционала web-приложений и портального b2c продукта. Наш стек:   KOTLIN \ Java 11+ Опыт работы SPRING + Spring-boot(MVC,JAP,SECURITY,REST), JUnit, Web Services(SOAP) Jms (Kafka,RabitMQ) (ORM) frameworks - Hibernate, SpringData NoSQL (Redis,CouchBase) SVC - git, (git flow) Design Patterns JDBC PostgreeSQL Build tools - Maven, gradle CI tools - GitLab,Jenkins Log and Monitoring tools - GitLab, Kibana, Grafana Search Engine (Elastic search)  Мы ожидаем:  Опыт от 2-х лет в коммерческой разработке ПО Уверенные знания Java/Kotlin Опыт разработки в микросервисной архитектуре, понимание её особенностей  Мы предлагаем:  Возможность работать из офиса в Санкт-Петербурге или удаленно Гибкое начало рабочего дня с 8:00 до 11:00 Официальное трудоустройство с первого дня работы Внешнее и внутреннее обучение: курсы, конференции, митапы Команду профессионалов, имеющих за плечами опыт в разных сферах IT бизнеса и знающих специфику рынка не только в России, но и за рубежом Перспективы профессионального и карьерного роста Премии и бонусы по результатам работы "
Android разработчик (Kotlin),https://hh.ru/applicant/vacancy_response?vacancyId=45843233,2021-07-27T10:01:19+0300,False,,,,От 1 года до 3 лет,Удаленная работа,Android;Java;kotlin;,Банк Русский Стандарт,Москва,"Обязанности:  Разработка новых и доработка текущих клиентских приложений для платформы Android; Код ревью, изучение новых технологий и подходов. Участие в архитектурном проектировании нового функционала приложений, API; Писать поддерживаемый код на Kotlin.  Требования:  Опыт разработки мобильных приложений под Android; Уверенное знание Java, либо Kotlin; Желательно знание RxJava 2 / RxBindings, Retrofit 2 / Volley, Butterknife; Умение работать в команде.  Наши технологии:  Kotlin, Clean Architecture, MVVM/MVP, RxJava 2/Coroutines, Room, DI(Dagger2/Koin), Cicerone.  Условия:  Достойный уровень оплаты труда, обсуждается индивидуально по итогам собеседования с руководителем; Официальное трудоустройство (согласно ТК РФ); Удаленная работа с графиком: 5/2, 9:00-18:00 (обсуждаемо), готовы предложить работу в офисе в Москве; Работа в молодом и дружном коллективе; ДМС; Корпоративные скидки сотрудникам от компаний – партнеров (спорт, красота, здоровье, путешествия, рестораны и проч.); Волейбол и футбол - бесплатно. "
Senior Java / Kotlin Developer,https://hh.ru/applicant/vacancy_response?vacancyId=46122746,2021-07-09T14:50:42+0300,False,320000,,RUR,Более 6 лет,Удаленная работа,Java;Spring Framework;Back-end;Unit Testing;,Солантек,Нижний Новгород,"В компании Solanteq мы разрабатываем продукты, решающие задачи наших клиентов (это процессинговые компании и банки в России, в том числе из топ-10, и за рубежом) в финтех сфере, такие как:  Обработка транзакций по платежным картам (МПС Visa, MasterCard, Мир и другие). Осуществление интернет платежей, в частности мы являемся сертифицированным поставщиком 3D-Secure решений. Осуществление NFC-платежей (ApplePay, AndroidPay и MirPay). Запуск программ банковской и розничной лояльности. Управление терминалами, такими как POS-терминалы и банкоматы. Автоматизация тестирования банковских систем.  Задачи:  Разработка новых и развитие существующих бизнес-модулей системы. Проработка технический решений для обеспечения отказоустойчивости и масштабирования системы (в том числе работа в ген-распределенной инфраструктуре). Проработка архитектуры новых модулей системы и решений на базе продуктов компании. Участие в проектах по разработке и внедрению инновационных проектов в fintech области. Курирование младших разработчиков. Внедрение новых технологий и devops практик.  Требования к кандидатам:  Опыт коммерческой разработки back-end на Java от 5 лет. Опыт разработки распределенных систем. Опыт работы с Spring Framework. Опыт работы с *nix системами. Умение читать и понимать чужой код. Умение писать unit-тесты и понимание, зачем это нужно. Умение и желание работать в команде. Интерес к новым фреймворкам и технологиям. Желание разбираться в предметной области. Английский язык желательно. Опыт работы с PostgreSQL, Oracle (или другими классическими базами данных) будет плюсом.  Условия:  Активная разработка и возможность увидеть созданную с Вашим участием систему в проде. Дружелюбная, не бюрократизированная обстановка. Оформление по ТК. Возможность выбирать формат работы - удаленно или в комфортном офисе в Санкт-Петербурге (помогаем с релокацией). ДМС и страховка для путешественников.  Как всё устроено:  Кодовая база на Java 8+ (в новом коде используем фичи Java 11) и Kotlin. Хранение исходных кодов и код ревью в Self-Hosted GitLab. CI/CD на базе TeamCity. Использование AWS для внутренней инфраструктуры. Фреймворки и технологии (поддерживаем актуальные версии): Java 11, Spring 5, Hibernate, Infinispan, Mockito, PostgreSQL, RabbitMQ и так далее. "
Java (Kotlin) Backend Developer (remote),https://hh.ru/applicant/vacancy_response?vacancyId=46608726,2021-07-28T20:59:06+0300,False,,,,От 1 года до 3 лет,Полный день,Java 8;Spring Framework;gitflow;Docker;Java 11;NoSQL;Kubernetes;CI/CD;Java;Kotlin;,HEADS and HANDS,Пермь,"Heads and Hands помогает своим клиентам улучшать ежедневную жизнь людей и автоматизировать их рутину с помощью мобильных приложений и веб-сервисов. Мы верим, что мобильные приложения могут сделать компании действительно полезными для людей, когда, за счёт удобной экосистемы и пользовательского опыта, ценность продуктов и услуг превышает их физическую цену. С помощью мобильных экосистем мы создаем возможности для лучшей жизни, которые закрывают потребности человека и помогают бизнесу стать лидером в отрасли. Мы сделали продукты для Касперского, Land Rover, Lamoda, Leroy Merlin. Помогли с проектами Яндексу, ABBY, Mail.Ru, Сбербанку и Тинькофф Банку. А еще мы входим в топ-5 среди разработчиков мобильных приложений по версии Tagline, и это очень приятно :) Начинали мы в далеком 2012 как небольшой стартап, а сейчас являемся одной из крупнейших компаний в России в области мобильной разработки. У нас три офиса (в Питере, Саранске и Новосибирске) и своя школа разработки. Сейчас мы растем, и поэтому ищем в нашу команду Java-разработчика. В твои ежедневные задачи будет входить:   Разработка API для мобильных и веб-приложений   Интеграция со сторонними сервисами   Взаимодействие с командой разработки и менеджерами   У нас все получится, если ты:  Обладаешь компетенциями уверенного middle разработчика Имеешь коммерческий опыт разработки на Java (8,11 и выше) от 1 года Обладаешь разговорным Spring&#39;ом Умеешь работать с нереляционными базами данных  Плюсом будет:  Знание и опыт работы с Docker, Kubernetes, CI/CD Знание Kotlin  Что мы предлагаем:  Официальное оформление и полностью белая з/п Фиксированный оклад (определяем с кандидатом по итогам тех. собеседования) ДМС через год работы Возможность работать удаленно из любого города, гибкое начало рабочего дня (формально - с 9:00 до 11:30 мск, но все обсуждаемо:) Частичную/полную плату обучающих материалов, билетов на лекции и конференции по твоему запросу  Работа над крупным, технически сложным проектом в команде опытных разработчиков, QA, дизайнеров и проджект-менеджера - ребята всегда на связи и готовы помочь, если возникают трудности  Веселые командировки к команде и тимлидам (если совпадает необходимость и желание)  Эта вакансия для тебя, если:  Ты хочешь развиваться и делать действительно полезные приложения на топовом стеке Любишь командную работу и информативный фидбек от лидов Ценишь отлаженные процессы разработки и возможность быстро прокачаться в экспертной, дружелюбной и эмпатичной команде "
"Android Developer (Java, Kotlin)",https://hh.ru/applicant/vacancy_response?vacancyId=46022860,2021-08-02T15:33:55+0300,False,180000,280000,RUR,От 1 года до 3 лет,Полный день,Kotlin;Java;Git;Английский язык;Android;C/C++;JNI;,ТТ ДЕВЕЛОПМЕНТ,Санкт-Петербург,"Мы - подразделение международной продуктовой IT компании, берущей свои истоки с 2000 годов. Разрабатываем коммуникационные решения в области профессиональной мобильной связи.Мы работаем с клиентами по всему миру (B2B и B2G). При этом продолжаем сохранять атмосферу стартапа, со всей присущей ей гибкостью, простотой и быстротой принятия решения.В мобильной разработке (Android) уже сейчас 4 очень опытных разработчика.Проект: новый, касается Augmented Reality, будет возможность быть у истоков этого проекта.Стек по проекту: Android на Java (+JNI), Kotlin, C/C++, Computer Vision, библиотеки WebRTC, OpenCV, OpenGL, ARCore. Вам понравится вакансия, если Вы:  Сильный разработчик - продукт постоянно развивается, придумывается новый интересный функционал, что ни день, то вызов; Вы за гибкость и коммуникации между разработкой и менеджерами - у нас этот процесс налажен, мы доверяем друг другу; Инициативный человек - мы ценим мнение не только заказчика, но и разработчика; Командный игрок - все члены команды тесно взаимодействуют, поддерживают друг друга и охотно делятся знаниями; Не боитесь ответственности и задач уровня “это невозможно” .  Разработка у нас - это:  Разработка нового продукта под мобильные платформы Android; Участие в проектировании и разработке архитектуры проекта; Поддержка и рефакторинг кодовой базы; Работа с потоковой передачей аудио/видео, датчиками и внешними устройствами; Минимум однотипных задач по верстке.  От Вас мы ждем:  Высшее образование в профильной области (информатика, прикладная математика, физика и пр.); Опыт коммерческой разработки на языках Java, Kotlin, C/C++, JNI от 3 лет; Опыт разработки под Android – от 2 лет; Опыт работы с библиотеками WebRTC, OpenCV, OpenGL, ARCore; Понимание computer science и алгоритмов;  Будет плюсом:  Опыт разработки Computer Vision приложений под Android; Опыт по направлениям: параллельное программирование, сетевые коммуникации, сжатие данных, аудио\видео коммуникация; Английский язык от уровня Intermediate и выше (у нас международная команда и продукт англоязычный); Наличие кода на github.  Мы предлагаем:   Гибкий график 5/2 (начало рабочего дня 7:00-11:00);   При желании, возможность работать удаленно (но быть в офисе хотя бы 1 раз в неделю-две для встречи с командой), предпочтительны кандидаты из Санкт-Петербурга;   Полностью белая заработная плата, устанавливается по итогам собеседования;   Работа в международной компании с возможностью практики английского языка;   Работа с социально значимым продуктом, который помогает сохранять жизни людей;   Просторный, светлый офис в 15 мин. ходьбы от метро;   Максимально комфортные рабочие места в офисе;   Бизнес-ланчи в офисе;   Компенсация 50% годового абонемента на фитнес (после испытательного срока);   ДМС со стоматологией (после полугода работы в компании).  "
Backend-разработчик (Java/Kotlin),https://hh.ru/applicant/vacancy_response?vacancyId=43694752,2021-07-22T21:33:07+0300,False,,,,От 1 года до 3 лет,Удаленная работа,Java;Spring Framework;PostgreSQL;Git;Scrum;Kotlin;Jenkins;ActiveMQ;Redis;Cassandra;,Почта Банк,Москва,"ЧЕМ МЫ ТУТ ЗАНИМАЕМСЯ: Разрабатываем платформу мобильного и интернет- банка (дистанционный банкинг) на основе микросервисов в современном стеке технологий, которые мы выбираем сами. Сейчас наш продукт занимает лидирующие позиции в рейтингах, мы активно инвестируем в его развитие и не останавливаемся на достигнутом. Нашим дистанционным банкингом пользуется более 7 млн. человек, единовременно с программным обеспечением работают более 10000 клиентов Банка. Количество пользователей и нагрузка постоянно растут – за прошлый год нагрузка на платформу увеличилась в 3 раза. ТЕХНОЛОГИЧЕСКИЙ СТЕК: ЯП и фреймворки: Java 8/11, Kotlin (по желанию), Spring Boot, Apache Camel. Хранилища и очереди: Redis, Apache Cassandra, Oracle 12, ActiveMQ, IBM WS MQ. DevOps &amp; CI: Apache Maven, Jenkins, GitLab, Docker + Kubernetes (внедряем сейчас). Мониторинг: Elasticsearch, Logstash, Kibana, Sentry (внедряем сейчас), Zabbix. ЧТО ВЫ БУДЕТ ДЕЛАТЬ:  Разрабатывать микросервисы платформы дистанционного банкинга. Разрабатывать интеграцию мобильного приложения и веб- приложения с сервисами платформы и другими системами Банка. Разрабатывать архитектурные схемы сервисов и выбирать технологии для решения новых и нетривиальных задач (вместе с архитектором и аналитиком). Выполнять ревью кода, написанного другими разработчиками, и обучать начинающих разработчиков.  БУДУЩИЙ РЕЗУЛЬТАТ ВАШЕЙ РАБОТЫ: Набор микросервисов для новых функциональностей мобильного и интернет-банка. Обеспечение требуемого качество кода, скорости его выполнения, оптимизация потребляемых кодом ресурсов. МЫ ОЖИДАЕМ ОТ ВАС:  Пару лет опыта в разработке нагруженных RESTful сервисов. Опыт работы с масштабируемыми сервисами, очередями сообщений, большим количеством интеграций. Знаний или опыта проектирования структур данных. Знаний: Java 8/10, Spring Boot.  В &quot;ПОЧТА БАНКЕ&quot; МЫ ПРЕДЛОЖИМ ВАМ:  Удаленная работа с удобный графиком. Оклад + квартальное премирование + годовой бонус. Agile. Scrum (двухнедельные спринты, работа в командах по 6-8 человек: 2 backend, 3 frontend, системный аналитик, 2 тестировщика) Демократия и самоорганизация + наличие удаленного доступа. Обучение - доступное внутреннее и внешнее обучение. В Банке есть корпоративная академия. Регулярно проходят внутренние митаппы, tech. chapters и ретроспективы. Мы посещаем ключевые отраслевые конференции. Профессиональное развитие - мы используем современный стэк, поддерживаем разумные инициативы по внедрению новшеств, совершенствуем архитектуру и кодовую базу. Карьерный рост- команда постоянно растет. В зависимости от вклада, каждый сотрудник может претендовать на повышение дохода, новый функционал и дополнительные задачи. Мы держимся за наших сотрудников. "
Java/Kotlin-разработчик в TOP (удаленно),https://hh.ru/applicant/vacancy_response?vacancyId=46489388,2021-08-02T12:16:33+0300,False,,,,От 1 года до 3 лет,Полный день,Java;Git;Java SE;SQL;Apache Maven;,Тинькофф,Самара,"Ищем Java/Kotlin-разработчика в дружную команду TOP-Tinkoff Origination Platform. Origination -это процесс открытия продукта, который начинается с интереса клиента (например, клиенту нужна банковская карта Tinkoff) и заканчивается утилизацией, т.е. клиент совершил первую покупку по карте. Наша команда занимается автоматизацией этих процессов для всех продуктов Тинькофф. У Тинькофф очень много крутых продуктов и много сложной бизнес логики по каждому из них. Удобство и скорость клиентских сервисов это наша основная задача. От нас зависит первое впечатление клиента о бренде Тинькофф. В том числе благодаря нашей команде Тинькофф третий банк в России по числу клиентов! Чем предстоит заниматься  Разрабатывать компоненты микросервисной архитектуры платформы TOP Разрабатывать новый функционал, и развивать существующий Участвовать в обсуждениях и проектировании архитектуры Участвовать в ревью кода Покрывать новый функционал тестами  Что мы ждем от кандидата   Опыт программирования на Java от 3 лет   Опыт работы с Spring (или другими DI фреймворками)   Навыки работы с базами данных, знание основ SQL (PostgreSQL/Oracle/MySQL)   Знания Git, Maven, Gradle   Ориентированность на командную работу   Будет большим плюсом    Опыт программирования на Kotlin   Работа с брокерами сообщений (ActiveMQ/RabbitMQ/IBM MQ)   Опыт работы с Kafka (+KafkaStreams)   Опыт работы с NoSQL (Redis/Hazelcast/MongoDB/Couchbase)   Опыт работы с Camunda/Zeebe   Знание требований к современным распределенным, высоконагруженным приложениям   Знание паттернов проектирования распределенных систем   Опыт построения CI/CD процессов   Опыт работы с продуктами HashiCorp (Consul, Vault, Terraform)   Опыт работы с любыми оркестраторами контейнеров (k8s/OpenShift/Rancher/Nomad/Docker Swarm)   Что мы предложим взамен  Работу в комфортных для тебя условиях из дома или офиса Комфортная для тебя зарплата — обсудим ее на собеседовании Карьерный рост, который ограничен только твоим желанием Бонус по итогам года за отличную работу Полис ДМС со стоматологией и страховку от несчастных случаев для тебя, а также льготные условия страхования для твоих близких 50% компенсацию спорта и фитнеса Совместные тренировки по футболу, волейболу "
"Kotlin developer (web application, backend)",https://hh.ru/applicant/vacancy_response?vacancyId=46429631,2021-07-21T22:01:31+0300,False,,,,От 1 года до 3 лет,Гибкий график,,Devexperts,Санкт-Петербург,"Devexperts has been working for nearly two decades consulting and developing for the financial industry. We solve complex technological challenges facing the most well-respected financial institutions worldwide.By becoming a part of Devexperts, you’ll become a part of a company that fosters self-improvement and actively seeks out-of-the-box ideas. Our teams work together to create the next generation of financial software solutions. We welcome all candidates who believe, as we do, that innovation is grounded in education. Our team creates a complicated web application, that allows to control and configure the company’s chief product - DXtrade.Our main challenge is to build a sophisticated and robust webapp that operates thousands of realtime-updated controls.The project is fresh and has been actively developed from scratch for the last 1.5 years. App abstraction level allows to purely separate development tasks between BE/FE and you are not obliged to do any frontend stuff At the backend we have no storage, caches and related functionality, it is mostly REST magic logic and high-performance operation over WebSockets.Our near future is to simplify customization of app components by transforming the architecture to an extendable framework. That allows to hand over all routine customizing work to other teams and let us concentrate on core functionality.The application is quite innovative in technologies:  Kotlin 1.5 (JVM) Spring Boot 2 WebFlux RxJava2 Gradle 6 Docker, Kubernetes, Kustomize  Our tools are: IDEA, TeamCity, Jira, Bitbucket, Slack.We have: 2 backenders and 1 frontend teamlead, 2 analytics, 2 testers and PM. We are glad to onboard a new teammate who:  knows what is reactive programming (having real experience is better) likes to write efficient code likes to deal with performance and bottlenecks can organize him/herself well for a remote work ready to dive into technological area of exchange trading and OTC markets (stocks, options, Forex, CFD and related stuff). ready to occasionally communicate in Slack with foreign colleagues in English (intermediate) "
Разработчик Android (Kotlin),https://hh.ru/applicant/vacancy_response?vacancyId=41845027,2021-08-02T17:29:15+0300,False,,,,От 1 года до 3 лет,Удаленная работа,Java;Android;,"Красное & Белое, розничная сеть",Москва,"Обязанности:  Разработка мобильных приложений на базе OS Android; Тестирование и отладка; Техническое сопровождение; Составление и поддержка актуальности документации на ПО.  Требования:  Опыт работы от 2-х лет; Знание Java/Kotlin; Знание Dagger, Retrofit, Data Binding, Coroutines, RxAndroid; Опыт создания клиент-серверных приложений; Умение искать и устранять уязвимости; Приветствуется знание языка Swift; Знание русского языка.  Условия:  Официальное трудоустройство, соц. пакет; Официальная заработная плата 3 раза в месяц на банковскую карту; Возможность карьерного и профессионального роста; Возможность обучения за счёт компании; График работы: 5/2 с 9.00 до 18.00, готовы рассмотреть кандидатов на удаленный график работы или готовых к переезду; Место работы: офис в Москва-Сити (башня Меркурий)  Задать вопросы и обсудить вакансию можно в Telegram: @marina_kib"
Middle/Senior Android developer (Kotlin),https://hh.ru/applicant/vacancy_response?vacancyId=46702746,2021-08-02T12:40:45+0300,False,,,,От 3 до 6 лет,Полный день,kotlin;Java;RXJava;Dagger;MVP;MVVM;Android;,Luxoft,Москва,"Luxoft, a DXC Technology Company – это ведущая глобальная компания, оказывающая услуги по формированию digital стратегии и разработке программного обеспечения, с клиентской базой по всему миру, состоящей главным образом из крупных транснациональных корпораций.Luxoft создаёт для своих клиентов уникальные технологические решения, эффективно способствующие внедрению инноваций.Являясь частью компании DXC Technology (NYSE: DXC), Luxoft оказывает стратегические, консалтинговые и инжиниринговые услуги для трансформации бизнеса своих клиентов и увеличения операционной эффективности c использованием новейших технологий. Luxoft сочетает высокий профессионализм в области разработки ПО и обширную отраслевую экспертизу в таких индустриях как автомобилестроение, финансовые услуги, путешествия и гостиничный бизнес, здравоохранение, биотехнологии, медиа и телекоммуникации.Вместе DXC Technology и Luxoft предлагают своим клиентам уникальный набор услуг по digital трансформации, комбинируя digital экспертизу Luxoft в области front end и экспертизу DXC Technology в IT-модернизации и интеграции. Приглашаем Senior Android разработчика на один из банковских проектов внутри компании. Второй по величине банк в стране, приложением которого пользуются миллионы людей. У нас есть цель - сделать максимально удобное и качественное приложение для наших клиентов. И поэтому мы активно ищем талантливых Android разработчиков, готовых к решению различного рода задач: вывод новых фичей, поддержка текущего функционала, рефакторинг legacy, написание тестов, участие в общих грумингах и многое другоеНад проектом работает много команд и у тебя есть реальная возможность выбрать ту, в которой ты сможешь максимально раскрыть свой потенциал.Если у тебя горят глаза и ты готов вывести приложение банка на вершину Play Store, приходи к нам, мы будем рады. Задачи : • Разработка под Android• Разработка в рамках микросервисной архитектуры• Проектирование интерфейсов взаимодействия с другими системами.• Работа в тесном сотрудничестве со специалистами фронтенд разработки, тестирования и аналитиками.• Работа по гибким методологиям разработки. Будет здорово, если у вас есть:• опыт разработки Android от 2 лет• уверенные знания по Java или Kotlin• умение разбираться и работать с чужим кодом• готовность к командной работе и трудиться над общими задачами• знание и понимание принципов SOLID• понимание и умение применять архитектурные паттерны (MVP, MVVM, ...)• опыт работы с Dagger 2, RxJava 2, Android Architecture Components• опыт работы с Git• участие в code review• опыт разработки клиент-серверных приложений Nice-to-Have Skills: • Jira, confluence• опыт написания Unit/UI-тестов МЫ ГАРАНТИРУЕМ: Расширенный социальный пакет Программу ДМС Профессиональное обучение и повышение квалификации Льготное страхование Корпоративные скидки в фитнес‑клубах, тур‑агентствах и других организациях Москвы Присоединяйтесь к дружной команде профессионалов Luxoft и вы сможете почувствовать и оценить все преимущества работы с нами!"
Senior Kotlin / Java Developer,https://hh.ru/applicant/vacancy_response?vacancyId=43889154,2021-07-26T11:46:25+0300,False,270000,350000,RUR,От 3 до 6 лет,Полный день,Java;Spring Framework;MongoDB;Kotlin;,FUNCORP,Москва,"FunCorp — международная компания, которая занимается разработкой развлекательных UGC-сервисов. C 2004 года мы развиваем FunTech индустрию, создавая продукты и сервисы на стыке фана и технологий. Мы — эксперты в самом смешном из всех серьёзных видов бизнеса. Наши приложения кажутся простыми — так и должно быть в FunTech. Но под капотом у нас мощные технологии, современные решения и методологии, обеспечивающие эту лёгкость.  Что нужно, чтобы присоединиться к нам:   иметь обширный опыт бэкенд-разработки на Java или Kotlin + MongoDB + Spring Framework (скорее всего вы знаете Java тоже, и это будет плюсом);   уметь и любить писать чистый код, покрывать его тестами, следовать принципам SOLID;   чувство юмора :)   Стек используемых технологий:   Spring, JUnit, Ktor в асинхронных сервисах;   MongoDB, Redis, Elasticsearch, Clickhouse;   Amazon Web Services (ECS, SQS, S3, ...), Docker, Jenkins, Gitlab, Prometheus + Grafana, Kibana.   Что предстоит делать:  развивать и поддерживать REST-бэкенд UGC-приложения на Kotlin; обеспечивать отказоустойчивость, масштабируемость, оптимизировать узкие места. "
Senior Backend Developer (Kotlin/ Java),https://hh.ru/applicant/vacancy_response?vacancyId=37812798,2021-07-06T19:20:25+0300,False,,,,От 3 до 6 лет,Полный день,Java;Kotlin;Microservices;,Самокат (ООО Умное пространство),Санкт-Петербург,"Что мы делаем Команда разработки Самокат обеспечивает наши операции эффективными инструментами (сервисами), которые делают наш процесс работы удобным, быстрым и эффективным. Мы говорим о таких направлениях как логистика, управление ассортиментом, предоставление каталога товаров, прием и оплата заказа, управление курьерами и работой склада. Все эти направления требуют сложных и технологических решений, которые мы сейчас разрабатываем. Задачи Вашей основной задачей в этой роли будет разработка backend на языке Kotlin в одном из продуктов компании. Что у нас есть  Продуктовые кроссфункциональные команды, включающие руководителя продукта, дизайнеров, разработчиков и тестировщиков. Сложная многокомпонентная система на основе микросервисной архитектуры. Мы используем Kotlin в продакшене. Сервисы на Kotlin с использованием Spring framework. Хранение данных в PostgreSQL/Redis. Kafka для обмена сообщениями. Kubernetes и GitLab для CI/CD. Grafana и Prometheus, EFK для организации мониторинга.  Наши ожидания  Вам нравится работать на стыке офлайна и онлайна, видеть, как написанный вами код приводит к реальным изменениям в физическом мире. Вы любите раскладывать сложные процессы на простые компоненты и взаимодействия между ними. Вы привыкли, что зона ответственности не заканчивается на этапе работающего кода. У вас есть опыт коммерческой разработки от 3-х лет Java или Kotlin (готовы рассматривать кандидатов с разным опытом). Вам приходилось организовывать оптимальное хранение данных, понимаете разницу между реляционными и нереляционными БД. У вас есть опыт построения высоконагруженных, отказоустойчивых сервисов с использованием микросервисной архитектуры.  Условия работы  Зарплата, которой вы достойны =). Мы не измеряем людей бюджетами и, если мы решим, что нам будет интересно работать вместе, то мы 100% договоримся о деньгах. Соблюдение ТК РФ и, конечно же, белая заработная плата. Удаленная работа на время карантина, а в будущем возможность работать с частичным посещением офиса в Питере или в Москве (Ясная поляна или Трехгорная мануфактура). ДМС после прохождения испытательного срока. "
Java (Kotlin) Backend Developer (remote),https://hh.ru/applicant/vacancy_response?vacancyId=46608721,2021-07-28T20:59:06+0300,False,,,,От 1 года до 3 лет,Полный день,Java 8;Spring Framework;gitflow;Docker;Java 11;NoSQL;Kubernetes;CI/CD;Java;Kotlin;,HEADS and HANDS,Омск,"Heads and Hands помогает своим клиентам улучшать ежедневную жизнь людей и автоматизировать их рутину с помощью мобильных приложений и веб-сервисов. Мы верим, что мобильные приложения могут сделать компании действительно полезными для людей, когда, за счёт удобной экосистемы и пользовательского опыта, ценность продуктов и услуг превышает их физическую цену. С помощью мобильных экосистем мы создаем возможности для лучшей жизни, которые закрывают потребности человека и помогают бизнесу стать лидером в отрасли. Мы сделали продукты для Касперского, Land Rover, Lamoda, Leroy Merlin. Помогли с проектами Яндексу, ABBY, Mail.Ru, Сбербанку и Тинькофф Банку. А еще мы входим в топ-5 среди разработчиков мобильных приложений по версии Tagline, и это очень приятно :) Начинали мы в далеком 2012 как небольшой стартап, а сейчас являемся одной из крупнейших компаний в России в области мобильной разработки. У нас три офиса (в Питере, Саранске и Новосибирске) и своя школа разработки. Сейчас мы растем, и поэтому ищем в нашу команду Java-разработчика. В твои ежедневные задачи будет входить:   Разработка API для мобильных и веб-приложений   Интеграция со сторонними сервисами   Взаимодействие с командой разработки и менеджерами   У нас все получится, если ты:  Обладаешь компетенциями уверенного middle разработчика Имеешь коммерческий опыт разработки на Java (8,11 и выше) от 1 года Обладаешь разговорным Spring&#39;ом Умеешь работать с нереляционными базами данных  Плюсом будет:  Знание и опыт работы с Docker, Kubernetes, CI/CD Знание Kotlin  Что мы предлагаем:  Официальное оформление и полностью белая з/п Фиксированный оклад (определяем с кандидатом по итогам тех. собеседования) ДМС через год работы Возможность работать удаленно из любого города, гибкое начало рабочего дня (формально - с 9:00 до 11:30 мск, но все обсуждаемо:) Частичную/полную плату обучающих материалов, билетов на лекции и конференции по твоему запросу  Работа над крупным, технически сложным проектом в команде опытных разработчиков, QA, дизайнеров и проджект-менеджера - ребята всегда на связи и готовы помочь, если возникают трудности  Веселые командировки к команде и тимлидам (если совпадает необходимость и желание)  Эта вакансия для тебя, если:  Ты хочешь развиваться и делать действительно полезные приложения на топовом стеке Любишь командную работу и информативный фидбек от лидов Ценишь отлаженные процессы разработки и возможность быстро прокачаться в экспертной, дружелюбной и эмпатичной команде "
Senior Java / Kotlin Developer,https://hh.ru/applicant/vacancy_response?vacancyId=37524877,2021-08-02T14:19:01+0300,False,320000,,RUR,Более 6 лет,Удаленная работа,Java;Spring Framework;Back-end;Unit Testing;,Солантек,Санкт-Петербург,"В компании Solanteq мы разрабатываем продукты, решающие задачи наших клиентов (это процессинговые компании и банки в России, в том числе из топ-10, и за рубежом) в финтех сфере, такие как:  Обработка транзакций по платежным картам (МПС Visa, MasterCard, Мир и другие). Осуществление интернет платежей, в частности мы являемся сертифицированным поставщиком 3D-Secure решений. Осуществление NFC-платежей (ApplePay, AndroidPay и MirPay). Запуск программ банковской и розничной лояльности. Управление терминалами, такими как POS-терминалы и банкоматы. Автоматизация тестирования банковских систем.  Задачи:  Разработка новых и развитие существующих бизнес-модулей системы. Проработка технический решений для обеспечения отказоустойчивости и масштабирования системы (в том числе работа в ген-распределенной инфраструктуре). Проработка архитектуры новых модулей системы и решений на базе продуктов компании. Участие в проектах по разработке и внедрению инновационных проектов в fintech области. Курирование младших разработчиков. Внедрение новых технологий и devops практик.  Требования к кандидатам:  Опыт коммерческой разработки back-end на Java от 5 лет. Опыт разработки распределенных систем. Опыт работы с Spring Framework. Опыт работы с *nix системами. Умение читать и понимать чужой код. Умение писать unit-тесты и понимание, зачем это нужно. Умение и желание работать в команде. Интерес к новым фреймворкам и технологиям. Желание разбираться в предметной области. Английский язык желательно. Опыт работы с PostgreSQL, Oracle (или другими классическими базами данных) будет плюсом.  Условия:  Активная разработка и возможность увидеть созданную с Вашим участием систему в проде. Дружелюбная, не бюрократизированная обстановка. Оформление по ТК. Возможность выбирать формат работы - удаленно или в комфортном офисе на Петроградской стороне (обеды, плюшки и фрукты прилагаются) ДМС и страховка для путешественников.  Как всё устроено:  Кодовая база на Java 8+ (в новом коде используем фичи Java 11) и Kotlin. Хранение исходных кодов и код ревью в Self-Hosted GitLab. CI/CD на базе TeamCity. Использование AWS для внутренней инфраструктуры. Фреймворки и технологии (поддерживаем актуальные версии): Java 11, Spring 5, Hibernate, Infinispan, Mockito, PostgreSQL, RabbitMQ и так далее. "
"Android (Kotlin) разработчик (Middle, Senior)",https://hh.ru/applicant/vacancy_response?vacancyId=46450385,2021-07-22T14:12:50+0300,False,,150000,RUR,От 1 года до 3 лет,Удаленная работа,Git;Android;Kotlin;ООП;,HEADS and HANDS,Саранск,"Heads and Hands – разработчик сложных web и мобильных сервисов. Мы приложили руки к таким приложениям как Lamoda, Ginza, Pandao, Doc+, сделали продукты для Samsung, Land Rover, Leroy Merlin. Работали с проектами Яндекс, ABBYY, Mail.Ru и Тинькофф Банк. Находимся в топ-5 мобильных разработчиков. Сейчас в работе более 50 проектов, количество растет и мы масштабируем команду.   Задачи в работе: • проектирование и разработка архитектуры мобильных приложений; • разработка кастомных компонентов; • верстка интерфейсов по дизайну из Figma, Zeplin; • разработка взаимодействия с API; • интеграции SDK сторонних сервисов;   Условия: • Удаленный формат, гибкий график. • Официальное оформление с первого дня, (оклад + ставка, суммы обсуждаемы). • Отлаженные процессы разработки, код-ревью от тимлида. • Работа над проектом в команде опытных программистов, QA, дизайнера и проджект-менеджера. Они всегда на связи и готовы помочь, если возникают трудности.   Требования: • Компетенции уверенного middle разработчика, а лучше senior. • Коммерческий опыт разработки под Android (и разговорный Kotlin) от 1 года. • Знание ООП, паттернов проектирования, основных алгоритмов и структур. • Понимание что такое и как работает HTTP(S), REST API. • Готовность работать в команде (Git / GitFlow, Jira / Redmine).   Эта вакансия для тебя, если: • Хочешь развиваться и делать действительно полезные приложения. • Любишь удаленный формат и работу на результат. • Ценишь командную работу и информативный фидбек от лидов. • Выбираешь компанию с четкими, грамотно выстроенными процессами.   Над вакансией работает HR и TL команд, укажи нам на актуальный пример твоего кода и познакомимся без тестового в один этап. До встречи!"
Java/Kotlin разработчик (проект Мобильный помощник),https://hh.ru/applicant/vacancy_response?vacancyId=46722129,2021-08-02T20:21:10+0300,False,,,,От 1 года до 3 лет,Полный день,Kotlin;Java;Spring Framework;SQL;,X5 RETAIL GROUP,Иннополис,"В Департамент разработки X5 Технологии открыта вакансия Java/Kotlin разработчика уровня middle/senior в продукт Мобильный помощник ТС5. Наша команда занимается разработкой мобильного приложения «Помощник» – единого окна для всех обращений администрации магазинов торговой сети «Пятёрочка». В команду нужен разработчик, который будет заниматься backend частью проекта. Приложение, разрабатываемое для платформ Android и iOS, существенно экономит время работы сотрудников и позволяет:  быстро зарегистрировать инцидент, без привязки к рабочему компьютеру; легко приложить фото/видео фрагмент инцидента; оперативно получать информацию о решении инцидента, в том числе получая Push уведомления о решении или запросе уточняющей информации; загружать фото выполненных заданий по планограммам; проходить опрос по клинингу в одно касание; создавать инцидент по невыходу уборщицы в два клика; оперативно реагировать на обратную связь гостей наших магазинов.  Технологический стек: Kotlin, Spring Boot, PostgreSQL, Docker, Kubernetes (X5Cloud). В нашей команде тебе предстоит:  Проектирование и разработка backend-части приложения; Участие в разработке архитектуры приложения; Выполнение задач по оптимизации программного решения и увеличению производительности систем; Написание unit-тестов.  Мы ждем тебя, если ты имеешь:  Опыт коммерческой разработчик на Java от 2 лет; Хорошие знания Java (начиная с версии 8); Опыт работы со Spring Framework; Знание принципов ООП и основных шаблонов проектирования; Опыт работы с БД, хорошие знания SQL; Опыт написания unit-тестов.  Мы предлагаем:  Формат работы на выбор: офис (Иннополис или Москва), гибридный формат или полная удаленка; Гибкий график работы (с 8/9/10/11 утра); Возможность обучаться и сертифицироваться за счёт компании: внешние тренинги и семинары по профессиональным тематикам, отраслевые конференции, программа развития управленческих навыков, очные мастер-классы, платформы онлайн-образования и многое другое; Яркую корпоративную жизнь с большим количеством мероприятий, конкурсов и возможностей для творческой реализации; Развитую систему компенсаций и льгот; Широкий пакет ДМС (включая выезд за рубеж и стоматологию), страхование жизни и здоровья; Скидки в магазинах сети Х5 («Пятёрочка», «Перекрёсток», «Карусель»); Программу привилегий Prime-zone (скидки на товары и услуги и специальные предложения от компаний-партнёров); Материальную помощь сотрудникам, попавшим в сложную жизненную ситуацию; Оформление по ТК РФ с официальной заработной платой.    Присоединяйся к одной из самых быстрорастущих цифровых команд России! X5 Retail Group. Создавай новый ритейл.  "
IDE Developer (Java/Kotlin). Jmix.,https://hh.ru/applicant/vacancy_response?vacancyId=46389816,2021-07-20T17:47:48+0300,False,,,,От 3 до 6 лет,Полный день,Java SE;Java;ООП;Intellij IDEA;Java EE;JPA;Databases;Spring Framework;Spring Boot;Kotlin;,Haulmont,Самара,"О вакансии Мы разрабатываем Jmix — новое поколение CUBA Platform, open-source фреймворка для эффективной разработки корпоративных приложений с развитым community по всему миру. Большая часть успеха фреймворка обусловлена наличием специализированной IDE — Jmix Studio, которая значительно упрощает вход в технологию и кратно ускоряет разработку. Studio реализована в виде плагина к самой популярной IDE в мире Java — IntelliJ IDEA. Ваша задача - развитие инструментов в составе Studio. Вы будете писать преимущественно на Kotlin генераторы кода, различные инспекции, рефакторинги а также визуальные редакторы. Разработка инструментария позволит вам познакомиться с большим числом смежных технологий. Задачи ✔ Поддержка новых фреймворков пользовательского интерфейса веб и мобильных приложений: React, React Native, Kotlin. ✔ Интеграция с облачными сервисами и автоматизация процессов развертывания и запуска приложений в облачной инфраструктуре. ✔ Разработка визуальных дизайнеров для удобной генерации типовых конструкций кода, часто встречающихся в бизнес-приложениях. ✔ Разработка дизайнеров и средств coding assistance для бизнес-процессов и отчетов. Навыки ✔ Опыт разработки ПО от двух лет. ✔ Знание ООП, Java SE, Spring/Spring Boot, JPA, Databases. Базовые представления о Java Concurrency. ✔ Умение писать читаемый и поддерживаемый код, разбираться в чужом коде. ✔ Умение вести аргументированную дискуссию при обсуждении текущих задач разработки, способность адекватно воспринимать критику. ✔ Исполнительность и ответственность.   Преимуществом будет ✔ Знание Kotlin. ✔ Знание английского языка на уровне Intermediate или выше. ✔ Понимание многопоточного программирования в Java. ✔ Опыт анализа и оптимизации производительности Java приложений. ✔ Креативность, инициативность. ✔ Уверенное знание возможностей IntelliJ IDEA. ✔ Опыт разработки пользовательских интерфейсов с использованием десктопных, веб или мобильных технологий. ✔ Опыт работы со смежными технологиями, используемыми в Jmix: облачные сервисы, автоматизация развертывания, BPM. ✔ Опыт наставничества, проведения code review.   О команде Команда Jmix — это сплоченный коллектив профессионалов в области enterprise разработки. Мы создаем open source технологии для разработчиков, внося вклад в развитие Java и JavaScript экосистем. Решаемые нами задачи кардинально отличаются от типичной заказной и даже продуктовой разработки, поэтому независимо от вашей квалификации, для вас найдутся достойные вызовы. Пожалуй, это лучшее место для профессионального развития. В настоящее время команда быстро растет, мы начинаем несколько совершенно новых направлений, что открывает для каждого дополнительные возможности. Присоединившись к нашей команде, вы сможете ✔ Участвовать в создании международного продукта для разработчиков ✔ Помочь другим разработчикам создавать больше за меньшее время, использовать современные технологии и методологии разработки. ✔ Внести свой вклад в развитие популярных экосистем: Java, Kotlin, JavaScript, Flutter. ✔ Познакомиться с большим количеством технологий, являющихся частью платформы Jmix. ✔ Участвовать в международных конференциях и митапах Уже сейчас Jmix и CUBA Platform используют десятки тысяч разработчиков из более чем 170 стран мира, включая компании с мировым именем. Наша цель — занять ведущие позиции на мировом рынке средств для разработки корпоративного ПО.  "
Kotlin/Java Developer,https://hh.ru/applicant/vacancy_response?vacancyId=46076237,2021-08-04T10:13:45+0300,False,,,,От 3 до 6 лет,Полный день,Kotlin;Java;Android;ООП;Gradle;,Disrapp,Санкт-Петербург,"О нашей команде Компания Disrapp занимается разработкой и развитием продуктовых решений в области мобильной разработки. Наш флагманский продукт - лидирующий в России сервис учета личных финансов CoinKeeper. Приложения CoinKeeper под iOS и Android являются самими скачиваемыми и самыми зарабатывающими среди конкурентов. Месячная аудитория - 350 000 человек. 40% аудитории сервиса находится за пределами России. Мы предлагаем вам стать частью нашей команды, которая делает продукт, приносящий пользу сотням тысяч людей. Мы отличаемся стабильностью, потому что наши пользователи охотно платят нам деньги за тот сервис, который мы им оказываем, и каждый месяц их становится все больше. И мы двигаемся вперед! Осенью 2020 года венчурный фонд МТС инвестировал в наш проект, инвестиции пойдут на развитие продукта и выход на европейские рынки.   Будем рады познакомиться с Вами, если Вы имеете:  Опыт разработки на Java/Kotlin от 3-х лет; Опыт использования инструментов сборки (ant, gradle, maven и аналоги) Знание принципов ООП и шаблонов проектирования; Опыт работы с системами контроля версий; Умение продумывать архитектурные решения и обосновывать их.      Будет плюсом:  Опыт работы с API банков и мобильных операторов Опыт разработки на Kotlin и Kotlin native; Опыт разработки и поддержки реляционных БД; Опыт работы с jooq; Знание Docker; Опыт и умение написания юнит-тестов.    Чем предстоит заниматься:  Реверс-инжиниринг API внешних системы с целью налаживания взаимодействия с ними; Поддержка и развитие серверной части приложения Coinkeeper; Сопровождение проектов при актуальной эксплуатации; Участие в формировании технических решений; Проектирование изменений продукта для повышения стабильности и производительности.    Наш целевой стек:  kotlin, gradle, guice, jooq, grpc    Условия:  Конкурентная заработная плата с ежегодным пересмотром, индивидуальной системой бонусов; Только современное оборудование, необходимое для эффективной работы; Используем самые современные сервисы и системы для организации работы; Официальное трудоустройство и доход с самого первого рабочего дня; Оплачиваемый отпуск 28 календарных дней в год; Участие в программе расширенного социального пакета (компенсация питания, спорта, ДМС); Гибкое начало рабочего дня. "
Java/Kotlin Developer - CLM,https://hh.ru/applicant/vacancy_response?vacancyId=46597075,2021-08-03T14:21:05+0300,False,,,,От 3 до 6 лет,Полный день,Java;SQL;Java SE;,Deutsche Bank Technology Center,Санкт-Петербург,"Deutsche Bank is growing its development team in the dbCLM project aiming to support and improve client lifecycle management processes within the Bank. The essential part of the project is KYC (Know You Client) – a business process intended to verify client identity, assessing their suitability for business relationship, along with assessment of potential risks of illegal intentions towards the business relationship. This project already spans many teams across the world, including USA, Russia, UK, India, and Germany. We are looking for new members to join our team in Saint-Petersburg to focus on building applications and services supporting Bank’s clients lifecycle . The project consists of many services which are written in Java and Kotlin, follows microservice architecture and is using modern technologies and frameworks. Primary technical challenges include developing/maintaining:  Robust distributed cloud-native backend to serve hundreds of simultaneous user sessions Responsive UI to manage client data  The development team is responsible for full front-to-back cycle of software development starting from requirements analysis and architecture to production deployment. Requirements:  Good knowledge of Data structures and Algorithms Excellent knowledge of core Java (collections, concurrency) Experience of working with Spring/Spring Boot Basic knowledge of SQL  Is a plus:  Basic knowledge of Typescript Hands-on experience with Anglular 4+ and/or React including state management frameworks (NgRx/Redux/MobX) Experience of working with Oracle Experience/knowledge of microservices and Docker container technology managed with Kubernetes/Openshift "
Android developer (Java/Kotlin),https://hh.ru/applicant/vacancy_response?vacancyId=35470609,2021-07-28T12:24:13+0300,False,,,,От 3 до 6 лет,Полный день,Java;Kotlin;Android;Android studio;,СберЗвук,Москва,"Чем нужно будет заниматься?    Реализовывать амбициозные планы по развитию Android - приложения СберЗвук в 2021 году и далее. Быть частью команды, создающей новый ИТ-ландшафт СберЗвук в соответствии требованиями ИТ-стратегии компании на 2021-2023. Постоянно находить, оценивать и внедрять новые технологии, чтобы максимизировать эффективность разработки. Принимать активное участие в процессах перехода на продуктовый подход в разработке. Работать над исправлением ошибок и улучшением производительности приложений.  А вот это нужно уметь:  Опыт работы с Android от 2-х лет. Уверенное знание Java Core, понимание принципов многопоточного программирования. Уверенное знание Android SDK v21 – v29. Опыт работы с RxJava(2), Retrofit, Exoplayer, Jetpack, Dagger2, OkHttp. Опыт работы с Kotlin, понимание основных принципов. Опыт разработки клиент серверных приложений, понимание сетевого стека. Умение работать с системой контроля версий git (terminal/gui). Знание ООП, паттернов проектирования ПО. Ответственность и умение работать на результат. Знание общих мобильных подходов, архитектур, тенденций и новых технологий. Твердое понимание полного жизненного цикла мобильной разработки.  Плюсами будет:  Понимание современных архитектурных подходов (MVP, MVVM и пр.). Опыт написания автоматических тестов (E2E, Unit, Integration). Умение проводить code-review. Наличие pet project, участие в open source.  Работа должна быть в удовольствие, поэтому:  Стильное рабочее пространство рядом м. Кутузовская (буквально 5 минут от метро / МЦК); Новенький Macbook прям из коробки тебе на стол; ДМС с первого рабочего дня, включая стоматологию; Компенсация обучения и митапов; Активно развивающийся HR-бренд; Ламповость и крутые корпоративы, а еще у нас есть вписки на концерты и мероприятия; Присоединившись к нам, ты сможешь принять участие в развитии продукта, которым пользуются миллионы; Банально, но факт: у нас белая зарплата и оформляем по ТК РФ. "
Разработчик Android (Kotlin),https://hh.ru/applicant/vacancy_response?vacancyId=46143560,2021-07-12T08:01:34+0300,False,60000,,RUR,От 1 года до 3 лет,Удаленная работа,Android;Java;Git;Kotlin;Objective-C;,"NetHealth Lab, LLC",Вологда,"Компания-стартап, разработчик инновационных решений для телемедицины, расширяет команду и ищет разработчика Android (Kotlin, Dart). Рассматриваем кандидатов с различной степенью навыков и опыта. Если опыта немного, но есть желание - дадим возможность подтянуть навыки под руководством опытных разработчиков. Что нужно:- Опыт программирования от 1 года (kotlin, dart, java, python, JS, etc.)- Понимание базовых принципов программирования- Опыт работы с Git Желательно:- Опыт разработки нативных на android (java, kotlin) или ios (swift, objective C) будет большим плюсом- Опыт работы с клиент-серверными приложениями- Понимание основных архитектур приложений (MVVM, MVP)- Понимание основных принципов и паттернов разработки (Clean, SOLID, TDD)- Умение писать Unit-тесты От нас:- Участие в интересном и перспективном проекте- Реальные актуальные задачи- Сильная команда- Возможность быстро вырасти до middle/senior mobile developer- Гибкий график без привязки к конкретной локации- Достойная оплата труда"
Java (Kotlin) Backend Developer (remote),https://hh.ru/applicant/vacancy_response?vacancyId=46608719,2021-07-28T20:59:06+0300,False,,,,От 1 года до 3 лет,Полный день,Java 8;Spring Framework;gitflow;Docker;Java 11;NoSQL;Kubernetes;CI/CD;Java;Kotlin;,HEADS and HANDS,Челябинск,"Heads and Hands помогает своим клиентам улучшать ежедневную жизнь людей и автоматизировать их рутину с помощью мобильных приложений и веб-сервисов. Мы верим, что мобильные приложения могут сделать компании действительно полезными для людей, когда, за счёт удобной экосистемы и пользовательского опыта, ценность продуктов и услуг превышает их физическую цену. С помощью мобильных экосистем мы создаем возможности для лучшей жизни, которые закрывают потребности человека и помогают бизнесу стать лидером в отрасли. Мы сделали продукты для Касперского, Land Rover, Lamoda, Leroy Merlin. Помогли с проектами Яндексу, ABBY, Mail.Ru, Сбербанку и Тинькофф Банку. А еще мы входим в топ-5 среди разработчиков мобильных приложений по версии Tagline, и это очень приятно :) Начинали мы в далеком 2012 как небольшой стартап, а сейчас являемся одной из крупнейших компаний в России в области мобильной разработки. У нас три офиса (в Питере, Саранске и Новосибирске) и своя школа разработки. Сейчас мы растем, и поэтому ищем в нашу команду Java-разработчика. В твои ежедневные задачи будет входить:   Разработка API для мобильных и веб-приложений   Интеграция со сторонними сервисами   Взаимодействие с командой разработки и менеджерами   У нас все получится, если ты:  Обладаешь компетенциями уверенного middle разработчика Имеешь коммерческий опыт разработки на Java (8,11 и выше) от 1 года Обладаешь разговорным Spring&#39;ом Умеешь работать с нереляционными базами данных  Плюсом будет:  Знание и опыт работы с Docker, Kubernetes, CI/CD Знание Kotlin  Что мы предлагаем:  Официальное оформление и полностью белая з/п Фиксированный оклад (определяем с кандидатом по итогам тех. собеседования) ДМС через год работы Возможность работать удаленно из любого города, гибкое начало рабочего дня (формально - с 9:00 до 11:30 мск, но все обсуждаемо:) Частичную/полную плату обучающих материалов, билетов на лекции и конференции по твоему запросу  Работа над крупным, технически сложным проектом в команде опытных разработчиков, QA, дизайнеров и проджект-менеджера - ребята всегда на связи и готовы помочь, если возникают трудности  Веселые командировки к команде и тимлидам (если совпадает необходимость и желание)  Эта вакансия для тебя, если:  Ты хочешь развиваться и делать действительно полезные приложения на топовом стеке Любишь командную работу и информативный фидбек от лидов Ценишь отлаженные процессы разработки и возможность быстро прокачаться в экспертной, дружелюбной и эмпатичной команде "
Android разработчик (Kotlin),https://hh.ru/applicant/vacancy_response?vacancyId=45569071,2021-08-03T08:46:32+0300,False,,,,От 1 года до 3 лет,Удаленная работа,Android;Kotlin;Java;Android Studio;,"РОСБАНК, Societe Generale Group (Russia)",Москва,"В Росбанке возможен полностью дистанционный формат работы: откуда работать - решать только тебе! Приходи к нам, чтобы работать над амбициозными и интересными проектами и наслаждаться балансом между работой и личной жизнью! Нам нужен Android-разработчик для разработки удобного и современного Мобильного приложения. Продукт: MobApp для 300 пользователей взаимодействующих с заёмщиками по кредитам нашего банка и банков-партнёров. Базовый стек системы: Kotlin + Net Core + Angular 9.xx Работаем по Scrum с трехнедельными спринтами, внедряем практики DevOps. В работе используем Jira/Confulence/Bitbucket/ Figma. Дружный коллектив в Москве и Самаре. Задачи:  Анализ, оценка требований от владельца продукта и аналитика; Проектирование и разработка новой функциональности в Мобильном приложении; Быть наставником для junior android разработчика и проводить code reveiw; Подготовка релизов для установки на тестовую и боевую платформу, исправление ошибок; Подготовка технического описания реализации по реализованным задачам при необходимости.  Основные требования:  Знание Kotlin, Android SDK; Хорошее знание ООП и паттернов проектирования; Опыт многопоточного программирования; Умение работать с БД; Умение работать в команде.  Желательно:  Умеете тестировать свой собственный и чужой код; Знание распределенных систем контроля версий - git; Понимание принципов реактивного программирования; В разумных пределах кросс-функциональность, желание разобраться в общих чертах как работают системы вне зоны прямой ответственности.  С чем работать:  Realm; Dagger2; RxKotlin; REST API; Git.  Поощряем инициативу, изучение и внедрение новых технологий!! Условия:  Уникальная возможность – полностью дистанционный формат работы. Откуда работать – решать только тебе! Стабильный и прозрачный доход: зарплата и премии по результатам работы; График 5/2; 31 календарный день оплачиваемого отпуска; Забота о здоровье сотрудников: программа ДМС, включая стоматологию и страхование при выезде за рубеж, корпоративные спортивные команды и скидки на абонементы в фитнес-клубы; Дополнительная оплата за больничный лист: доплата сверх пособия по болезни до оклада (до 5 рабочих дней в год); Личностное развитие и рост: корпоративная электронная библиотека Альпина, возможность прохождения бесплатного обучения и тренингов, участия в регулярных встречах корпоративных клубов и скидки на курсы он-лайн школ; Скидки и привилегии по кредитам, ипотека на льготных условиях, льготные условия обслуживания и т.п.; Программа корпоративных скидок и привилегий Primezone: развлечение, отдых, товары и услуги, обучение; Программа волонтерства и благотворительности; Сообщества по интересам сотрудников. "
Senior Developer in Kotlin/Wasm Compiler,https://hh.ru/applicant/vacancy_response?vacancyId=43855819,2021-07-19T19:06:49+0300,False,250000,,RUR,От 3 до 6 лет,Полный день,,JetBrains,Москва,"Kotlin — современный язык программирования для платформ Java, Android, JavaScript и Native (LLVM). Первый релиз Kotlin вышел в 2016 году. Сейчас язык быстро набирает популярность. В частности, в 2019 году Google объявил Kotlin предпочтительным языком для разработки приложений под Android. Kotlin официально поддержали в Spring Framework 5, vert.x и Gradle. Kotlin/Wasm — это набор инструментов для компиляции программ на Kotlin в WebAssembly. Компилятор находится в активной разработке. Наша цель — создать набор инструментов, удовлетворяющий высоким требованиям разработки веб-приложений: быстрый отклик на изменения (быстрая компиляция), небольшой размер выходных файлов, хорошая интеграция с окружением. Присоединяйтесь к нам! Вам предстоит:   заниматься разработкой нового компилятора Kotlin/Wasm и сопутствующих инструментов;   работать над оптимизацией производительности компилятора и генерируемого им кода;   реализовывать новые возможности языка Kotlin, принимая активное участие в их дизайне.   Мы будем рады видеть вас в команде, если вы:   любите решать сложные задачи;   имеете опыт промышленной разработки от 4 лет;   понимаете принципы работы компиляторов и/или методы статического анализа;   умеете проектировать и писать код, который легко читать и поддерживать;   знаете базовые алгоритмы и структуры данных;   хорошо работаете в команде.   И особенно, если вы:   уже разрабатывали на Java, Kotlin или других JVM-языках;   знакомы с WebAssembly;   имеете опыт анализа и улучшения производительности программ;   принимали участие в Open Source проектах или работали над собственными проектами.   Работая над проектом, мы ориентируемся на прагматические ценности: удобство инструментария (IDE, инструментов сборки и т. д.), совместимость и поддерживаемость кода, легкость в изучении языка. Мы не гонимся за исследовательскими задачами — нам важно делать пользователей счастливее. Сейчас в проекте участвуют около ста высококлассных инженеров. Мы работаем в довольно быстром темпе, без бюрократии, не боимся экспериментов, очень ценим инициативу и изобретательность. У нас очень легковесный процесс разработки:   Sync-up meetings раз в неделю, pre-push review, автоматические функциональные тесты и continuous integration.   Разработчики общаются с пользователями напрямую — через YouTrack, форум и Slack.   Практически весь новый код пишется на Kotlin. При этом исторически существенная часть проекта написана на Java.     Проект размещен на GitHub под лицензией Apache 2.0.  "
"Java/Kotlin Developer (Qodana, Static Analysis Project)",https://hh.ru/applicant/vacancy_response?vacancyId=42599338,2021-07-31T19:08:21+0300,False,220000,,RUR,От 3 до 6 лет,Полный день,Java;Kotlin;,JetBrains,Санкт-Петербург,"At JetBrains, we have a passion for building the strongest, most effective developer tools in the world. Our tools are designed to give developers the freedom to grow, discover, and create.Over 8 million of the world&#39;s most dynamic developers speed up their workflows using our products, which help them stay focused on code design and the big picture and allow them to deliver more creative and effective results. Qodana is a new product being added to the JetBrains Team Tools lineup. It is a powerful, flexible solution for monitoring code quality. The aim of the product is to identify and suggest fixes for bugs, security vulnerabilities, duplications, and imperfections in your codebase. Our product leverages the code development experience of JetBrains tools, and it can also be integrated with a variety of other products to enhance or reinforce their features. We are looking for a talented software engineer who is eager to take on complex challenges – from code analysis execution inside the IntelliJ platform to implementing AWS integration. Every team member has their own specialization, but we still expect everyone to have a deep understanding of the product as a whole. Every engineer at Qodana plays an essential role in forming the product vision and realizing each part of it. We value everyone’s opinions and active position as much as their ability to collaborate as part of the team. What you will do:   Develop complex solutions, working with them from idea to production.   Ensure that all architectural and technological decisions are reasonable and justified.   Collaborate with other team members to influence product strategy and direction.   Design, write, and ship well-tested, reliable, and maintainable code.   Learn from your coworkers and teach others through discussions and code reviews.   Create new features from scratch and improve existing features based on research and feedback from users.   Basic Qualifications:   BA/BS degree in Computer Science or equivalent practical experience.   At least 5 years of experience in Java/Kotlin development.   Have a strong understanding of data structures and algorithms.   Have strong teamwork skills, be open to diverse opinions, and be able to support your points with sound reasoning.   Bonus Qualifications:   Experience in performance optimization and profiling.   Ability to communicate with all levels of users (internal and external). Strong problem-solving skills.   Adaptability and willingness to take responsibility for your own tasks.   Participation in OSS projects, readiness to send PRs to external tools that we use.   Knowledge of other programming languages and paradigms (Haskell, Python, Scala, Ruby, etc.).   Project technology stack:   Client-side: React, Redux, Recompose, Ring UI, Typescript.   Backend: AWS, TeamCity, IntelliJ IDEA in Docker, Java/Spring App, GitHub Apps.   Building: yarn, webpack, Babel, postcss, CSS Modules, Gradle.   Unit Testing: Karma, Mocha, Chai, Sinon, Enzyme.   Manual and screenshot testing: Storybook, Gemini.   Integration testing: TeamCity.   What we offer:   Flexible working hours, a comfortable and friendly workspace, horizontal management structure, direct communication, and helpful and engaged colleagues.   Competitive salary.   25 working days of paid leave per year.   Great team and office environment and a Happiness Manager on staff.   Fitness and leisure zones and a company-paid car park.   Additional benefits including lunch vouchers, free refreshments and snacks in the office, and more.  "
Senior Java/Kotlin developer (Пульс),https://hh.ru/applicant/vacancy_response?vacancyId=46371644,2021-07-20T11:31:27+0300,False,,,,От 3 до 6 лет,Полный день,,Сбербанк,Москва," Вакансия Senior Java/Kotlin developer в кластер Каркас. HR-платформа СБЕРа - собственный продукт компании в области управления человеческими ресурсами. Настоящий “догфудинг” - сами используем то, что потом предложим нашим клиентам. Уже сегодня платформой пользуются более 270 тыс. сотрудников компании, кандидатов и рекрутинговых агентств.Никакого legacy, только современные технологии и инженерные практики. Работаем в кроссфункциональных командах, следуем культуре Agile и DevOps, внедряем SRE. Бизнес логику мы пишем на Kotlin и Java,  кладем все в docker и запускаем в Openshift, а наши красивые и функциональные интерфейсы создаются на ReactJS, SWIFT и React Native. Стек проекта:Java 8 / 11, Hibernate, Spring;Kotlin;SQL и NoSQL базы данных;Linux;Docker, OpenShift и т.д. Задачи над которыми предстоит работать:Проектирование и разработка кода бизнес-логики приложений;Написание автотестов, исправление багов, участие в ревью кода коллег; Взаимодействие с разработчиками, дизайнерами и другими командами в формате Agile. Наши ожидания от кандидатов:Опыт работы с Java от 3-х лет (Kotlin-у научим);Опыт работы со Spring/SpringBoot;Знание SQL и NoSQL баз данных;Опыт работы с Junit, Spring Test, Mockito.  Будет плюсом опыт работы с:JPA(Hibernate);Linux;Docker, OpenShift;Maven, Jira, Bitbucket.  Мы предлагаем:Хороший офис рядом со станцией метро Кутузовская со всеми удобствами (столовые + множество кафе + кухни с холодильниками, кофемашинами и т.п.; бесплатный спортзал, места для отдыха, бесплатная подземная парковка;Достойная заработная плата (оклад + премии);Возможность работать с современным стеком технологий;Оформление по ТК РФ;Социальный пакет (ДМС);Огромный каталог образовательных программ, возможность обучения и сертификации за счет компании;Программа льготного кредитования в Сбере;Дисконт-программы от множества компаний-партнеров."
Разработчик под Android (Kotlin),https://hh.ru/applicant/vacancy_response?vacancyId=45989179,2021-08-01T17:47:32+0300,False,100000,,RUR,От 1 года до 3 лет,Гибкий график,Java;Android;Kotlin;ООП;Git;Android SDK;Unit Testing;Atlassian Jira;TFS;,Рокси Мобайл,Санкт-Петербург,"Компания «Рокси Мобайл» занимается разработкой нативных мобильных приложений со сложной бизнес-логикой, серьёзными требованиями к безопасности и работающих под высокой нагрузкой. Наши приоритеты — это проекты в области финансового и банковского секторов, работающие мобильные решения, качество и довольные клиенты. В связи с расширением бизнеса мы приглашаем в нашу команду Разработчика под Android. Уважаемые соискатели, пожалуйста, указывайте в резюме ссылки на примеры своего кода. Обязанности:  Разработка программного обеспечения для Android; Проведение Code Review; Участие в проектах федерального масштаба на всех стадиях разработки (от проектирования до конечной реализации).  Наши ожидания:  Опыт программирования на Kotlin или Java от 2 лет; Опыт коммерческой разработки для мобильных устройств на базе Android от 1 года; Понимание основных принципов ООП и шаблонов проектирования; Знание базовых структур данных и алгоритмов; Знание Android SDK, понимание архитектуры Android; Знание шаблонов проектирования пользовательских интерфейсов для Android (UI patterns); Знание принципов Material Design; Опыт работы с сетевыми протоколами (HTTP, REST, OAuth, JSON и др.); Желание и готовность изучать новые технологии и инструменты разработки.  Дополнительными преимуществами будут:  Участие в крупных проектах для мобильных платформ в составе команды; Наличие собственных опубликованных приложений в Google Play; Опыт работы с системами контроля версий (Git, Subversion) и постановки задач (Jira, TFS, Redmine); Опыт разработки приложений со сложным UI; Опыт работы с другими мобильными платформами и/или языками программирования (Swift, C/C++, C#); Опыт работы с Android Jetpack, Coroutines, Dagger/Koin, Moxy, Cicerone, Retrofit; Опыт написания Unit-тестов; Знание английского языка на уровне свободного чтения технической документации.  Мы предлагаем:  Профессиональное развитие‚ интересные задачи, участие в перспективных проектах; Работа в стабильной компании с профессиональной командой, использующей передовые технологии в своей области; Полная занятость, гибкий график работы; Возможность работать из дома (если процесс не требует обязательного присутствия в офисе); Достойная «белая» заработная плата (в зависимости от квалификации и уровня задач, которые вы способны решать); Комфортный офис в 10 мин. пешком от ст.м. Чёрная Речка в бизнес центре «Белый остров»; Оформление и социальный пакет в соответствии с трудовым кодексом; Предоставление ДМС после испытательного срока, в том числе для членов семьи по льготной цене. "
"Mobile Developer (Kotlin, Android) / разработчик мобильных приложений",https://hh.ru/applicant/vacancy_response?vacancyId=44657542,2021-08-04T04:01:55+0300,True,,60000,RUR,От 1 года до 3 лет,Удаленная работа,Java;Kotlin;Android;Android SDK;REST;JSON;SQLite;,Кошелек.Ру,Петропавловск-Камчатский,"Мы занимаемся разработкой ФинТех решений в криптосфере: обменники, кошельки, платежные системы, маркетплейсы, криптовалютные банкоматы, криптобиржи, и многое другое. В настоящий момент расширяем команду мобильной разработки и в связи с этим открываем вакансию “Разработчик мобильных приложений (Kotlin)”. Если вы интересуетесь криптоиндустрией, хотите поучаствовать в создании криптовалютной экосистемы, аккумулирующей в себе все необходимые функции для продуктивной и удобной работы с цифровыми валютами и любите Kotlin так же как и мы - тогда эта вакансия должна вас заинтересовать. Чем предстоит заниматься?  Разработка и поддержка кроссплатформенного решения на Kotlin Multiplatform Mobile; Код-ревью; Написание юнит-тестов.  Релевантные навыки:  Опыт работы в мобильной разработке ПО от 1 года; Хорошее знание Kotlin, Android SDK; Понимание принципов работы REST API и клиент-серверных приложений (JSON, RESTful, Web Sockets); Знание и применение MVP, MVVM, Clean Architecture; Знания фундаментальных паттернов проектирования и принципов разработки ПО (SOLID, KISS, DRY, YAGNI); Опыт работы с RxJava, Coroutines; Понимание принципов Material Design.  Будет плюсом:  Опыт разработки приложения с нуля до публикации в Play Store; Опыт в области финансовых технологий; Понимание блокчейн-технологии.  Технические подробности нашего проекта: Kotlin, MVVM, Dagger Hilt, Firebase, Room (SQLite), RxJava, Rest API Что предлагаем:  Интересные и перспективные ФинТех проекты; Гибкий подход к условиям работы; Конкурентный уровень зарплаты + бонусы; Корпоративное обучение и участие в конференциях; Приятную рабочую атмосферу; Любые адекватные &quot;плюшки&quot;. "
Java/Kotlin-разработчик в MirDigital,https://hh.ru/applicant/vacancy_response?vacancyId=42302230,2021-07-26T11:12:22+0300,False,,,,От 1 года до 3 лет,Полный день,Java;Spring Framework;SQL;Kotlin;Kafla;NoSQL;,Национальная система платежных карт,Москва,"Проект:Команда Mir Digital занимается формированием гипотез, апробацией перспективных идей и направлений развития бизнеса, в том числе связанных с монетизацией данных НСПК. Пилотирование и проверка бизнес-гипотез проводится совместно с ТСП, Банками и другими партнерами финтех-рынка. Созданные командой ПО могут использовать как внешние участники, так и внутренние команды НСПК. В проектах применяем математическое моделирование, интересные алгоритмы и структуры данных, подходы ML, а также различные языки программирования для реализации прототипов и проверки гипотез (Java, JS, Python, C++).ТЕХНОЛОГИЧЕСКИЙ СТЕК:  Kotlin, Java, Spring Boot 2, Spring Data, Spring Security, Maven, Gradle, JUnit, Kafka, Apache Camel, Redis, Swagger 3, openAPI, PostgreSQL, MySQL, ClickHouse.  ЧЕМ ТЫ БУДЕШЬ ЗАНИМАТЬСЯ:  Участвовать в развитии и поддержке проекта; Участвовать в полном цикле разработки - от анализа требований до внедрения продукта; Развивать архитектуру системы и проектировать функциональность, удобную в использовании; Участвовать в решении сложных технических задач; Оценивать сложность и трудоемкость задач.  ОТ ТЕБЯ ПОТРЕБУЕТСЯ:  Хорошие знания Core Java, Kotlin, опыт работы со стеком Spring (IoC, MVC, Data, REST, Security, SpringBoot); Знание алгоритмов и структур данных; Практические знания SQL; Понимание принципов ООП и владение основными паттернами проектирования; Опыт проектирования и разработки микросервисных систем; Опыт отладки и оптимизации кода; Опыт написания Unit-тестов на JUnit.  Будет здорово, если:  У тебя есть опыт работы с Kafka, Hazelcast, Redis; Опыт работы с OAS 3.0; Математическое образование или знания математики; Ты знаешь shell-языкы на базовом уровне; Знаешь JS и фреймворки для разработки front-end.  ЧТО У НАС ЕСТЬ:  Достойный уровень заработной платы + премии; Официальное трудоустройство, социальный пакет: ДМС со стоматологией с первого месяца работы, страхование от несчастных случаев и болезней, телемедицина, полис для выезжающих за рубеж, доплата по больничным листам до 20 дней в году, материальная помощь в особых случаях; Профессиональное развитие: обучение за счет компании, посещение профильных конференций, электронная библиотека; Корпоративная культура: командные виды спорта, корпоративные мероприятия, тимбилдинги, лектории; Комфортный офис в центре: тренажерный и спортивный залы, лаунж-зона, корпоративная столовая, микромаркеты, кухни с чаем, кофе и снеками на каждом этаже; Современные машины Core i7, 32 Гб RAM с двумя мониторами и возможностью выбора Windows/Linux; Стандартный график работы с гибким подходом (пока работаем удаленно). "
Lead Backend Developer (Kotlin/ Java),https://hh.ru/applicant/vacancy_response?vacancyId=37819166,2021-07-06T19:20:25+0300,False,,,,От 3 до 6 лет,Полный день,Java;Kotlin;Microservices;,Самокат (ООО Умное пространство),Москва,"Что мы делаем: Команда разработки Самокат обеспечивает наши операции эффективными инструментами (сервисами), которые делают наш процесс работы удобным, быстрым и эффективным. Мы говорим о таких направлениях как логистика, управление ассортиментом, предоставление каталога товаров, прием и оплата заказа, управление курьерами и работой склада. Все эти направления требуют сложных и технологических решений, которые мы сейчас разрабатываем. Задачи: Вашей основной задачей в этой роли будет разработка и выстраивание архитектуры backend в одном из продуктов компании. Эта роль не управленца, а ведущего разработчика, готового декомпозировать и ставить таски, менторить будущую команду с технологической точки зрения. Что у нас есть:  Продуктовые кроссфункциональные команды, включающие руководителя продукта, дизайнеров, разработчиков и тестировщиков. Сложная многокомпонентная система на основе микросервисной архитектуры. Мы используем Kotlin в продакшене. Сервисы на Kotlin с использованием Spring framework. Хранение данных в PostgreSQL/Redis. Kafka для обмена сообщениями. Kubernetes и GitLab для CI/CD. Grafana и Prometheus, EFK для организации мониторинга.  Наши ожидания:  Вам нравится работать на стыке офлайна и онлайна, видеть, как написанный вами код приводит к реальным изменениям в физическом мире. Вы любите раскладывать сложные процессы на простые компоненты и взаимодействия между ними. Вы привыкли, что зона ответственности не заканчивается на этапе работающего кода. Вы уже управляли командой backend разработчиков, организовывали внутренние процессы и несли ответственность не только за свои результаты, но и за работу других людей. У вас есть опыт коммерческой разработки от 3-х лет Java или Kotlin (готовы рассматривать кандидатов с разным опытом). Вам приходилось организовывать оптимальное хранение данных, понимаете разницу между реляционными и нереляционными БД. У вас есть опыт построения высконагруженных, отказоустойчивых сервисов с использованием микросервисной архитектуры.  Условия работы:  Зарплата, которой вы достойны =). Мы не измеряем людей бюджетами и, если мы решим, что нам будет интересно работать вместе, то мы 100% договоримся о деньгах. Соблюдение ТК РФ и, конечно же, белая заработная плата. Удаленная работа на время карантина, а в будущем возможность работать с частичным посещением офиса в Питере или в Москве (Ясная поляна или Трехгорная мануфактура). ДМС после прохождения испытательного срока. "
Java (Kotlin) Backend Developer (remote),https://hh.ru/applicant/vacancy_response?vacancyId=46608720,2021-07-28T20:59:06+0300,False,,,,От 1 года до 3 лет,Полный день,Java 8;Spring Framework;gitflow;Docker;Java 11;NoSQL;Kubernetes;CI/CD;Java;Kotlin;,HEADS and HANDS,Самара,"Heads and Hands помогает своим клиентам улучшать ежедневную жизнь людей и автоматизировать их рутину с помощью мобильных приложений и веб-сервисов. Мы верим, что мобильные приложения могут сделать компании действительно полезными для людей, когда, за счёт удобной экосистемы и пользовательского опыта, ценность продуктов и услуг превышает их физическую цену. С помощью мобильных экосистем мы создаем возможности для лучшей жизни, которые закрывают потребности человека и помогают бизнесу стать лидером в отрасли. Мы сделали продукты для Касперского, Land Rover, Lamoda, Leroy Merlin. Помогли с проектами Яндексу, ABBY, Mail.Ru, Сбербанку и Тинькофф Банку. А еще мы входим в топ-5 среди разработчиков мобильных приложений по версии Tagline, и это очень приятно :) Начинали мы в далеком 2012 как небольшой стартап, а сейчас являемся одной из крупнейших компаний в России в области мобильной разработки. У нас три офиса (в Питере, Саранске и Новосибирске) и своя школа разработки. Сейчас мы растем, и поэтому ищем в нашу команду Java-разработчика. В твои ежедневные задачи будет входить:   Разработка API для мобильных и веб-приложений   Интеграция со сторонними сервисами   Взаимодействие с командой разработки и менеджерами   У нас все получится, если ты:  Обладаешь компетенциями уверенного middle разработчика Имеешь коммерческий опыт разработки на Java (8,11 и выше) от 1 года Обладаешь разговорным Spring&#39;ом Умеешь работать с нереляционными базами данных  Плюсом будет:  Знание и опыт работы с Docker, Kubernetes, CI/CD Знание Kotlin  Что мы предлагаем:  Официальное оформление и полностью белая з/п Фиксированный оклад (определяем с кандидатом по итогам тех. собеседования) ДМС через год работы Возможность работать удаленно из любого города, гибкое начало рабочего дня (формально - с 9:00 до 11:30 мск, но все обсуждаемо:) Частичную/полную плату обучающих материалов, билетов на лекции и конференции по твоему запросу  Работа над крупным, технически сложным проектом в команде опытных разработчиков, QA, дизайнеров и проджект-менеджера - ребята всегда на связи и готовы помочь, если возникают трудности  Веселые командировки к команде и тимлидам (если совпадает необходимость и желание)  Эта вакансия для тебя, если:  Ты хочешь развиваться и делать действительно полезные приложения на топовом стеке Любишь командную работу и информативный фидбек от лидов Ценишь отлаженные процессы разработки и возможность быстро прокачаться в экспертной, дружелюбной и эмпатичной команде "
Senior Developer in Kotlin/Wasm Compiler,https://hh.ru/applicant/vacancy_response?vacancyId=43855820,2021-07-19T19:06:49+0300,False,250000,,RUR,От 3 до 6 лет,Полный день,,JetBrains,Новосибирск,"Kotlin — современный язык программирования для платформ Java, Android, JavaScript и Native (LLVM). Первый релиз Kotlin вышел в 2016 году. Сейчас язык быстро набирает популярность. В частности, в 2019 году Google объявил Kotlin предпочтительным языком для разработки приложений под Android. Kotlin официально поддержали в Spring Framework 5, vert.x и Gradle. Kotlin/Wasm — это набор инструментов для компиляции программ на Kotlin в WebAssembly. Компилятор находится в активной разработке. Наша цель — создать набор инструментов, удовлетворяющий высоким требованиям разработки веб-приложений: быстрый отклик на изменения (быстрая компиляция), небольшой размер выходных файлов, хорошая интеграция с окружением. Присоединяйтесь к нам! Вам предстоит:   заниматься разработкой нового компилятора Kotlin/Wasm и сопутствующих инструментов;   работать над оптимизацией производительности компилятора и генерируемого им кода;   реализовывать новые возможности языка Kotlin, принимая активное участие в их дизайне.   Мы будем рады видеть вас в команде, если вы:   любите решать сложные задачи;   имеете опыт промышленной разработки от 4 лет;   понимаете принципы работы компиляторов и/или методы статического анализа;   умеете проектировать и писать код, который легко читать и поддерживать;   знаете базовые алгоритмы и структуры данных;   хорошо работаете в команде.   И особенно, если вы:   уже разрабатывали на Java, Kotlin или других JVM-языках;   знакомы с WebAssembly;   имеете опыт анализа и улучшения производительности программ;   принимали участие в Open Source проектах или работали над собственными проектами.   Работая над проектом, мы ориентируемся на прагматические ценности: удобство инструментария (IDE, инструментов сборки и т. д.), совместимость и поддерживаемость кода, легкость в изучении языка. Мы не гонимся за исследовательскими задачами — нам важно делать пользователей счастливее. Сейчас в проекте участвуют около ста высококлассных инженеров. Мы работаем в довольно быстром темпе, без бюрократии, не боимся экспериментов, очень ценим инициативу и изобретательность. У нас очень легковесный процесс разработки:   Sync-up meetings раз в неделю, pre-push review, автоматические функциональные тесты и continuous integration.   Разработчики общаются с пользователями напрямую — через YouTrack, форум и Slack.   Практически весь новый код пишется на Kotlin. При этом исторически существенная часть проекта написана на Java.     Проект размещен на GitHub под лицензией Apache 2.0.  "
Kotlin разработчик,https://hh.ru/applicant/vacancy_response?vacancyId=46272671,2021-07-20T08:27:55+0300,False,,,,От 1 года до 3 лет,Полный день,Android;Java;SQLite;Kotlin;Android SDK;,ЦИФРА,Санкт-Петербург,"Мы не делаем сайты, не ведём заказную разработку. Мы - продуктовая компания полного цикла с собственной командой специалистов – владельцев продуктов, бизнес- и функциональных аналитиков, разработчиков, девопсов, UX дизайнеров, тестировщиков, тех.писателей. Разрабатываем современное, высоконагруженное ПО для крупных корпоративных заказчиков в различных отраслях промышленности. В своей работе используем самые современные технологии, архитектурные и технические решения - массовое использование open-source-компонентов (больше полусотни различного назначения), микросервисная архитектура на стороне как бэкэнда, так и фронтэнда, гибкий настраиваемый интерфейс, контейнеризация и оркестрация, развертывание в K8S и OpenShift/OKD. Ищем Android разработчика на Kotlin, у которого будет желание присоединиться к команде разработки на новом проекте - разработке мобильного приложения для автоматизации техники промышленной безопасности. Что нужно знать и уметь:  Хорошее знание платформы Android, Android SDK (&gt;=23); Уверенное владение Kotlin/Java, умение читать и разбираться в чужом коде; Практический опыт разработки многопоточных приложений; Знание Material Design и опыт разработки UI; Владение стеком технологий RxJava2, Dagger2, Butterknife, Android Data Binding, Retrofit2, OkHttp; Опыт работы с БД: SQLite, Room; Практический опыт работы с клиент-серверной архитектурой (REST API/JSON).  Условия:  Проекты федерального и международного уровня - в том числе работа над лучшей IoT платформой 2020 года. Официальное трудоустройство, у нас все бело-официально, зарплата, квартальная премия, отпуска, больничные и так далее. ДМС. "
Бэкенд-разработчик на Kotlin/Java в спецпроекты контента Маркета,https://hh.ru/applicant/vacancy_response?vacancyId=43230858,2021-07-19T08:00:12+0300,False,,,,От 3 до 6 лет,Удаленная работа,Java SE;Java;C#;Kotlin;,Яндекс,Екатеринбург,"Команда контента Яндекс.Маркета отвечает за информационное наполнение платформы: товарные категории, характеристики и их значения, навигацию и карточки товаров. По этим данным пользователи ищут товары, их выводят в предложениях магазинов и используют в логистике. Мы разрабатываем новый инструмент, который поможет магазинам быстро и качественно создавать описания товаров. Бэкенд этого инструмента мы пишем на Kotlin. Кроме этого, развиваем Market CMS – систему управления структурой страниц и экранов Маркета в браузере и мобильных приложениях. Стек технологий: Java 11/Kotlin, Spring, Spring MVC, Spring Boot, PostgreSQL, Type-Script/React. Что нужно делать:  разрабатывать бэкенд на Kotlin/Java; хорошо разобраться в предметной области и понять, что как устроено, предлагать новые решения проблем; работать над качеством и оптимизацией кода (у нас не самый высокий RPS, но много обрабатываемых данных).  Мы ждем, что вы:  готовы работать над сложными задачами и разбираться в предметной области; отлично знаете Java Core; знаете Kotlin или хотите его изучить; работали с реляционными базами данных (нереляционные будут плюсом).  Условия:  современный офис (или удаленная работа с возможностью командировок) со всем необходимым для комфортной работы и отдыха, есть парковка (каждый день мы мониторим эпидемиологическую ситуацию, поэтому формат работы может меняться и зависит от общих правил работы офисов Яндекса); официальное трудоустройство; компенсация оплаты питания на территории кампуса и в окрестностях; гибкий график: мы не контролируем, кто во сколько приходит и уходит, ключевая задача для каждого из нас — выполнять поставленные цели; профессиональная команда, у которой можно многому научиться и перенять полезный опыт; культура открытости, взаимопомощи: у нас работают люди, увлеченные и не безразличные к тому, что они делают; высокая скорость работы, возможность быстро увидеть свой вклад и результаты; работа в технологической компании с возможностью создавать сервисы, полезные миллионам людей. "
Senior Developer in Kotlin/JS Compiler,https://hh.ru/applicant/vacancy_response?vacancyId=43856188,2021-07-19T19:06:49+0300,False,250000,,RUR,От 3 до 6 лет,Полный день,,JetBrains,Москва,"Kotlin — современный язык программирования для платформ Java, Android, JavaScript и Native (LLVM). Первый релиз Kotlin вышел в 2016 году. Сейчас язык быстро набирает популярность. В частности, в 2019 году Google объявил Kotlin предпочтительным языком для разработки приложений под Android. Kotlin официально поддержали в Spring Framework 5, vert.x и Gradle. Kotlin/JS — это набор инструментов для компиляции программ на Kotlin в JavaScript. Наша цель — создать набор инструментов, удовлетворяющий высоким требованиям разработки веб-приложений: быстрый отклик на изменения (быстрая компиляция), небольшой размер выходных файлов, хорошая интеграция с окружением. Присоединяйтесь к нам! Вам предстоит:   заниматься поддержкой и развитием компилятора Kotlin/JS и сопутствующих инструментов;     работать над оптимизацией производительности компилятора и генерируемого им кода;   реализовывать новые возможности языка Kotlin, принимая активное участие в их дизайне.   Мы будем рады видеть вас в команде, если вы:   любите решать сложные задачи;   имеете опыт промышленной разработки от 4 лет;   понимаете принципы работы компиляторов или методы статического анализа;   умеете проектировать и писать код, который легко читать и поддерживать;   знаете базовые алгоритмы и структуры данных;   хорошо работаете в команде.   И особенно, если вы:   уже разрабатывали на Java, Kotlin или других JVM-языках;   знакомы с JavaScript, TypeScript или Flow;   знакомы с инструментами веб-разработки для фронтэнда и/или Node.js;   принимали участие в Open Source проектах или работали над собственными проектами.   Работая над проектом, мы ориентируемся на прагматические ценности: удобство инструментария (IDE, инструментов сборки и т. д.), совместимость и поддерживаемость кода, легкость в изучении языка. Мы не гонимся за исследовательскими задачами — нам важно делать пользователей счастливее. Сейчас в проекте участвуют около ста высококлассных инженеров. Мы работаем в довольно быстром темпе, без бюрократии, не боимся экспериментов, очень ценим инициативу и изобретательность. У нас очень легковесный процесс разработки:   Sync-up meetings раз в неделю, pre-push review, автоматические функциональные тесты и continuous integration.   Разработчики общаются с пользователями напрямую — через YouTrack, форум и Slack.   Практически весь новый код пишется на Kotlin. При этом исторически существенная часть проекта написана на Java.     Проект размещен на GitHub под лицензией Apache 2.0.  "
Kotlin разработчик,https://hh.ru/applicant/vacancy_response?vacancyId=46272707,2021-07-20T08:27:58+0300,False,,,,От 1 года до 3 лет,Полный день,Android;Java;SQLite;Kotlin;Android SDK;,ЦИФРА,Волгоград,"Мы не делаем сайты, не ведём заказную разработку. Мы - продуктовая компания полного цикла с собственной командой специалистов – владельцев продуктов, бизнес- и функциональных аналитиков, разработчиков, девопсов, UX дизайнеров, тестировщиков, тех.писателей. Разрабатываем современное, высоконагруженное ПО для крупных корпоративных заказчиков в различных отраслях промышленности. В своей работе используем самые современные технологии, архитектурные и технические решения - массовое использование open-source-компонентов (больше полусотни различного назначения), микросервисная архитектура на стороне как бэкэнда, так и фронтэнда, гибкий настраиваемый интерфейс, контейнеризация и оркестрация, развертывание в K8S и OpenShift/OKD. Ищем Android разработчика на Kotlin, у которого будет желание присоединиться к команде разработки на новом проекте - разработке мобильного приложения для автоматизации техники промышленной безопасности. Что нужно знать и уметь:  Хорошее знание платформы Android, Android SDK (&gt;=23); Уверенное владение Kotlin/Java, умение читать и разбираться в чужом коде; Практический опыт разработки многопоточных приложений; Знание Material Design и опыт разработки UI; Владение стеком технологий RxJava2, Dagger2, Butterknife, Android Data Binding, Retrofit2, OkHttp; Опыт работы с БД: SQLite, Room; Практический опыт работы с клиент-серверной архитектурой (REST API/JSON).  Условия:  Проекты федерального и международного уровня - в том числе работа над лучшей IoT платформой 2020 года. Официальное трудоустройство, у нас все бело-официально, зарплата, квартальная премия, отпуска, больничные и так далее. ДМС. "
Бэкенд-разработчик на Kotlin/Java в спецпроекты контента Маркета,https://hh.ru/applicant/vacancy_response?vacancyId=43230861,2021-07-19T08:00:12+0300,False,,,,От 3 до 6 лет,Удаленная работа,Java SE;Java;C#;Kotlin;,Яндекс,Казань,"Команда контента Яндекс.Маркета отвечает за информационное наполнение платформы: товарные категории, характеристики и их значения, навигацию и карточки товаров. По этим данным пользователи ищут товары, их выводят в предложениях магазинов и используют в логистике. Мы разрабатываем новый инструмент, который поможет магазинам быстро и качественно создавать описания товаров. Бэкенд этого инструмента мы пишем на Kotlin. Кроме этого, развиваем Market CMS – систему управления структурой страниц и экранов Маркета в браузере и мобильных приложениях. Стек технологий: Java 11/Kotlin, Spring, Spring MVC, Spring Boot, PostgreSQL, Type-Script/React. Что нужно делать:  разрабатывать бэкенд на Kotlin/Java; хорошо разобраться в предметной области и понять, что как устроено, предлагать новые решения проблем; работать над качеством и оптимизацией кода (у нас не самый высокий RPS, но много обрабатываемых данных).  Мы ждем, что вы:  готовы работать над сложными задачами и разбираться в предметной области; отлично знаете Java Core; знаете Kotlin или хотите его изучить; работали с реляционными базами данных (нереляционные будут плюсом).  Условия:  современный офис (или удаленная работа с возможностью командировок) со всем необходимым для комфортной работы и отдыха, есть парковка (каждый день мы мониторим эпидемиологическую ситуацию, поэтому формат работы может меняться и зависит от общих правил работы офисов Яндекса); официальное трудоустройство; компенсация оплаты питания на территории кампуса и в окрестностях; гибкий график: мы не контролируем, кто во сколько приходит и уходит, ключевая задача для каждого из нас — выполнять поставленные цели; профессиональная команда, у которой можно многому научиться и перенять полезный опыт; культура открытости, взаимопомощи: у нас работают люди, увлеченные и не безразличные к тому, что они делают; высокая скорость работы, возможность быстро увидеть свой вклад и результаты; работа в технологической компании с возможностью создавать сервисы, полезные миллионам людей. "
Senior Developer in Kotlin/Wasm Compiler,https://hh.ru/applicant/vacancy_response?vacancyId=43855818,2021-07-19T19:06:49+0300,False,250000,,RUR,От 3 до 6 лет,Полный день,,JetBrains,Санкт-Петербург,"Kotlin — современный язык программирования для платформ Java, Android, JavaScript и Native (LLVM). Первый релиз Kotlin вышел в 2016 году. Сейчас язык быстро набирает популярность. В частности, в 2019 году Google объявил Kotlin предпочтительным языком для разработки приложений под Android. Kotlin официально поддержали в Spring Framework 5, vert.x и Gradle. Kotlin/Wasm — это набор инструментов для компиляции программ на Kotlin в WebAssembly. Компилятор находится в активной разработке. Наша цель — создать набор инструментов, удовлетворяющий высоким требованиям разработки веб-приложений: быстрый отклик на изменения (быстрая компиляция), небольшой размер выходных файлов, хорошая интеграция с окружением. Присоединяйтесь к нам! Вам предстоит:   заниматься разработкой нового компилятора Kotlin/Wasm и сопутствующих инструментов;   работать над оптимизацией производительности компилятора и генерируемого им кода;   реализовывать новые возможности языка Kotlin, принимая активное участие в их дизайне.   Мы будем рады видеть вас в команде, если вы:   любите решать сложные задачи;   имеете опыт промышленной разработки от 4 лет;   понимаете принципы работы компиляторов и/или методы статического анализа;   умеете проектировать и писать код, который легко читать и поддерживать;   знаете базовые алгоритмы и структуры данных;   хорошо работаете в команде.   И особенно, если вы:   уже разрабатывали на Java, Kotlin или других JVM-языках;   знакомы с WebAssembly;   имеете опыт анализа и улучшения производительности программ;   принимали участие в Open Source проектах или работали над собственными проектами.   Работая над проектом, мы ориентируемся на прагматические ценности: удобство инструментария (IDE, инструментов сборки и т. д.), совместимость и поддерживаемость кода, легкость в изучении языка. Мы не гонимся за исследовательскими задачами — нам важно делать пользователей счастливее. Сейчас в проекте участвуют около ста высококлассных инженеров. Мы работаем в довольно быстром темпе, без бюрократии, не боимся экспериментов, очень ценим инициативу и изобретательность. У нас очень легковесный процесс разработки:   Sync-up meetings раз в неделю, pre-push review, автоматические функциональные тесты и continuous integration.   Разработчики общаются с пользователями напрямую — через YouTrack, форум и Slack.   Практически весь новый код пишется на Kotlin. При этом исторически существенная часть проекта написана на Java.     Проект размещен на GitHub под лицензией Apache 2.0.  "
Программист Java / Kotlin,https://hh.ru/applicant/vacancy_response?vacancyId=42595260,2021-07-26T08:46:29+0300,False,,200000,RUR,От 1 года до 3 лет,Полный день,,UNIT6,Челябинск,"Рассматриваем кандидатов с разным уровнем опыта.Младшим специалистам предлагаем возможность быстро получить востребованный опыт,Старшим предлагаем интересные задачи в проектах Федерального и Мирового уровня. Прямо сейчас Java разработчики ищутся в команды, работающие над банковскими продуктами. Ищем людей, которые любят разработку и хотят работать над проектом, в котором будут новые вызовы, нетривиальные задачи и возможности для развития. Мы не делаем веб-сайты, мы делаем интернет-продукты — интернет-банки, онлайн-сервисы для пользователей крупных компаний, сложные (но удобные) интерфейсы, и другие интересные вещи. Мы почти никогда не делаем разовые проекты, все наши проекты живут и развиваются, учитывают опыт своих пользователей, следят за новыми тенденциями в дизайне и проектировании.   Стек технологий зависит от проекта, но, если в кратце,то обычно от кандидатов на бэкенд-разработчика мы ожидаем:  Опыт разработки веб-приложений на Java (Spring) / Kotlin Опыт написания unit-тестов Опыт с Git с merge/pull-request Понимание работы веб-инфраструктуры и HTTP-протокола Коммуникабельность, внимательность и ответственность за результат Готовность учиться и развиваться  Будет плюсом опыт с Kotlin, но если его нет — мы научим. От старших разработчиков мы ожидаем:  Опыт работы над ответственными частями проекта и решения нестандартных задач Опыт проектирования крупных систем или их модулей Умение разобраться с уже существующей архитектурой и планировать её развитие Навык объяснить, зачем и почему внедряется или выбирается то или иное решение    Что предстоит делать:  Разрабатывать новые интернет-решения Интегрироваться с внешними системами Работать в большой команде, бок-о-бок со всеми участниками проекта (другие разработчики, тестировщики, аналитики, дизайнеры, продакт-оунеры и саппорт) В зависимости от проекта могут быть еще дополнительные штуки, которые мы расскажем уже на собеседовании    А еще у нас хороший и дружный коллектив, уютный офис с кофемашиной, печенками, фруктами и гироскутером. Мы проводим митапы разработчиков в Челябинске и организуем крупнейшую Челябинскую конференцию разработчиков UWDC. Уровень зарплаты готовы обсуждать с успешными кандидатами."
Бэкенд-разработчик на Kotlin/Java в спецпроекты контента Маркета,https://hh.ru/applicant/vacancy_response?vacancyId=43230859,2021-07-19T08:00:12+0300,False,,,,От 3 до 6 лет,Удаленная работа,Java SE;Java;C#;Kotlin;,Яндекс,Нижний Новгород,"Команда контента Яндекс.Маркета отвечает за информационное наполнение платформы: товарные категории, характеристики и их значения, навигацию и карточки товаров. По этим данным пользователи ищут товары, их выводят в предложениях магазинов и используют в логистике. Мы разрабатываем новый инструмент, который поможет магазинам быстро и качественно создавать описания товаров. Бэкенд этого инструмента мы пишем на Kotlin. Кроме этого, развиваем Market CMS – систему управления структурой страниц и экранов Маркета в браузере и мобильных приложениях. Стек технологий: Java 11/Kotlin, Spring, Spring MVC, Spring Boot, PostgreSQL, Type-Script/React. Что нужно делать:  разрабатывать бэкенд на Kotlin/Java; хорошо разобраться в предметной области и понять, что как устроено, предлагать новые решения проблем; работать над качеством и оптимизацией кода (у нас не самый высокий RPS, но много обрабатываемых данных).  Мы ждем, что вы:  готовы работать над сложными задачами и разбираться в предметной области; отлично знаете Java Core; знаете Kotlin или хотите его изучить; работали с реляционными базами данных (нереляционные будут плюсом).  Условия:  современный офис (или удаленная работа с возможностью командировок) со всем необходимым для комфортной работы и отдыха, есть парковка (каждый день мы мониторим эпидемиологическую ситуацию, поэтому формат работы может меняться и зависит от общих правил работы офисов Яндекса); официальное трудоустройство; компенсация оплаты питания на территории кампуса и в окрестностях; гибкий график: мы не контролируем, кто во сколько приходит и уходит, ключевая задача для каждого из нас — выполнять поставленные цели; профессиональная команда, у которой можно многому научиться и перенять полезный опыт; культура открытости, взаимопомощи: у нас работают люди, увлеченные и не безразличные к тому, что они делают; высокая скорость работы, возможность быстро увидеть свой вклад и результаты; работа в технологической компании с возможностью создавать сервисы, полезные миллионам людей. "
Senior Developer in Kotlin/JS Compiler,https://hh.ru/applicant/vacancy_response?vacancyId=43856189,2021-07-19T19:06:50+0300,False,250000,,RUR,От 3 до 6 лет,Полный день,,JetBrains,Санкт-Петербург,"Kotlin — современный язык программирования для платформ Java, Android, JavaScript и Native (LLVM). Первый релиз Kotlin вышел в 2016 году. Сейчас язык быстро набирает популярность. В частности, в 2019 году Google объявил Kotlin предпочтительным языком для разработки приложений под Android. Kotlin официально поддержали в Spring Framework 5, vert.x и Gradle. Kotlin/JS — это набор инструментов для компиляции программ на Kotlin в JavaScript. Наша цель — создать набор инструментов, удовлетворяющий высоким требованиям разработки веб-приложений: быстрый отклик на изменения (быстрая компиляция), небольшой размер выходных файлов, хорошая интеграция с окружением. Присоединяйтесь к нам! Вам предстоит:   заниматься поддержкой и развитием компилятора Kotlin/JS и сопутствующих инструментов;     работать над оптимизацией производительности компилятора и генерируемого им кода;   реализовывать новые возможности языка Kotlin, принимая активное участие в их дизайне.   Мы будем рады видеть вас в команде, если вы:   любите решать сложные задачи;   имеете опыт промышленной разработки от 4 лет;   понимаете принципы работы компиляторов или методы статического анализа;   умеете проектировать и писать код, который легко читать и поддерживать;   знаете базовые алгоритмы и структуры данных;   хорошо работаете в команде.   И особенно, если вы:   уже разрабатывали на Java, Kotlin или других JVM-языках;   знакомы с JavaScript, TypeScript или Flow;   знакомы с инструментами веб-разработки для фронтэнда и/или Node.js;   принимали участие в Open Source проектах или работали над собственными проектами.   Работая над проектом, мы ориентируемся на прагматические ценности: удобство инструментария (IDE, инструментов сборки и т. д.), совместимость и поддерживаемость кода, легкость в изучении языка. Мы не гонимся за исследовательскими задачами — нам важно делать пользователей счастливее. Сейчас в проекте участвуют около ста высококлассных инженеров. Мы работаем в довольно быстром темпе, без бюрократии, не боимся экспериментов, очень ценим инициативу и изобретательность. У нас очень легковесный процесс разработки:   Sync-up meetings раз в неделю, pre-push review, автоматические функциональные тесты и continuous integration.   Разработчики общаются с пользователями напрямую — через YouTrack, форум и Slack.   Практически весь новый код пишется на Kotlin. При этом исторически существенная часть проекта написана на Java.     Проект размещен на GitHub под лицензией Apache 2.0.  "
Kotlin разработчик,https://hh.ru/applicant/vacancy_response?vacancyId=46272723,2021-07-20T08:28:00+0300,False,,,,От 1 года до 3 лет,Полный день,Android;Java;SQLite;Kotlin;Android SDK;,ЦИФРА,Пермь,"Мы не делаем сайты, не ведём заказную разработку. Мы - продуктовая компания полного цикла с собственной командой специалистов – владельцев продуктов, бизнес- и функциональных аналитиков, разработчиков, девопсов, UX дизайнеров, тестировщиков, тех.писателей. Разрабатываем современное, высоконагруженное ПО для крупных корпоративных заказчиков в различных отраслях промышленности. В своей работе используем самые современные технологии, архитектурные и технические решения - массовое использование open-source-компонентов (больше полусотни различного назначения), микросервисная архитектура на стороне как бэкэнда, так и фронтэнда, гибкий настраиваемый интерфейс, контейнеризация и оркестрация, развертывание в K8S и OpenShift/OKD. Ищем Android разработчика на Kotlin, у которого будет желание присоединиться к команде разработки на новом проекте - разработке мобильного приложения для автоматизации техники промышленной безопасности. Что нужно знать и уметь:  Хорошее знание платформы Android, Android SDK (&gt;=23); Уверенное владение Kotlin/Java, умение читать и разбираться в чужом коде; Практический опыт разработки многопоточных приложений; Знание Material Design и опыт разработки UI; Владение стеком технологий RxJava2, Dagger2, Butterknife, Android Data Binding, Retrofit2, OkHttp; Опыт работы с БД: SQLite, Room; Практический опыт работы с клиент-серверной архитектурой (REST API/JSON).  Условия:  Проекты федерального и международного уровня - в том числе работа над лучшей IoT платформой 2020 года. Официальное трудоустройство, у нас все бело-официально, зарплата, квартальная премия, отпуска, больничные и так далее. ДМС. "
"Backend Software Engineer (Java, Kotlin)",https://hh.ru/applicant/vacancy_response?vacancyId=43646142,2021-07-15T08:17:02+0300,False,,,,От 1 года до 3 лет,Удаленная работа,Python;Git;SQL;Java;,2ГИС,Санкт-Петербург,"В команде 2GIS World мы занимаемся разработкой множества сервисов, которые отвечают за непрерывный сбор, обработку, нормализацию и доставку подготовленных мировых картографических и справочных данных до внутренних систем. У нас дружный коллектив, в котором обсуждаем способы решения задач, выбор архитектуры, делимся техническим и бизнес опытом. Каждым может предложить идеи и высказать свое мнение по любому вопросу. Мы идем в ногу со временем, используем новейшие технологии и не боимся экспериментировать. Наше окружение использует docker, деплоится с помощью ansiblе, а работает и скейлится в k8s. При этом нам очень важен мониторинг боевых сервисов и мы делаем его в prometheus.io. Сообщаем критичные проблемы прямо в slack в специальный канал. Когда же нам нужно посмотреть динамику по данным на графиках, то на помощь нам приходит grafana, а если нужно покопаться в логах, то выручает ELK. Большая часть кода всех сервисов написана на Kotlin и Java8, но мы готовы рассматривать кандидатов, писавших на C#/Scala/etc и имеющих большое желание попробовать что-то новое. Чем предстоит заниматься   Сложными творческими задачами, не имеющими единственно верного решения   Обработкой картографических данных из разных источников   Интеграцией новых источников данных   Обеспечением бесперебойной работы сервисов   Разработкой новых сервисов и расширением функциональности существующих сервисов   CodeReview кода разработчиков и QA   Мы ждем от вас   Понимания принципов ООП / SOLID   Написания поддерживаемого, структурированного и масштабируемого кода;   Понимания принципов работы SQL, опыта написания/поддержки сложных запросов   Умения разбираться и работать с чужим кодом, работать в команде   Опыта написания многопоточных приложений   Опыта написания модульных и функциональных тестов   Опыта использования систем контроля версий (Git)   Умения аргументировать вносимые предложения и принятые решения   Умения анализировать и исправлять проблемы производительности   Знания теории алгоритмов и структур данных и умения применять их на практике   Будет плюсом   Опыт работы в *nix операционных системах   Знакомство с технологиями для реализации CI/CD gradle, jenkins, ansible, docker, k8s   Опыт работы с PostgreSQL   Опыт работы с очередями (RabbitMQ, Kafka)   Опыт работы с гео-данными (PostGIS/JTS)   Опыт разработки на Python/Golang   Работа в 2ГИС"
Senior Developer in Kotlin/JS Compiler,https://hh.ru/applicant/vacancy_response?vacancyId=43856190,2021-07-19T19:06:50+0300,False,250000,,RUR,От 3 до 6 лет,Полный день,,JetBrains,Новосибирск,"Kotlin — современный язык программирования для платформ Java, Android, JavaScript и Native (LLVM). Первый релиз Kotlin вышел в 2016 году. Сейчас язык быстро набирает популярность. В частности, в 2019 году Google объявил Kotlin предпочтительным языком для разработки приложений под Android. Kotlin официально поддержали в Spring Framework 5, vert.x и Gradle. Kotlin/JS — это набор инструментов для компиляции программ на Kotlin в JavaScript. Наша цель — создать набор инструментов, удовлетворяющий высоким требованиям разработки веб-приложений: быстрый отклик на изменения (быстрая компиляция), небольшой размер выходных файлов, хорошая интеграция с окружением. Присоединяйтесь к нам! Вам предстоит:   заниматься поддержкой и развитием компилятора Kotlin/JS и сопутствующих инструментов;     работать над оптимизацией производительности компилятора и генерируемого им кода;   реализовывать новые возможности языка Kotlin, принимая активное участие в их дизайне.   Мы будем рады видеть вас в команде, если вы:   любите решать сложные задачи;   имеете опыт промышленной разработки от 4 лет;   понимаете принципы работы компиляторов или методы статического анализа;   умеете проектировать и писать код, который легко читать и поддерживать;   знаете базовые алгоритмы и структуры данных;   хорошо работаете в команде.   И особенно, если вы:   уже разрабатывали на Java, Kotlin или других JVM-языках;   знакомы с JavaScript, TypeScript или Flow;   знакомы с инструментами веб-разработки для фронтэнда и/или Node.js;   принимали участие в Open Source проектах или работали над собственными проектами.   Работая над проектом, мы ориентируемся на прагматические ценности: удобство инструментария (IDE, инструментов сборки и т. д.), совместимость и поддерживаемость кода, легкость в изучении языка. Мы не гонимся за исследовательскими задачами — нам важно делать пользователей счастливее. Сейчас в проекте участвуют около ста высококлассных инженеров. Мы работаем в довольно быстром темпе, без бюрократии, не боимся экспериментов, очень ценим инициативу и изобретательность. У нас очень легковесный процесс разработки:   Sync-up meetings раз в неделю, pre-push review, автоматические функциональные тесты и continuous integration.   Разработчики общаются с пользователями напрямую — через YouTrack, форум и Slack.   Практически весь новый код пишется на Kotlin. При этом исторически существенная часть проекта написана на Java.     Проект размещен на GitHub под лицензией Apache 2.0.  "
Java / Kotlin Software Engineer (Customer Data Platform),https://hh.ru/applicant/vacancy_response?vacancyId=44110888,2021-07-20T09:04:29+0300,False,,,,От 1 года до 3 лет,Гибкий график,PostgreSQL;Spring Framework;SQL;Java;Kotlin;,Infobip,Санкт-Петербург,"Infobip Продуктовая компания из Хорватии, разработчик CPaaS-платформы для A2P и облачных коммуникаций. В 2020 нас оценили в 1 млрд долларов, в 2021 мы выросли до 3000 сотрудников, в 2023 планируем провести IPO.  Платформа обрабатывает 30 терабайт новых данных в день и пропускает 40 000 сообщений в секунду. Среди получателей можете оказаться и вы, когда вызываете Uber, запрашиваете детализацию по счёту в Raiffeisen Bank или оформляете подписку на IVI. Мы не просто &quot;рассылаем SMS-ки&quot;, мы помогаем компаниям строить диалог с пользователями через мессенджеры, пуш-уведомления, голосовые и e-mail сообщения. Для этого у нас есть связка SaaS-продуктов на стыке маркетинга, телекома и облачных коммуникаций.  Customer Data Platform  CDP — это SaaS-продукт для обработки и хранения пользовательских данных: через него компании сегментируют свою аудиторию по нужным критериям и формируют профили, чтобы персонализировать коммуникацию с клиентами. Данные хранятся на стороне Infobip, в платформе уже есть 1,5 миллиарда записей. Команды, входящие в подразделение CDP, разрабатывают сквозную функциональность от базы до API/UI и развивают архитектуру продукта. Ребята пишут новые сервисы на Kotlin, поддерживают несколько сервисов на Java, работают с PostgreSQL и MS SQL: оптимизируют запросы, выстраивают отказоустойчивые кластеры (patroni/repmgr). Общий стек: Kotlin (есть пара сервисов на Java), PostgreSQL, MSSQL, Kafka, Spring Boot, ClickHouse, Redis, React, Redux, TypeScript. Процессы: LeSS, 2-недельные спринты, микрорелизы. Нам нужен Java/Kotlin-инженер с опытом коммерческой разработки от трёх лет, которому откликается описание выше. Опыт с PostgreSQL и MS SQL — большой плюс, разговорный английский — необходимость. Этапы собеседования Будет две онлайн-встречи: HR-интервью и техническая беседа с лидом команды. Разговор с рекрутером займет час, техническое интервью — два часа. Мы предлагаем   Расширенный полис ДМС с первых дней работы. Стоматология включена, есть прямой доступ в клиники.   Выбор между удалённой работой и офисом. Мы находимся в центре города, на 2-й Советской улице.   Современное оборудование: HP/MacBook Pro, второй монитор и аксессуары.   Бюджет на саморазвитие. Каждая команда самостоятельно решает, как и куда тратить деньги: можно посещать конференции, оплачивать онлайн-курсы и покупать профильную литературу.   Бесплатные онлайн-курсы английского, которые тоже считаются рабочим временем.   Премиальный зарплатный проект с полезными опциями.   Участие в технической конференции Infobip Shift, которую мы ежегодно проводим в Хорватии.   Ждём ваши резюме, до встречи на собеседовании!"
"Backend Software Engineer (Java, Kotlin)",https://hh.ru/applicant/vacancy_response?vacancyId=43427066,2021-07-15T08:17:03+0300,False,,,,От 3 до 6 лет,Полный день,Python;PostgreSQL;Git;ООП;SQL;,2ГИС,Ростов-на-Дону,"В команде 2GIS World мы занимаемся разработкой множества сервисов, которые отвечают за непрерывный сбор, обработку, нормализацию и доставку подготовленных мировых картографических и справочных данных до внутренних систем. У нас дружный коллектив, в котором обсуждаем способы решения задач, выбор архитектуры, делимся техническим и бизнес опытом. Каждым может предложить идеи и высказать свое мнение по любому вопросу. Мы идем в ногу со временем, используем новейшие технологии и не боимся экспериментировать. Наше окружение использует docker, деплоится с помощью ansiblе, а работает и скейлится в k8s. При этом нам очень важен мониторинг боевых сервисов и мы делаем его в prometheus.io. Сообщаем критичные проблемы прямо в slack в специальный канал. Когда же нам нужно посмотреть динамику по данным на графиках, то на помощь нам приходит grafana, а если нужно покопаться в логах, то выручает ELK. Большая часть кода всех сервисов написана на Kotlin и Java8, но мы готовы рассматривать кандидатов, писавших на C#/Scala/etc и имеющих большое желание попробовать что-то новое. Чем предстоит заниматься   Сложными творческими задачами, не имеющими единственно верного решения   Обработкой картографических данных из разных источников   Интеграцией новых источников данных   Обеспечением бесперебойной работы сервисов   Разработкой новых сервисов и расширением функциональности существующих сервисов   CodeReview кода разработчиков и QA   Мы ждем от вас   Понимания принципов ООП / SOLID   Написания поддерживаемого, структурированного и масштабируемого кода;   Понимания принципов работы SQL, опыта написания/поддержки сложных запросов   Умения разбираться и работать с чужим кодом, работать в команде   Опыта написания многопоточных приложений   Опыта написания модульных и функциональных тестов   Опыта использования систем контроля версий (Git)   Умения аргументировать вносимые предложения и принятые решения   Умения анализировать и исправлять проблемы производительности   Знания теории алгоритмов и структур данных и умения применять их на практике   Будет плюсом   Опыт работы в *nix операционных системах   Знакомство с технологиями для реализации CI/CD gradle, jenkins, ansible, docker, k8s   Опыт работы с PostgreSQL   Опыт работы с очередями (RabbitMQ, Kafka)   Опыт работы с гео-данными (PostGIS/JTS)   Опыт разработки на Python/Golang   Работа в 2ГИС  "
Разработчик kotlin,https://hh.ru/applicant/vacancy_response?vacancyId=46354180,2021-07-19T17:18:59+0300,False,,,,От 1 года до 3 лет,Полный день,Git;Java;MongoDB;Spring Framework;Kotlin;,Леруа Мерлен,Москва,"Мы — продуктовая команда внутри компании — создаём и развиваем продукты с информацией о товарных остатках, которые обеспечивают бизнес-процессы продаж и обслуживания для более чем 40 тысяч сотрудников магазинов и более 1 млн посетителей сайта в день. Сколько в действительности имеется товара, где конкретно он сейчас находится, и когда клиент сможет его получить — это к нам. В нашей команде есть: руководитель продукта, аналитик, backend разработчик, подключаем по необходимости: проектировщик UX, frontend разработчик, QA специалисты, DevOps. Обязанности:  разрабатывать и поддерживать микросервисы с ожидаемой нагрузкой в 1k rps; участвовать в разработке архитектуры и бизнес-логики наших систем; покрывать код unit- и интеграционными тестами; проводить тестирование производительности; ревьювить код коллег-разработчиков; настраивать мониторинг/алертинг на свои сервисы; делиться своим опытом, учиться новому.  Наш стек:  Kotlin (90%) + Java. Spring Boot 2. Kafka (KStreams, KTables), RabbitMQ. CI/CD: Jenkins, Groovy в Jenkins-pipeline. VCS: Github. MariaDB, PostgreSQL, MongoDB. ELK, Dynatrace, Jaeger. В инфраструктуре присутствуют: Vault, Docker, Kubernetes, Opsgenie, Prometheus, Grafana. Работаем по Scrum, двухнедельные спринты, задачи в Jira, документация в Confluence.  Требования:   Отличное знание основного языка программирования java, опыт коммерческой разработки от 2 лет; Опыт разработки и поддержки микросервисной архитектуры.  Мы предлагаем:  Работу в стабильной компании-лидеров DIY рынка с уникальной корпоративной культурой; Участие в конференциях вместе с нашей международной командой; Возможности для профессионального развития и изучения иностранных языков; Белую заработную плату, систему премирования, ДМС, расширенный социальный пакет и компенсацию питания; Офис около м. Шаболовская (сейчас работаем преимущественно удаленно, в будущем планируем переход на частично удаленную работу). "
Kotlin разработчик,https://hh.ru/applicant/vacancy_response?vacancyId=46276904,2021-07-20T08:28:04+0300,False,,,,От 1 года до 3 лет,Полный день,Android;Java;SQLite;Kotlin;Android SDK;,ЦИФРА,Иваново (Ивановская область),"Мы не делаем сайты, не ведём заказную разработку. Мы - продуктовая компания полного цикла с собственной командой специалистов – владельцев продуктов, бизнес- и функциональных аналитиков, разработчиков, девопсов, UX дизайнеров, тестировщиков, тех.писателей. Разрабатываем современное, высоконагруженное ПО для крупных корпоративных заказчиков в различных отраслях промышленности. В своей работе используем самые современные технологии, архитектурные и технические решения - массовое использование open-source-компонентов (больше полусотни различного назначения), микросервисная архитектура на стороне как бэкэнда, так и фронтэнда, гибкий настраиваемый интерфейс, контейнеризация и оркестрация, развертывание в K8S и OpenShift/OKD. Ищем Android разработчика на Kotlin, у которого будет желание присоединиться к команде разработки на новом проекте - разработке мобильного приложения для автоматизации техники промышленной безопасности. Что нужно знать и уметь:  Хорошее знание платформы Android, Android SDK (&gt;=23); Уверенное владение Kotlin/Java, умение читать и разбираться в чужом коде; Практический опыт разработки многопоточных приложений; Знание Material Design и опыт разработки UI; Владение стеком технологий RxJava2, Dagger2, Butterknife, Android Data Binding, Retrofit2, OkHttp; Опыт работы с БД: SQLite, Room; Практический опыт работы с клиент-серверной архитектурой (REST API/JSON).  Условия:  Проекты федерального и международного уровня - в том числе работа над лучшей IoT платформой 2020 года. Официальное трудоустройство, у нас все бело-официально, зарплата, квартальная премия, отпуска, больничные и так далее. ДМС. "
Kotlin Developer,https://hh.ru/applicant/vacancy_response?vacancyId=40104593,2021-07-13T10:34:37+0300,False,,,,От 3 до 6 лет,Полный день,Spring Framework;Apache Maven;Git;Java;,Тинькофф,Санкт-Петербург,"В команду одного из бурно развивающихся бизнес-направлений Tinkoff.ru требуется Kotlin-разработчик BPM (Business Process Management). В ИТ-инфраструктуре Tinkoff.ru BPM-системы традиционно являются основным стержнем реализации сложных интеграций и бизнес-логики, поэтому успешного кандидата ждут интересные задачи, требующие нетривиальных решений, множество коммуникаций с техническими и бизнес-специалистами компании, расширение бизнес- и ИТ-кругозора. Что нужно будет делать:  Разрабатывать процессы и сервисы в сложных интеграционных проектах Разрабатывать новый функционал и развивать существующий Участвовать в решении архитектурных вопросов Взаимодействовать с заказчиками и командами разработки, тестирования, сопровождения Участвовать в росте экспертизы младших разработчиков в отделе  Что нужно уметь:  Опыт программирования на java от 2 лет; а также иметь желание переехать на Kotlin :) Опыт работы с Spring Навыки работы с базами данных, знание основ SQL (PostgreSQL, Oracle) Знания Git, Maven, Gradle Опыт написания тестов (юнитов или авто) Работа с брокерами сообщений (ActiveMQ, RabbitMQ, IBM MQ) Ориентированность на командную работу Контейнеризация (Docker, rkt, cri-o)  Что будет плюсом:  Опыт программирования на Kotlin Опыт работы с Kafka (+KafkaStreams) Опыт работы с NoSQL (Redis, Hazelcast, MongoDB, Couchbase) Опыт работы с Camunda (Zeebee) Знание требований к современным распределенным, высоконагруженным приложениям Знание паттернов проектирования распределенных систем Опыт построения CI/CD процессов Опыт работы с продуктами HashiCorp(Consul, Vault, Terraform, Nomad) Опыт работы с любыми оркестраторами контейнеров (k8s, OpenShift, Rancher, Nomad, Docker Swarm)  Что мы предлагаем: Гибридный формат работы: ты можешь работать из дома или из офиса. Офис в 7 минутах пешком от м.пл. Александра Невского. Для тех, кто за рулем, есть удобная парковка Профессиональное развитие: проводим митапы, тренинги и мастер-классы, огромная tech-библиотека в твоем распоряжении Компенсация затрат на обеды и такси 350 руб/день Забота о здоровье: полис ДМС и страховка от несчастных случаев для тебя и льготные условия страхования для близких Компенсация до 50% затрат на спорт Курсы английского Специальные условия на продукты Тинькофф "
Android (Kotlin) разработчик,https://hh.ru/applicant/vacancy_response?vacancyId=42802487,2021-07-26T08:46:29+0300,False,,200000,RUR,Нет опыта,Полный день,Git;Android;Kotlin;,UNIT6,Челябинск,"Рассматриваем кандидатов с разным уровнем опыта.Младшим специалистам предлагаем возможность быстро получить востребованный опыт,Старшим предлагаем интересные задачи в проектах Федерального и Мирового уровня. Ищем людей, которые любят разработку и хотят работать над проектом, в котором будут новые вызовы, нетривиальные задачи и возможности для развития. Мы не делаем веб-сайты, мы делаем интернет-продукты — интернет-банки, онлайн-сервисы для пользователей крупных компаний, сложные (но удобные) интерфейсы, и другие интересные вещи. Мы почти никогда не делаем разовые проекты, все наши проекты живут и развиваются, учитывают опыт своих пользователей, следят за новыми тенденциями в дизайне и проектировании.   Обязанности:  Разработка интерфейса Android приложений на Kotlin Работа над задачами в JIRA Коммиты в Git-репозиторий Взаимодействие с backend-разработчиками, дизайнером и менеджером  Требования:  Оконченное высшее образование (без совмещения с учебой) Понимание, как работают с Git Понимание, как разрабатывают интерфейсы на Kotlin (на уровне выполнения тестовых примеров из книг) Желание развиваться и стать опытным Android разработчиком  Условия:  Просторный двухуровневый офис с отдельной кухонной зоной Возможность работать над проектами мирового уровня Возможность создать свой стартап на базе нашей компании Поощрение инициативности Кухня с кофемашиной и печенками Новые книги в нашей библиотеке Полный рабочий день Стабильная зарплата Ежегодный отпуск Официальное трудоустройство Перспективы карьерного и зарплатного роста "
Performance Engineer in Kotlin/Wasm Compiler,https://hh.ru/applicant/vacancy_response?vacancyId=43855881,2021-07-19T19:06:49+0300,False,250000,,RUR,От 3 до 6 лет,Полный день,,JetBrains,Москва,"Kotlin — современный язык программирования для платформ Java, Android, JavaScript и Native (LLVM). Первый релиз Kotlin вышел в 2016 году. Сейчас язык быстро набирает популярность. В частности, в 2019 году Google объявил Kotlin предпочтительным языком для разработки приложений под Android. Kotlin официально поддержали в Spring Framework 5, vert.x и Gradle. Kotlin/Wasm — это набор инструментов для компиляции программ на Kotlin в WebAssembly. Компилятор находится в активной разработке. Наша цель — создать набор инструментов, удовлетворяющий высоким требованиям разработки веб-приложений: быстрый отклик на изменения (быстрая компиляция), небольшой размер выходных файлов, хорошая интеграция с окружением. Присоединяйтесь к нам! Вам предстоит:   заниматься разработкой нового компилятора Kotlin/Wasm и сопутствующих инструментов;   работать над оптимизацией производительности компилятора и генерируемого им кода;   реализовывать новые возможности языка Kotlin, принимая активное участие в их дизайне.   Мы будем рады видеть вас в команде, если вы:   любите решать сложные задачи;   имеете опыт промышленной разработки от 4 лет;   занимались ранее постоянным/непрерывным анализом и улучшением производительности программ;   понимаете принципы работы компиляторов и/или методы статического анализа;   умеете проектировать и писать код, который легко читать и поддерживать;   знаете базовые алгоритмы и структуры данных;   хорошо работаете в команде.   И особенно, если вы:   уже разрабатывали на Java, Kotlin или других JVM-языках;   знакомы с WebAssembly;   имеете опыт построения инфраструктуры для постоянного/непрерывного анализа производительности программ;   принимали участие в Open Source проектах или работали над собственными проектами.   Работая над проектом, мы ориентируемся на прагматические ценности: удобство инструментария (IDE, инструментов сборки и т. д.), совместимость и поддерживаемость кода, легкость в изучении языка. Мы не гонимся за исследовательскими задачами — нам важно делать пользователей счастливее. Сейчас в проекте участвуют около ста высококлассных инженеров. Мы работаем в довольно быстром темпе, без бюрократии, не боимся экспериментов, очень ценим инициативу и изобретательность. У нас очень легковесный процесс разработки:   Sync-up meetings раз в неделю, pre-push review, автоматические функциональные тесты и continuous integration.   Разработчики общаются с пользователями напрямую — через YouTrack, форум и Slack.   Практически весь новый код пишется на Kotlin. При этом исторически существенная часть проекта написана на Java.   Проект размещен на GitHub под лицензией Apache 2.0.  "
Java/Kotlin/Scala developer (продукт X5.Транспорт),https://hh.ru/applicant/vacancy_response?vacancyId=46179839,2021-07-13T00:15:16+0300,False,,,,От 3 до 6 лет,Полный день,Java;Spring Framework;,X5 RETAIL GROUP,Москва,"В Бизнес единицу X5 Технологии нашей компании открыта позиция Java/Kotlin/Scala разработчика в продукт X5.Транспорт. Мы создаем систему автоматизации управления межфилиальными перевозками. Это один из ключевых и масштабных сервисов X5. На данный момент у нас более 17000 магазинов по всей России и более 3000 грузовиков. Система отслеживает и управляет грузоперевозками в режиме реального времени. Она предоставляет API для интеграции с партнерами, а пользователям - Web и мобильный клиенты. Мы используем продуктовые подходы к разработке и передовые технологии, среди которых микросервиcная архитектура, DevOps и облачная инфраструктура. Стек технологий: Spring Boot 2, Scala/Sbt (core), Scalatest, Http4s, Cats / Cats Effect, Kotlin/Gradle (edge), PostgreSQL, Redis, Kafka, ClickHouse, OpenShift. Состав команды: 8 backened разработчиков, Frontend разработчики, Android/IOS разработчики, Системные аналитики, Тестировщики, Product Owner, Scrum Master. Мы ждем от кандидата:  Опыт разработки на Java от 3 лет; Строгое понимание java core, java collections, java concurrency, java streams; Опыт разработки нагруженных приложений; Опыт реализации конкурентных запросов в СУБД Postgres / Oracle Опыт чтения и оптимизации планов запросов Строгое понимание особенностей работы JVM в Docker; Опыт работы с Redis; Опыт построение сервисной / микросервисной архитектуры; Готовность и желание писать на Scala.  Будет плюсом:  Опыт использования k8s или openshift (формирование конфигураций сервисов, вывод, сопровождение); Опыт разработки с применением Scala cats &amp; cats effect; Понимание алгоритмов шифрования; Опыт работы с Clickhouse.  Мы предлагаем:  Удобный офис у м. Волгоградский проспект (с бесплатной парковкой) или удаленная работа; Гибкий график работы (с 8/9/10/11 утра); Возможность обучаться и сертифицироваться за счёт компании: внешние тренинги и семинары по профессиональным тематикам, отраслевые конференции, программа развития управленческих навыков, очные мастер-классы, платформы онлайн-образования и многое другое; Яркую корпоративную жизнь с большим количеством мероприятий, конкурсов и возможностей для творческой реализации; Развитую систему компенсаций и льгот; Широкий пакет ДМС (включая выезд за рубеж и стоматологию), страхование жизни и здоровья; Скидки в магазинах сети Х5 («Пятёрочка», «Перекрёсток», «Карусель»); Программу привилегий Prime-zone (скидки на товары и услуги и специальные предложения от компаний-партнёров); Материальную помощь сотрудникам, попавшим в сложную жизненную ситуацию; Оформление по ТК РФ с официальной заработной платой.  Присоединяйся к одной из самых быстрорастущих цифровых команд России! X5 Retail Group. Создавай новый ритейл."
Android developer (Kotlin),https://hh.ru/applicant/vacancy_response?vacancyId=46317126,2021-07-18T14:10:39+0300,False,180000,300000,RUR,От 1 года до 3 лет,Полный день,Android;Android SDK;Kotlin;,Меркурио,Москва,"Mercuryo — международный финансовый сервис c российскими корнями, который решает вопросы использования криптовалют в обычной жизни — покупка, продажа, оплата продуктов, кофе, йоги, билетов в кино и пр. Наша миссия - вывести на новый уровень взаимодействие с финансами и цифровыми активами, используя блокчейн.Разрабатываем высокотехнологичный и узнаваемый с точки зрения дизайна продукт. Мы верим в простоту отношений между людьми и финансами, поэтому бросаем вызов традиционной банковской системе. Вот зачем мы запустили понятный и технологичный сервис. Требования:     Опыт коммерческой разработки мобильных приложений под Android от 2-х лет;   Знания Android SDK, Kotlin — вся разработка на нем, но нужно не бояться читать Swift;   Идеально, если есть опыт с Kotlin Multiplatform   Обязанности: – Писать код, часть которого в опенсорсе; – Принимать решения по архитектуре, следить за кодоми улучшать его качество; – Проектировать API вместе с бекенд-командой; – Разрабатывать сложный интерфейс состоящий из сотен состояний; – Настраивать CI/CD, бета-дистрибуцию и решать иные инфраструктурные задачи Текущий стек технологий: Kotlin, RxSwift, MVICore, Firebase Условия:  официальное трудоустройство белая зарплата бонусы и пересмотр зарплаты соответственно твоим успехам широкий пакет компенсаций и бенефитов (английский, медицинская страховка, выбор различных привилегий и бонусов по желанию и необходимости)  Мы обеспечим профессиональное развитие, инновационную область работы, сложные задачи, мощный технический стек - от тебя только потенциал роста.Даем возможность реализовать свои идеи - мы любим и ценим инициативу и конструктивную креативностьУ нас демократичная среда, дружная команда, внимание к мнению сотрудника и здоровая атмосфера!А также квалифицированное руководство, которое всегда в доступе и команда класса-а, понятная стратегия.Предоставляем на выбор удобный для вас формат работы - удаленка или современный офис в Москве с панорамными видами города     График 5/2 + праздничные дни в соответствии с трудовым календарем РФ+ 6 доп.дней к отпуску    "
JAVA/Kotlin разработчик,https://hh.ru/applicant/vacancy_response?vacancyId=43657896,2021-07-19T18:47:10+0300,False,100000,150000,RUR,От 1 года до 3 лет,Полный день,Java;Kotlin;,"Центр-инвест, коммерческий банк",Ростов-на-Дону,"Ищем джависта, которому интересно освоить Kotlin в качестве второго или основного языка. Будем рады и Kotlin-разработчику, который уже познал прелести этого языка и с удовольствием воплотит свое мастерство в наш бэкенд. Есть две команды на выбор: 1. Интернет-банк + мобильный банк. Они были развернуты из одного коробочного решения, которое мы кастомизировали и на его основе создаем новую версию продукта, делаем интеграции с современными финтех-решениями и банковскими процессами. Здесь будут нетривиальные задачи и возможность влиять на архитектуру проекта: предлагать и внедрять идеи и технологии. Основные задачи:  Развитие существующей архитектуры; Интеграции с новыми банковскими системами (процессами); Эксплуатация систем обработки данных и банковского учета.  2. DevOps и интеграции. Основная задача здесь – разработка и развитие микросервисов.   Что от тебя нужно, вне зависимости от направления:  Опыт разработки от года – нам важно, чтобы тебя не пришлось учить всему с нуля; Уверенный навык разработки на Kotlin/Java. Если знаешь только Java, котлину мы научим; Знать Spring и его компоненты (Boot, Integration, MVC, Data, AMQP), Maven или Gradle, Git; Понимать SOLID-принципы и ООП-паттерны; Умение работать с Hibernate и SQL (любой СУБД); Опыт разработки и развертывания rest-сервисов; Понимать core-библиотеки (JDBC, JPA, JAXB, Jackson).  Будет круто, если:  Писал на Groovy; Знаешь про серверы очередей (Rabbit, ActiveMQ, Kafka); Понимаешь принципы микросервисной архитектуры; Умеешь писать интеграционные и юнит-тесты; Умеешь работать с Docker; Сталкивался с JCE.  Условия:  У нас есть эксперты в бэкенде, поэтому всегда будет к кому обратиться и обменяться опытом; Вы сможете ездить на внешние профильные конференции за счет банка; Темп работы человеческий: нет режима постоянно горящих дедлайнов с переработками. Если овертаймы вдруг случился, то он полностью оплачивается; Мы заботимся о здоровье и благополучии сотрудников, поэтому у нас есть  своя столовая со сбалансированным вкусным меню (всегда есть очень много свежих овощей) в формате шведского стола – за счет компании; ДМС с хорошим списком клиник и лояльными условиями предоставления услуг; свой спортзал и зал для йоги с приходящим тренером (правда, пока они закрыты из-за ковидных ограничений, но мы обязательно откроем их вновь); аренда спортивных залов, где сотрудники играют в футбол, баскетбол, волейбол; выезды на природу и корпоративные мероприятия, чтобы вы не забывали отдыхать и получать позитивные эмоции.   Мы работаем в офисе на собственных серверах, своем железе, через собственный центр обработки данных – потому что у нас высокие требования к информационной безопасности; Офис, кстати, у нас свежий, просторный и красивый: есть и отдельные кабинеты, и зона open space. На территории офиса есть кикер, playstation, чил-зона с креслами-мешками – все это активно используют в обеденный перерыв; Если вы живете в другом городе, но хотите работать у нас, мы поможем с переездом; Если вы задумываетесь о покупке жилья, мы сделаем для вас сниженную ставку по ипотеке; И конечно же, полностью белая зарплата с квартальными и годовыми премиями, и полное соблюдение ТК РФ.  Что вас ждет после отклика:  Короткое телефонное интервью с HR; Техническое интервью с руководителем команды; Оффер или обратная связь, которая поможет вам сориентироваться в поиске работы. "
"Ведущий разработчик Kotlin, Ozon Express",https://hh.ru/applicant/vacancy_response?vacancyId=42355109,2021-07-13T13:23:43+0300,False,,,,От 3 до 6 лет,Полный день,Spring Framework;Java;Java SE;IT;Kotlin;,Ozon,Санкт-Петербург,"Ozon Express – одно из самых перспективных и быстроразвивающихся направлений компании, которое является сервисом быстрой доставки свежих продуктов питания, бакалеи, детских товаров, товаров для дома и зоотоваров по Москве и Подмосковью. Что вам предстоит  Продумывать архитектуру; Много программировать на Kotlin; Обеспечивать отказоустойчивость написанных сервисов в Kubernetes; Быть готовым к постоянному росту нагрузки и объема обрабатываемых и хранимых данных;  Что мы ожидаем от вас   Отличные знания Java SE 8/11;   Отличные знания Spring Boot 2 (Core, Data, WebMVC, WebFlux, Security);   Опыт создания архитектур enterprise решений, знание паттернов и стандартов проектирования;   Понимание особенностей микросервисной архитектуры;   Опыт Java разработки от 5 лет.   Технологический стек  Java 8-11/Kotlin, Spring Boot, Spring (Core, Data, WebMVC, WebFlux, Security); Docker/Kubernetes; PostgreSQL, Kafka; Gitlab, Jaeger, Graylog, Prometheus, Grafana.  Что мы предлагаем   Динамичный и быстроразвивающийся бизнес, ресурсы, возможность сделать вместе лучший продукт на рынке e-commerce.   Свободу действий в принятии решений.   Достойный уровень заработной платы.   Профессиональную команду, которой мы гордимся.   Возможность развиваться вместе с нашим бизнесом.  "
Java/Kotlin Developer,https://hh.ru/applicant/vacancy_response?vacancyId=35344858,2021-07-21T10:43:03+0300,False,,,,От 3 до 6 лет,Гибкий график,Java;SQL;Spring Framework;Kotlin;,Just AI,Санкт-Петербург,"Just AI одна из лидирующих продуктовых компаний в сфере Conversational AI. Нашими продуктами пользуется около ста крупных российских и ряд международных IT-компаний, телеком-компаний, банков (Yandex, Mail.ru Group, Сбер, МТС, Мегафон, Альфа-банк, HH.ru, Qiwi, BNP Paribas). Наши SAAS платформы и инженерные фреймворки используют более 40 000 разработчиков и малых-средних компаний по всему миру. Наш фокус – технологии понимания естественного языка, инструменты для создания голосовых ассистентов, машинного обучения, speech synthesis and voice cloning, системы управления диалогом, NLU/NLP/DM/ODQA/CDQA. Мы приглашаем вас присоединиться к дружной и профессиональной команде в головной R&amp;D офис компании в самом сердце Санкт-Петербурга. Сейчас в нашей команде разработки уже больше 50 человек. Мы работаем в кроссфункциональных командах, по Scrum. У нас гора идей, серьезные планы и много работы, поэтому мы расширяем команду и ищем Java разработчиков разного уровня (и Middle, и Senior). Используемый стек технологий: Java 8/Kotlin, Spring Boot 2, Spring Cloud, PostgreSQL, MongoDB. Чем вы будете заниматься:  Развивать наш собственный DSL для разработки сценариев ботов; Дорабатывать функциональность Web IDE и визуального конструктора ботов (в части backend); Интегрироваться с различными мессенджерами, операторскими рабочими местами, ассистентами (сейчас у нас более 15 различных интеграций); Улучшать систему аналитики работы ботов (нашим пользователям нужно в реальном времени строить графики эффективности бота на объёмах текстовых данных порядка 1ТБ); Создавать новые решения для тарификации и биллинга облачных клиентов платформы (интеграция с платёжными системами, контроль лимитов, прозрачное информирование, партнёрская программа); Реализовывать интерактивные шаблоны для создания ботов; Работать над масштабированием и отказоустойчивостью сервисов (Service Discovery, client-side balancing, graceful shutdown).  Наши ожидания:  использование в работе Java 8, Spring (core, data, mvc, integration, test), JPA от 2 лет; опыт работы с SQL базами данных; знание Linux на уровне уверенного пользователя командной строки; опыт автоматизации, желание и умение внедрять и улучшать процессы CI/CD; опыт работы с облачной инфраструктурой (Azure, OpenShift, Heroku, Google App Engine): интерес к теме AI, готовность изучать и работать над алгоритмами искусственного интеллекта.  Условия:   Интересные проекты, возможность быстрой имплементации результатов исследований в продукты и публикации в научных изданиях;   Возможности для профессионального роста и обмена опытом как внутри коллектива, так и в рамках внешнего сотрудничества с нашими партнерами, клиентами, университетами и сообществами;   Участие в научных и прикладных конференциях в России и за рубежом;   Самые передовые технологии, высокие амбиции, международные продукты, быстрые практические результаты;   Возможность согласования индивидуального рабочего графика и дистанционной работы;   Официальное оформление по ТК, компенсация больничных и отпусков в 100% размере от текущего оклада;   Кафетерий льгот: ДМС/компенсация спорта, обучения, хобби или отдыха;   Отличный современный офис, в котором предусмотрено все для комфортной работы: от велопарковок и удобной мебели до общих рабочих зон и обилия фруктов и снеков;   Самое сердце Санкт-Петербурга, Петроградская сторона, неподалеку от ИТМО и офисов самых известных IT-компаний города и мира, в шаговой доступности от известных IT-шных баров, площадок для митапов;   Just AI входит в группы IT-компаний i-Free, объединяющей 16 компаний со штатом около 1000 человек – обилие ивентов по обмену опытом, митапов, возможности для горизонтального развития в компаниях группы;   Помощь в релокации, в подборе подходящего жилья, релокационный бонус;   Неповторимая корпоративная культура Just AI DNA, вечеринки, джаз-концерты, совместные кинопросмотры и многое другое…  "
Performance Engineer in Kotlin/Wasm Compiler,https://hh.ru/applicant/vacancy_response?vacancyId=43855882,2021-07-19T19:06:49+0300,False,250000,,RUR,От 3 до 6 лет,Полный день,,JetBrains,Санкт-Петербург,"Kotlin — современный язык программирования для платформ Java, Android, JavaScript и Native (LLVM). Первый релиз Kotlin вышел в 2016 году. Сейчас язык быстро набирает популярность. В частности, в 2019 году Google объявил Kotlin предпочтительным языком для разработки приложений под Android. Kotlin официально поддержали в Spring Framework 5, vert.x и Gradle. Kotlin/Wasm — это набор инструментов для компиляции программ на Kotlin в WebAssembly. Компилятор находится в активной разработке. Наша цель — создать набор инструментов, удовлетворяющий высоким требованиям разработки веб-приложений: быстрый отклик на изменения (быстрая компиляция), небольшой размер выходных файлов, хорошая интеграция с окружением. Присоединяйтесь к нам! Вам предстоит:   заниматься разработкой нового компилятора Kotlin/Wasm и сопутствующих инструментов;   работать над оптимизацией производительности компилятора и генерируемого им кода;   реализовывать новые возможности языка Kotlin, принимая активное участие в их дизайне.   Мы будем рады видеть вас в команде, если вы:   любите решать сложные задачи;   имеете опыт промышленной разработки от 4 лет;   занимались ранее постоянным/непрерывным анализом и улучшением производительности программ;   понимаете принципы работы компиляторов и/или методы статического анализа;   умеете проектировать и писать код, который легко читать и поддерживать;   знаете базовые алгоритмы и структуры данных;   хорошо работаете в команде.   И особенно, если вы:   уже разрабатывали на Java, Kotlin или других JVM-языках;   знакомы с WebAssembly;   имеете опыт построения инфраструктуры для постоянного/непрерывного анализа производительности программ;   принимали участие в Open Source проектах или работали над собственными проектами.   Работая над проектом, мы ориентируемся на прагматические ценности: удобство инструментария (IDE, инструментов сборки и т. д.), совместимость и поддерживаемость кода, легкость в изучении языка. Мы не гонимся за исследовательскими задачами — нам важно делать пользователей счастливее. Сейчас в проекте участвуют около ста высококлассных инженеров. Мы работаем в довольно быстром темпе, без бюрократии, не боимся экспериментов, очень ценим инициативу и изобретательность. У нас очень легковесный процесс разработки:   Sync-up meetings раз в неделю, pre-push review, автоматические функциональные тесты и continuous integration.   Разработчики общаются с пользователями напрямую — через YouTrack, форум и Slack.   Практически весь новый код пишется на Kotlin. При этом исторически существенная часть проекта написана на Java.   Проект размещен на GitHub под лицензией Apache 2.0.  "
Regular QA Automation Engineer (Java/Kotlin)_Mortgage,https://hh.ru/applicant/vacancy_response?vacancyId=46155795,2021-07-12T11:51:29+0300,False,,,,От 1 года до 3 лет,Полный день,Java;Kotlin;MQ;Cucumber;REST Assured;Selenide;Gherkin;Scrum;SQL;Bamboo;Groovy;,Райффайзенбанк,Москва,"Мы развиваем сервисы в продукте «Ипотека» (mortgage), позволяющие улучшить клиентский опыт и сократить расходы банка. Мы верим в то, что клиент может приобрести квартиру, посетив банк один раз, для того, чтобы рассчитаться с продавцом. Для этого создан личный Кабинет клиента. Мы ценим наши партнерские отношения с застройщиками и агентствами недвижимости, и разработали Партнерский портал, который позволяет нашим партнерам самостоятельно подавать заявки в банк, отслеживать статусы и вести переписку с сотрудником банка. Для крупных партнеров мы предоставляем API. Мы упрощаем работу с продуктом для наших сотрудников в операционном Департаменте внедряя новый BPM. Мы помогаем нашим клиентам и сотрудникам упростить процесс постобслуживания (досрочное погашение, справки...) и развиваем систему ERS. У нас много интересных задач, которые позволят сделать продукт узнаваемым на рынке. #Java #Kotlin #JS #Groovy #TypeScript #Spring #Spring Boot #React #Redux #Mobx #Camunda #Gradle #Hibernate #Liquibase #GIT #Bamboo #Docker #Cucumber #Gherkin #Selenide #Spring Test #SkyNet #Jest #Cypress #Spock Обязанности:   Доработка существующего фреймворка автотестирования;   Функциональное и интеграционное тестирование (как ручное, так и автоматизированное) кредитного конвейера;   Доработка автотестов, подготовка acceptance criteria;   Локализация найденных дефектов;   Активное взаимодействие с разработчиками, аналитиками, бизнес-пользователями;   Возможность влиять на продукт на встречах по планированию спринтов, приоритизации доработок с бизнесом и оценке бэклога;   Демонстрация разработанного функционала пользователям.   Требования:   Высшее техническое образование;   Опыт тестирования от 2 лет;   Знание языков программирования (в приоритете Java);   Знание процесса тестирования и разработки программного обеспечения;   Опыт разработки автотестов (с использованием Cucumber, Selenide, Gherkin);   Общее понимание HTTP, REST, JSON, XML, Web Service;   SQL на уровне написания запросов с использованием JOIN;   Опыт интеграционного тестирования;   Быть ответственным не только за то, что делаешь сам, но и за командную работу;   Быть готовым принимать challenge;   Опыт работы с git, JIRA, Confluence;   Участие в работах по автоматизации тестирования в Scrum командах;   Опыт улучшения фреймворка автотестирования;   Опыт работы в команде по гибким методологиям (Agile; Scrum);   Опыт работы с CI/CD (Bamboo);   Знание языков программирования Groovy, Kotlin.   Условия:  Гибкое начало рабочего дня; Сейчас мы работаем преимущественно удаленно (мы работаем в формате гидрида, возможна полная удаленка); У тебя будет расширенная страховка почти во всех клиниках Москвы от Росгосстрах (со стоматологией, телемедициной), есть ежегодные чек-апы, можно повысить уровень страховки; Ты сможешь бесплатно тренироваться в нашем спортзале, либо ты можешь выбрать другой фитнес зал с большой скидкой от raiffeisen primezone (например, world class); У нас отличная столовая с завтраками, обедами и ужинами, оборудованные кухни, кофе бар; У тебя есть возможность повышать свой уровень - есть компенсация курсов на coursera, udemy; Мы посещаем различные конференции и наши сотрудники выступают на крупных мероприятиях (например, Joker); Можно подключиться к корпоративной библиотеке MyBook, воспользоваться Premium от Wikium; Есть возможность изучения иностранных языков с хорошей скидкой; Подключение к платформе &quot;Понимаю&quot;; Мы предоставляем страхование (в путешествиях, от несчастных случаев и др.). "
Android Developer (Java \ Kotlin \ Flutter) / Разработчик мобильных приложений Android,https://hh.ru/applicant/vacancy_response?vacancyId=46415731,2021-07-21T13:59:48+0300,False,80000,,RUR,Нет опыта,Полный день,Java;Android;ООП;Java SE;,Инста Пермь,Пермь,"Обязанности:   Разработка и сопровождение мобильных приложений под Android   Разработка графических интерфейсов по готовому макету   Интеграция с внутренними и внешними сервисами   Требования:   Знание одного или нескольких языков программирования Java / Kotlin / Flutter   Знание шаблонов проектирования, владение ООП   Знание классических алгоритмов и структур данных   Понимание принципов построения правильного UX/UI   Знание и понимание архитектуры Android   Опыт распределенной разработки (работа с Git)   Понимание архитектуры REST, GraphQL   Понимание принципов работы протоколов TCP/UDP/HTTP(S), WebSocket   Знание основ Multithreading &amp; Concurrency   Минимум одно выпущенное приложение в каталоге приложений или проект, готовый к выпуску   Будет плюсом:   Опыт разработки мобильных приложений на iOS (Swift)   Опыт работы с макетами в Adobe XD   Знакомство с Gradle   Умение выполнять реверсинг приложения   Опыт в профилировании и оптимизации приложений   Знание методик автоматизированного тестирования   Необходимые качества:   Желание работать в команде и создавать эффективные продукты   Умение общаться с людьми   Ответственность   Инициативность   Желание развиваться   Условия:   Работа в крупной международной финтех компании   Оформление согласно ТК РФ   Интересные проекты   Возможность развития  "
Инженер по автоматизации тестирования Android (Kotlin),https://hh.ru/applicant/vacancy_response?vacancyId=46306108,2021-07-20T10:33:16+0300,False,,,,От 1 года до 3 лет,Полный день,Git;Atlassian Jira;Python;Linux;SQL;ООП;HTTP;Android;Kotlin;Java;,ivi,Москва,"Мы ищем инженера по автоматизации на платформу Android.В нашей работе мы используем Kotlin, UI Automator, JUnit, Allure, Mitmproxy, Flask, Docker, Jenkins и Gitlab. Разрабатываем собственные инструменты для тестирования, например, для генерации тестовых данных и состояний. Тестовую инфраструктуру разворачиваем на тестовых кластерах.Мы придерживаемся высоких стандартов качества кода. Работая в команде крутых специалистов, вы сможете заниматься не только задачами платформы Android, но и обмениваться опытом с автоматизаторами других платформ (iOS, Web и SmartTV), а также работать над общими библиотеками.Обязанности:  Автоматизация функциональных и интеграционных тестов Android-приложений (ivi для мобильных устройств и Android TV, детского приложения ivi); Поддержка и доработка существующих фреймворков клиентского тестирования; Разработка архитектурных тестовых решений.  Требования:  Знание теории тестирования ПО; Умение тестировать (составление тест-кейсов, структурный подход к планированию тестирования); Опыт работы с *nix системами (Linux); Знание bash/zsh на уровне пользователя (cd, mkdir, vim, grep, tail и т.п.); Опыт программирования на любом из объектно-ориентированных языков программирования (Python, Java, Kotlin, C#, Swift); Общее понятие о том, как работает клиент-серверные мобильные приложения: что такое DNS, HTTP(S), JSON, RESTful-сервисы; Опыт работы с Appium, UI Automator или Espresso; Инициативность и самостоятельность.  Будет плюсом:  Опыт написания автотестов в стеке python+pytest (часть вспомогательных инструментов написана на Python, Golang и Kotlin); Знание git (checkout, branch, commit, push, pull, rebase, merge); Знание SQL (например, вы знаете как выбрать последнюю запись из таблицы); Понимание работы WebDriverAgent; Опыт создания моков внешних систем; Опыт работы с Jenkins/GitlabCI; Опыт работы с Docker; Опыт работы в Jira и Confluence.  Мы предлагаем:  Возможность получить уникальный опыт в онлайн-кинотеатре №1 в России и СНГ; Развитую культура лидерства - мы всегда рады обсудить и реализовать классные идеи; Конкурентная заработная плата по результатам собеседования, трудоустройство по ТК РФ; Офис в шаговой доступности от станций метро Дмитровская, Савеловская; Гибкое начало рабочего дня: мы начинаем до 11 часов; ДМС со стоматологией после прохождения испытательного срока + страховка для выезда за рубеж; Обучение и митапы внутри компании, а также профессиональные курсы, тренинги и участие в конференциях; Подписку на ivi; Пакет релокации.  Еще немного о нас:  Мы работаем в современном комфортном офисе, где есть зона отдыха, пинг-понг, настольный футбол и даже свой кинотеатр; В ivi можно найти друзей по интересам - у нас работают музыканты, спортсмены, игроманы, киноманы и т.д.; Мы проводим крутые корпоративы и не только: мы часто собираемся, чтобы отметить важные для нас даты или просто хорошо провести свободное время. "
Teamlead Java/Kotlin в «СофтТелематику»,https://hh.ru/applicant/vacancy_response?vacancyId=45385860,2021-07-09T19:37:08+0300,False,,,,Более 6 лет,Полный день,PostgreSQL;Gradle;Spring Framework;Kotlin;Git;Java;MongoDB;Kafka;Spring;Microservices;Backend;RabbitMQ;NoSQL;Teamleading;,Национальные телематические системы,Москва,"СофтТелематика — российский разработчик интеллектуальных телематических систем и транспортно-логистических платформ.  Разрабатываем и внедряем системы взимания платы на автомобильных дорогах классического барьерного типа и типа «Свободный поток». Кроме того, мы разрабатываем интеллектуальные системы мониторинга и прогнозирования, автоматизируем деятельность больших государственных структур. Наши интеллектуальные системы управления дорожным движением и сервисы для мониторинга транзитных перевозок успешно внедряются как в России, так и в зарубежных странах (Индия, Индонезия, Китай).  Что делает наша команда?  создает средства управления клиентами, тарифами, счетами и операциями клиентов; занимается разработкой интеллектуальных систем мониторинга и прогнозирования; интегрирует платформы с внешними системами и различным периферийным оборудованием.  Инструменты и стек:  fw: Spring, Spring Cloud, ktor, jooq, Exposed inf: Docker, git, gitlab, gradle, consul db: postgresql, mysql, mongodb, redis mq: rabbitmq, kafka etc: itext, sql, kotlinx.html, rsocket, Spring Security, Websocket  Особенности: микросервисная архитектура. Еще у нас терабайты данных и сложная бизнес логика, которая обслуживает эти данные. Поэтому пристальное внимание уделяем стабильности, скорости и слаженности работы сервисов и подсистем. Мы подойдем друг другу, если ты:  кодишь на Java не менее 4 лет, идеально - если есть опыт с Kotlin; управлял небольшой командой, распределял задачи, организовывал кодревью; имеешь коммерческий опыт работы с экосистемой spring; хорошо знаешь SQL, работал с Postgres и NoSql базами; проектировал микросервисы, работал с RabbitMq или с Kafka; знаком с подходами к построению распределенных систем (базовое понимание RPC vs Messaging, Event Sourcing, CQRS, etc); много учишься и применяешь новые знания на практике.  Если ты кодил на Java, готов переходить на Kotlin и есть желание развиваться в этом направлении - мы готовы общаться :) Что у нас есть:  зарплата в рынке (и регулярно пересматривается), уровень дохода обсуждаем в зависимости от компетенций; комфорт: нет бюрократии, проводим собеседование в 1 этап и быстро даем фидбек, гибкое начало рабочего дня (можно хоть в 11) и нет дресскода; развитие: нетривиальные и сложные задачи, интересные митапы и конференции; забота: докупаем нужную технику для работы, даем дополнительные 3 дня к отпуску и расширенный пакет ДМС; адекватное руководство, открытое к диалогу; удобный офис (7 минут от метро Савеловская). "
Java developer (Kotlin),https://hh.ru/applicant/vacancy_response?vacancyId=46376576,2021-07-20T13:06:06+0300,False,,280000,RUR,От 1 года до 3 лет,Полный день,Kotlin;Java;AWS;PostgreSQL;Kafka;,Andersen,Казань,"Международная аутсорсинговая IT - компания Andersen приглашает к сотрудничеству Java разработчика для работы над масштабным проектом нашего партнера из России! Наш заказчик - компания в РФ, которая предлагает уникальное приложение для мобильного банкинга и уникальную платформу цифрового инвестирования в одном - платежи, переводы, мультивалютные счета для поездок, отчеты о расходах, разделенные счета, а также возможность инвестировать в международные акции, ETF и криптовалюту. Мы приглашаем Вас присоединиться к проекту разработки мобильного приложения по управлению личными финансами со смартфона. Уже реализована возможность трейдинга. Сейчас ведется активная разработка инвест - ленты, в которой будут собраны инвестиционные новости, твиты инфлуенсеров и авторские статьи. Планируется внедрение рекомендательного сервиса по существующим тенденциям рынка. Стек: Kotlin, Docker / Kubernetes, PostgreSQL, Redis, Kafka, AWS (Istio, Helm). Чем предстоит заниматься:   разработка нового продукта с нуля;   взаимодействие с командой аналитиков для успешной реализации поставленных задач;   построение архитектуры серверных сервисов, внедрение новых технических решений в проект;   разработка технических решений от MVP до промышленной инфраструктуры, обеспечивающих надежную работу и масштабирование нагрузки.   Каким мы видим подходящего кандидата:   коммерческий опыт разработки на Java от 2-х лет;   знания kotlin;   понимание Docker/Kubernetes;   практический опыт работы с СУБД PostgreSQL, Redis;   навыки работы с AWS;   знание Apache Kafka;   знание принципов и шаблонов проектирования, умение обосновать свою точку зрения;   опыт работы с системами контроля версий (Git).   Нашим сотрудникам мы предлагаем:   опыт работы в команде с лидерами в FinTech, Healthcare, Retail, Telecom и других. Среди наших текущих клиентов Siemens, TUI, Новый банк развития и более 20 других классных банков и финтех компаний, J&amp;J и другие.   возможность сменить проект и/или развить экспертизу в интересном для тебя бизнес-домене;   свободный релокейт между офисами компании - 14 офисов в 4 странах;   работа где угодно - можно работать как удаленно, так и из офиса или же гибридная модель с 3 днями в офисе и 2 дня в неделю из дома;   гарантия профессионального, финансового и карьерного роста! В компании внедрены системы менторства и адаптации для каждого нового сотрудника, что позволит максимально комфортно и быстро влиться в коллектив и работу, а прозрачные системы performance review и assessment позволят определиться с путями развития в компании и спланировать свой рост;   возможность дополнительно заработать до 1500 USD в месяц, участвуя в активностях компании - на выбор 8 вариантов;   доступ к корпоративному обучающему порталу, где собран весь knowledge base компании и который постоянно обновляется. В нем можно пройти курсы на интересные для тебя темы: искусство переговоров, управление проектами, машинное обучение и анализ данных, курсы обучения практикам DevOps, языкам программирования, cloud-сервисам и др.;   возможность пообщаться с такими людьми как Александр Фридман, Сергей Гуриев, Екатерина Шульман на корпоративных мероприятиях - мы регулярно приглашаем гостей, встречи с которыми дают новую пищу для ума;   изучение английского языка прямо в офисе или online;   медицинское страхование со стоматологией;   компенсацию стоимости спортивных абонементов;   ну и, конечно, яркую корпоративную жизнь.  "
Backend / Fullstack разработчик Kotlin / Java,https://hh.ru/applicant/vacancy_response?vacancyId=45857402,2021-07-19T13:12:08+0300,False,40000,150000,RUR,От 3 до 6 лет,Удаленная работа,Kotlin;Java;Базы данных;Spring;Exposed;SQL;Intellij IDEA;Git;Gradle;HTTP;HTTPS;,Цифровые Контрольные Технологии,Ростов-на-Дону,"Наша компания один из лучших в РФ разработчиков-интеграторов в области транспортной логистики и YMS-систем. Нам уже более 10 лет, мы постоянно растём. Наши продукты имеют высокую ценность для заказчиков и уверенно покарают все новые и новые в отрасли экономики. Наши комплексные продукты работают более чем у 100 крупнейших Российских предприятий. Наши решения за последний год сэкономили нашим заказчикам более 1 миллиарда рублей. Мы победитель и участник многих Российских и Международных конкурсов и выставок. Мы являемся членом Торгово-промышленной палаты Ростовской области и Торгово-промышленной палаты РФ Мы входим в Российскую Ассоциацию разработчиков ПО «Отечественный софт».   Сейчас нам требуются крутые Backend и Fullstack разработчики Kotlin / Java на разработку нового продукта. Мы готовы предложить гибкий график работы, систему оплаты соответствующую Вашему уровню, а также премии по результатам проекта.   Обязанности:  Разработка backend Разработка функциональных модулей и подсистем Документирование кода Контроль версий кода Тестирование Исправление ошибок    Необходимые навыки: Для уровня SENIOR потребуются следующие обязательные знания и навыки  Знание ООП Теория алгоритмов Реляционная модель данных (РМД) Паттерны проектирования Язык программирования KOTLIN Протоколы - HTTP, HTTPS, SSL Инструменты разработки IntelliJ IDEA, Git, Gradle Серверные решения на Java/Kotlin, с применением библиотеки Spring Библиотеки и фреймворки Spring, Exposed Библиотеки сериализации: Jackson, Gson, kotlin-serialization Тестирование ПО    Для уровня MIDDLE потребуются следующие знания и навыки Обязательно знать:  Знание ООП Паттерны проектирования Язык программирования KOTLIN Библиотеки и фреймворки Spring, Exposed Библиотеки сериализации: Jackson, Gson, kotlin-serialization Тестирование ПО.  Желательно знать:  Теория алгоритмов Реляционная модель данных (РМД) Протоколы - HTTP, HTTPS, SSL Инструменты разработки IntelliJ IDEA, Git, Gradle Серверные решения на Java/Kotlin, с применением библиотеки Spring    Для уровня JUNIOR потребуются следующие знания и навыки Обязательно знать:  Знание ООП Язык программирования KOTLIN  Желательно знать:  Паттерны проектирования Библиотеки и фреймворки Spring, Exposed Библиотеки сериализации: Jackson, Gson, kotlin-serialization Тестирование ПО. Теория алгоритмов Реляционная модель данных (РМД Протоколы - HTTP, HTTPS, SSL Инструменты разработки IntelliJ IDEA, Git, Gradle Серверные решения на Java/Kotlin, с применением библиотеки Spring    Требования:  Опыт разработки на Kotlin/Java. Желателен опыт разработки серверных решений. Опыт работы в команде разработчиков Ответственность    Желателен опыт работы: 1. Опыт работы с инструментами: IntelliJ IDEA, Git, Gradle; 2. Опыт работы с протоколами: HTTP, HTTPS, SSL.   Условия: 1. Достойная оплата труда: Junior – 40-50 тыс. Midl – 60-80 тыс. Senior - 80-150 тыс. *Уровень оплаты определяется индивидуально исходя из уровня кандидата * Если вы супер классный специалист и прекрасно покажите себя во время испытательного срока, то в этом случае мы сможем определить для Вас индивидуальные условия оплаты 2. Хороший коллектив; 3. Оформление по ТК; 4. Возможности карьерного роста; 5. Приятные бонусы от компании и полный соц.пакет; 6. Хороший кофе в офисе"
"Ведущий разработчик Android, Kotlin (он-лайн кинотеатр KION для МТС Авто)",https://hh.ru/applicant/vacancy_response?vacancyId=45405891,2021-07-09T14:33:30+0300,False,,,,От 3 до 6 лет,Полный день,Android;kotlin;,МТС,Москва,"В нашей компании активно развивается проект бортового компьютера для автомобиля, с сервисами Яндекса и МТС МТС | Яндекс Авто — это готовое решение для автомобиля, в котором уже есть все необходимые в дороге сервисы с единым интерфейсом и голосовым управлением: это карты, навигатор, интернет-браузер, приложения для прослушивания музыки, радио и просмотра ТВ и кино. Мы расширяемся, и с каждым днем делаем наше приложение все лучше и лучше. Сейчас в нашу команду требуются Разработчики Android уровня middle+ и senior, для разработки онлайн кинотеатра МТС ТВ (в Google Play) для МТС Авто. В нашей компании возможна полностью удаленная работа, поэтому мы с радостью рассмотрим кандидатов из других стран и городов. Если хочется ощутить дух стартапа, в лучших его проявлениях (молодая динамичная команда, увлеченная проектом, дружеская атмосфера в коллективе и доверительное отношение с руководством, гибкость), с техническими возможностями большой компании и поучаствовать в создании большого, интересного и современного проекта- welcome! Чем придется заниматься:  Разработка приложения KION для МТС Авто.  От вас ожидаем:  Опыта коммерческой разработки приложений под Android от 3-х лет; Уверенного знания Kotlin; Знания стандартных фреймворков RxJava2, Retrofit, Dagger2, Room, Coroutines Опыта работы с Clean Architecture, MVP, MVVM; Знания принципов SOLID, GRASP, паттернов GOF; Знание сетевых протоколов и технологий (HTTP(S), REST API, JSON); Опыта реализации приложений с поддержкой широкого спектра устройств.  Что готовы предложить:  Светлый офис на ст. м. Технопарк, в 5-ти минутах ходьбы от метро, в Бизнес-центре &quot;Декарт&quot; класса Б+. Возможна удаленная работа (часть команды из других регионов); Белая заработная плата + полугодовые премии; Официальное оформление по ТК РФ с 1 дня; Соцпакет включающий ДМС со стоматологией, скидки на фитнес и бассейн, и скидки на английский от платформы SkyEng; Гибкое начало рабочего дня; Мы стремимся свести рутину к минимуму благодаря современным проектным методологиям (работаем по Scrum) и инструментам разработки; У нас есть DevOps инженеры, отвечающие за настройку CI/CD цикла; Профессиональный рост и возможность внутреннего и внешнего обучения; Дружный и профессиональный коллектив; Для работы выдается современная техника (Apple MacBook pro и монитор), в том числе и удаленным сотрудникам. "
Back-end разработчик (Kotlin),https://hh.ru/applicant/vacancy_response?vacancyId=44893799,2021-07-20T10:05:35+0300,False,,,,От 1 года до 3 лет,Удаленная работа,Java;Kotlin;Postgres;Spring Boot;REST;SQL;Angular;Docker;Apache Kafka;,Surf,Москва,"О нас: Мы — Surf, входим в ТОП-10 мобильных разработчиков России. Нас уже 150 и будет ещё больше! Вместе мы будем разрабатывать крутые мобильные приложения и решения с применением искусственного интеллекта. В нашем портфеле более 100 проектов. Ими пользуются миллионы, возможно, ты тоже! KFC, Магнит, Додо Пицца, Лабиринт, Ламода, Деливери клаб, Росбанк, UniCredit Банк и многие др. Мы всегда на волне всех технологических новинок, изучаем новые подходы и прокачиваем себя: выступаем на конференциях, организуем GDG-митапы и Google Dev Fest. Ценим свободу, атмосферу в команде, уважаем друг друга и сводим бюрократию к минимуму. Если ты тоже, присоединяйся! Стек типичного проекта: Kotlin, PostgresDB, Spring Boot, микросервисы Что нужно делать: — Разрабатывать серверную часть веб приложений— Дорабатывать существующие сервисы (гарантия полного отсутствия legacy)— Взаимодействовать с командой фронтэнд, дизайнеров, devops Что нужно от тебя: — Опыт разработки на Java 8+ или Kotlin от 2 лет— Умение писать аккуратный и читаемый код, а также разбираться в чужом коде— Умение пользоваться системами контроля версий— Опыт проектирования и разработки ПО с использованием Spring/Spring Boot фреймворка и его составляющих: Spring Security, — Spring MVC, Spring Data— Опыт разработки веб-приложений, понимание REST— Знание SQL и принципов работы реляционных БД (на уровене написания простых SELECT скриптов)— Понимание, для чего нужно тестирование. Написание юнит и интеграционных тестов Будет плюсом:  Опыт работы на Linux Знание Docker, Kubernetes Знание Gradle, Liquibase (или Flyway) Опыт работы с Apache Kafka  Условия работы: — Возможность удаленной работы из любой точки планеты и гибкий график— Официальное трудоустройство по ТК РФ— Достойная заработная плата (оговаривается с успешным кандидатом индивидуально и растёт вместе с его квалификацией)— Команда профессионалов и совместная работа в интересных проектах— Обучение и развитие: поездки на конференции (как слушателем, так и спикером), внутренние лекции, профессиональные курсы, стажировка, возможность сертификации— Отсутствие бюрократии и застоя, хорошо автоматизированные процессы: Jira, Slack, CI/CD, регулярные собрания отделов для обмена опытом— Бонусы и проектные премии— Совместные походы, поездки, вечеринки и просмотры сериалов в классной компании"
Performance Engineer in Kotlin/Wasm Compiler,https://hh.ru/applicant/vacancy_response?vacancyId=43855883,2021-07-19T19:06:49+0300,False,250000,,RUR,От 3 до 6 лет,Полный день,,JetBrains,Новосибирск,"Kotlin — современный язык программирования для платформ Java, Android, JavaScript и Native (LLVM). Первый релиз Kotlin вышел в 2016 году. Сейчас язык быстро набирает популярность. В частности, в 2019 году Google объявил Kotlin предпочтительным языком для разработки приложений под Android. Kotlin официально поддержали в Spring Framework 5, vert.x и Gradle. Kotlin/Wasm — это набор инструментов для компиляции программ на Kotlin в WebAssembly. Компилятор находится в активной разработке. Наша цель — создать набор инструментов, удовлетворяющий высоким требованиям разработки веб-приложений: быстрый отклик на изменения (быстрая компиляция), небольшой размер выходных файлов, хорошая интеграция с окружением. Присоединяйтесь к нам! Вам предстоит:   заниматься разработкой нового компилятора Kotlin/Wasm и сопутствующих инструментов;   работать над оптимизацией производительности компилятора и генерируемого им кода;   реализовывать новые возможности языка Kotlin, принимая активное участие в их дизайне.   Мы будем рады видеть вас в команде, если вы:   любите решать сложные задачи;   имеете опыт промышленной разработки от 4 лет;   занимались ранее постоянным/непрерывным анализом и улучшением производительности программ;   понимаете принципы работы компиляторов и/или методы статического анализа;   умеете проектировать и писать код, который легко читать и поддерживать;   знаете базовые алгоритмы и структуры данных;   хорошо работаете в команде.   И особенно, если вы:   уже разрабатывали на Java, Kotlin или других JVM-языках;   знакомы с WebAssembly;   имеете опыт построения инфраструктуры для постоянного/непрерывного анализа производительности программ;   принимали участие в Open Source проектах или работали над собственными проектами.   Работая над проектом, мы ориентируемся на прагматические ценности: удобство инструментария (IDE, инструментов сборки и т. д.), совместимость и поддерживаемость кода, легкость в изучении языка. Мы не гонимся за исследовательскими задачами — нам важно делать пользователей счастливее. Сейчас в проекте участвуют около ста высококлассных инженеров. Мы работаем в довольно быстром темпе, без бюрократии, не боимся экспериментов, очень ценим инициативу и изобретательность. У нас очень легковесный процесс разработки:   Sync-up meetings раз в неделю, pre-push review, автоматические функциональные тесты и continuous integration.   Разработчики общаются с пользователями напрямую — через YouTrack, форум и Slack.   Практически весь новый код пишется на Kotlin. При этом исторически существенная часть проекта написана на Java.   Проект размещен на GitHub под лицензией Apache 2.0.  "
Java/Kotlin разработчик (Senior),https://hh.ru/applicant/vacancy_response?vacancyId=46130564,2021-08-02T18:23:05+0300,False,260000,350000,RUR,От 3 до 6 лет,Удаленная работа,Git;Java;PostgreSQL;Английский язык;Unix;Software Development;Docker;Spring;Kubernetes;gRPC;Consul;Node.js;Redis;Spring Boot;Apache.Kafka;Spring Framework;Kotlin;,ZeroHub,Санкт-Петербург,"В компанию Zerohub требуется Java/Kotlin разработчик уровня Senior для участия в работе над собственными продуктами. Мы ищем талантливых, амбициозных профессионалов, готовых удивить рынок революционными решениями в сегменте финтех. Мы создаем не просто инструменты, а новую реальность управления финансами для людей и компаний, переосмысливая и оптимизируя бизнес-процессы и сценарии. Ожидаем от кандидата:  • Активная разработка на серверном Java/Kotlin в течение последних 3-4 лет• Знание фреймворка Spring• Умение писать чистый и понятный код• Опыт разработки масштабируемых приложений• Английский язык для чтения и написания документации Плюсом будет • Опыт создания нагруженных приложений• Вклад в Open source• Владение Unix shell и скриптовыми языками• Знание финтех специфики, опыт в реальных проектах Возможности • Интересные задачи по созданию крутого продукта• Работа в офисе в Калининграде, Киеве, Таллине или удаленно• Позитивная и продуктивная рабочая атмосфера• Использование последних технологий и фреймворков• Возможность взять перерыв в работе - по необходимости• Интересные командировки, участие в конференциях, хакатонах• Профессиональный рост Условия • Зарплата от 260 000 рублей (3500-4500 usd)• Бонусы• Ежегодная индексация з/п• Гибкий рабочий график• Белая з/п• Оплата отпускных и больничного листа Наш стэк • Java / Spring Boot• Golang• Nodejs• gRPC• Kubernetes• Apache.Kafka• PostgreSQL• Redis• Consul С нами интересно Zerohub участвует в становлении новой финансовой системы, где даже базовые операции получения и отправки активов качественно меняются. Появляются новые возможности, виды активов и способы их применения, а также модели монетизации сервисов, выгодные для всех участников процесса. Если тебе интересна эта область, с Zerohub тебе скучать не придется. Обещаем интересные задачи, новый опыт и поддержку команды."
Senior Java / Kotlin Developer,https://hh.ru/applicant/vacancy_response?vacancyId=46122741,2021-07-09T14:50:42+0300,False,320000,,RUR,Более 6 лет,Удаленная работа,Java;Spring Framework;Back-end;Unit Testing;,Солантек,Самара,"В компании Solanteq мы разрабатываем продукты, решающие задачи наших клиентов (это процессинговые компании и банки в России, в том числе из топ-10, и за рубежом) в финтех сфере, такие как:  Обработка транзакций по платежным картам (МПС Visa, MasterCard, Мир и другие). Осуществление интернет платежей, в частности мы являемся сертифицированным поставщиком 3D-Secure решений. Осуществление NFC-платежей (ApplePay, AndroidPay и MirPay). Запуск программ банковской и розничной лояльности. Управление терминалами, такими как POS-терминалы и банкоматы. Автоматизация тестирования банковских систем.  Задачи:  Разработка новых и развитие существующих бизнес-модулей системы. Проработка технический решений для обеспечения отказоустойчивости и масштабирования системы (в том числе работа в ген-распределенной инфраструктуре). Проработка архитектуры новых модулей системы и решений на базе продуктов компании. Участие в проектах по разработке и внедрению инновационных проектов в fintech области. Курирование младших разработчиков. Внедрение новых технологий и devops практик.  Требования к кандидатам:  Опыт коммерческой разработки back-end на Java от 5 лет. Опыт разработки распределенных систем. Опыт работы с Spring Framework. Опыт работы с *nix системами. Умение читать и понимать чужой код. Умение писать unit-тесты и понимание, зачем это нужно. Умение и желание работать в команде. Интерес к новым фреймворкам и технологиям. Желание разбираться в предметной области. Английский язык желательно. Опыт работы с PostgreSQL, Oracle (или другими классическими базами данных) будет плюсом.  Условия:  Активная разработка и возможность увидеть созданную с Вашим участием систему в проде. Дружелюбная, не бюрократизированная обстановка. Оформление по ТК. Возможность выбирать формат работы - удаленно или в комфортном офисе в Санкт-Петербурге (помогаем с релокацией). ДМС и страховка для путешественников.  Как всё устроено:  Кодовая база на Java 8+ (в новом коде используем фичи Java 11) и Kotlin. Хранение исходных кодов и код ревью в Self-Hosted GitLab. CI/CD на базе TeamCity. Использование AWS для внутренней инфраструктуры. Фреймворки и технологии (поддерживаем актуальные версии): Java 11, Spring 5, Hibernate, Infinispan, Mockito, PostgreSQL, RabbitMQ и так далее. "
Java/Kotlin разработчик,https://hh.ru/applicant/vacancy_response?vacancyId=42180517,2021-07-19T09:17:15+0300,False,,,,От 1 года до 3 лет,Полный день,Java;Git;Java SE;SQL;Apache Maven;,Тинькофф,Краснодар,"Команда внутренней разработки Tinkoff.ru отвечает за разработку собственных IT-систем. Нашими заказчиками являются, как наши коллеги, так и клиенты банка, для которых мы разрабатываем уникальные технические решения. Интересных задач больше, чем нас, поэтому мы постоянно растем и ищем талантливых разработчиков, готовых расти вместе с нами Стек технологий: Spring Boot 2, Java SE 8, Kotlin Чем нужно будет заниматься  Разработкой нового функционала, и развитием существующего Участием в решении архитектурных вопросов Активным взаимодействием с заказчиками и командами разработки, тестирования, сопровождения  Что мы ждем от кандидата  Опыт программирования на Java от 1 года Опыт работы с Spring Навыки работы с базами данных, знание основ SQL Знания Git, Maven Аналитический склад ума Ориентированность на командную работу  Что мы предложим взамен  Профессиональное развитие: проводим митапы, тренинги и мастер-классы, огромная tech-библиотека в твоем распоряжении Компенсацию обедов или такси Заботу о здоровье: полис ДМС и страховка от несчастных случаев для тебя и льготные условия страхования для близких Компенсацию затрат на спорт: возвращаем 50% от стоимости абонемента Гибкий рабочий график с началом работы с 8:00 до 11:00 Достойную твоего профессионального уровня зарплату, размер обсудим на собеседовании "
Java/Kotlin-разработчик в Транспортную платформу,https://hh.ru/applicant/vacancy_response?vacancyId=44973786,2021-07-19T10:38:41+0300,False,,,,От 1 года до 3 лет,Полный день,Kotlin;Spring Framework;Docker;Java;Redis;Kafka;REST API;,Национальная система платежных карт,Москва,"Проект:Система транспортного предпроцессинга - это принципиально новая технологическая платформа, предоставляющая участникам набор сервисов для эффективной организации оплаты проезда, реализации гибкой тарифной политики и продажи билетов для всех категорий граждан, в том числе льготных, используя банковские карты. Мы создаем решение, которое позволит не только улучшить качество и доступность сервиса для пассажиров, но также снизит издержки и повысит прозрачность процессов функционирования общественного транспорта для участников. Команда и процессы:  Мы ориентированы на работу по адаптированному Скраму - используем только те артефакты, которые приносят пользу команде; Придерживаемся принципов продуктовой разработки: команда работает над фичей от проработки бизнес-идеи до вывода на прод; Полное доверие командам в принятии решений относительно архитектуры и технической реализации.  Технологический стек:Наша платформа основана на event-driven микросервисах и технологиях Kotlin, Spring Boot, Kafka, Redis, Pgsql, Docker, K8s, Helm, Ansible. Чем ты будешь заниматься:  Писать код; Участвовать в развитии архитектуры системы; Обеспечивать полный цикл разработки от анализа требований до внедрения продукта; Работать в тесном контакте с лояльными бизнес-заказчиками из других подразделений; Драйвить изменения, улучшать и переписывать модули системы (включая разработку собственных spring-starter&#39;s).  От тебя потребуется:  Отличные знания Core Java; Опыт разработки на Kotlin c использованием Spring Boot; Хорошие знания SQL и реляционных баз данных; Опыт работы с Redis; Опыт работы с REST API; Навыки работы с Docker/Kubernetes; Опыт промышленной командной разработки; Опыт работы с брокерами сообщений (Kafka, RabbitMQ); Навыки работы с фреймворками тестирования (JUnit, TestNG).  Будет здорово, если:  У тебя есть опыт работы c Jenkins, Nexus, Ansible, Docker, Git; Есть понимание принципов работы многопоточности в Java.  ЧТО У НАС ЕСТЬ:  Достойный уровень заработной платы + премии; Официальное трудоустройство, социальный пакет: ДМС со стоматологией с первого месяца работы, страхование от несчастных случаев и болезней, телемедицина, полис для выезжающих за рубеж, доплата по больничным листам до 20 дней в году, материальная помощь в особых случаях; Профессиональное развитие: обучение за счет компании, посещение профильных конференций, электронная библиотека; Корпоративная культура: командные виды спорта, корпоративные мероприятия, тимбилдинги, лектории; Комфортный офис в центре: тренажерный и спортивный залы, лаунж-зона, корпоративная столовая, микромаркеты, кухни с чаем, кофе и снеками на каждом этаже; Современные машины Core i7, 32 Гб RAM с двумя мониторами и возможностью выбора Windows/Linux; Стандартный график работы с гибким подходом (пока работаем удаленно). "
Java/Kotlin Senior Developer (Банк 131),https://hh.ru/applicant/vacancy_response?vacancyId=45373922,2021-07-07T16:44:57+0300,False,,,,От 3 до 6 лет,Удаленная работа,,FIX,Казань,"«Банк 131» ориентирован на тех, кто активно зарабатывает и тратит в интернете: от крупных компаний до индивидуальных предпринимателей и самозанятых. Банк поможет им упростить ведение бизнеса и финансовые транзакции по всему миру.У нас есть высокий уровень экспертизы в сфере FinTech, который мы хотим реализовать в создании максимально удобного и понятного банка будущего. Это амбициозный проект на важном этапе развития — став частью нашей команды, вы войдете в историю банкинга нового поколения. Основными задачами будут:  Разработка компонент инфраструктуры банка Участие в проектировании сервисов и подсистем банка Работа над улучшением производительности, надежности и отказоустойчивости сервисов банка  Необходимые профессиональные навыки:   Опыт разработки решений на Java/Kotlin   Опыт создания Web-приложений, понимание соответствующего стека технологий Java/Kotlin, знание протоколов TCP/IP, HTTP/HTTPS)   Знание устройства и правил функционирования JVM   Глубокое знание Java SE   Будет плюсом:   Хорошее понимание принципов работы операционных систем семейства Linux Опыт работы с NoSQL базами данных Глубокое знание шаблонов проектирования Понимание принципов Continuous Delivery Опыт работы в телекоммуникационной индустрии  Опыт разработки многопоточных высоконагруженных приложений   Опыт улучшения производительности Java/Kotlin решений   Взамен мы предлагаем:  Официальное оформление Достойный уровень дохода (обсуждается индивидуально) Уютный офис в центре города (парковка в наличии) Интересные задачи и работу в команде профессионалов Корпоративные праздники и мероприятия Корпоративную скидку на изучение английского языка от одной из крупнейших онлайн-школ Возможность удаленной работы Релокационный пакет для специалистов из других городов ДМС "
Java/Kotlin разработчик,https://hh.ru/applicant/vacancy_response?vacancyId=42179953,2021-07-19T09:17:38+0300,False,,,,От 1 года до 3 лет,Полный день,Java;Git;Java SE;SQL;Apache Maven;,Тинькофф,Ростов-на-Дону,"Команда внутренней разработки Tinkoff.ru отвечает за разработку собственных IT-систем. Нашими заказчиками являются, как наши коллеги, так и клиенты банка, для которых мы разрабатываем уникальные технические решения. Интересных задач больше, чем нас, поэтому мы постоянно растем и ищем талантливых разработчиков, готовых расти вместе с нами Стек технологий: Spring Boot 2, Java SE 8, Kotlin Чем нужно будет заниматься  Разработкой нового функционала, и развитием существующего Участием в решении архитектурных вопросов Активным взаимодействием с заказчиками и командами разработки, тестирования, сопровождения  Что мы ждем от кандидата  Опыт программирования на Java от 1 года Опыт работы с Spring Навыки работы с базами данных, знание основ SQL Знания Git, Maven Аналитический склад ума Ориентированность на командную работу  Что мы предложим взамен  Профессиональное развитие: проводим митапы, тренинги и мастер-классы, огромная tech-библиотека в твоем распоряжении Компенсацию обедов или такси Заботу о здоровье: полис ДМС и страховка от несчастных случаев для тебя и льготные условия страхования для близких Компенсацию затрат на спорт: возвращаем 50% от стоимости абонемента Гибкий рабочий график с началом работы с 8:00 до 11:00 Достойную твоего профессионального уровня зарплату, размер обсудим на собеседовании "
Java/Kotlin разработчик,https://hh.ru/applicant/vacancy_response?vacancyId=42180341,2021-07-19T09:17:25+0300,False,,,,От 1 года до 3 лет,Полный день,Java;Git;Java SE;SQL;Apache Maven;,Тинькофф,Сочи,"Команда внутренней разработки Tinkoff.ru отвечает за разработку собственных IT-систем. Нашими заказчиками являются, как наши коллеги, так и клиенты банка, для которых мы разрабатываем уникальные технические решения. Интересных задач больше, чем нас, поэтому мы постоянно растем и ищем талантливых разработчиков, готовых расти вместе с нами Стек технологий: Spring Boot 2, Java SE 8, Kotlin Чем нужно будет заниматься  Разработкой нового функционала, и развитием существующего Участием в решении архитектурных вопросов Активным взаимодействием с заказчиками и командами разработки, тестирования, сопровождения  Что мы ждем от кандидата  Опыт программирования на Java от 1 года Опыт работы с Spring Навыки работы с базами данных, знание основ SQL Знания Git, Maven Аналитический склад ума Ориентированность на командную работу  Что мы предложим взамен  Профессиональное развитие: проводим митапы, тренинги и мастер-классы, огромная tech-библиотека в твоем распоряжении Компенсацию обедов или такси Заботу о здоровье: полис ДМС и страховка от несчастных случаев для тебя и льготные условия страхования для близких Компенсацию затрат на спорт: возвращаем 50% от стоимости абонемента Гибкий рабочий график с началом работы с 8:00 до 11:00 Достойную твоего профессионального уровня зарплату, размер обсудим на собеседовании Помощь по релокации "
Middle Android Developer (Kotlin),https://hh.ru/applicant/vacancy_response?vacancyId=46055449,2021-07-07T14:42:50+0300,False,,,,От 1 года до 3 лет,Полный день,Работа в команде;Kotlin;Git;Android;Android SDK;,Стейл-Юг,Махачкала,"Стейл-Юг - динамично развивающаяся компания на российском рынке ИТ-услуг. Наши офисы располагаются в г. Москва и г. Махачкала Наши основные направления:Разработка ПО различной сложности и направленности, облачные сервисы, промышленный интернет вещей Обязанности:  Разработка и проектирование архитектуры приложения Разработка мобильных клиент-серверных приложений для высоко нагруженных сервисов Участие в отладке и тестировании приложения Поддержка всего жизненного цикла приложения (концепция, проектирование, тестирование, выпуск и поддержка)  Требования:  Опыт разработки Android-приложений от 1 года; Знание Kotlin; Знание Android SDK; Опыт разработки клиент-серверных приложений; Знание и понимание основных паттернов проектирования; Опыт работы с Git, знание git flow;  Плюсами будет:   Опыт командной разработки   Опыт работы с другими языками программирования   Условия:   График работы 5/2   Полностью белая заработная плата;  Комфортный офис в центре города Молодой, дружный коллектив Интересные задачи; "
Разработчик Android / Kotlin,https://hh.ru/applicant/vacancy_response?vacancyId=44871706,2021-07-19T13:39:16+0300,False,,,,От 1 года до 3 лет,Полный день,,Ростелеком Информационные Технологии,Краснодар,"ООО «РТК ИТ» - интегратор программных решений, оказывает полный комплекс услуг по разработке и внедрению программных решений, обеспечивающих развитие и повышение эффективности бизнеса ПАО «Ростелеком».Успешной работе компании способствует выбранная стратегия развития – курс на инновации, собственная экспертиза по всему спектру программных решений и аккумуляция интеллектуального потенциала лучших российских ИТ-специалистов.ООО «РТК ИТ» входит в группу компаний ПАО «Ростелеком», создано в 2014 году. Обязанности: ·Разработка мобильных приложений Требования: ·Образование Высшее техническое ·От года в области разработки мобильных приложений Знания в области: · Kotlin, Java · Android SDK · REST, JSON/XML · Знание ООП, паттернов проектирования (MVVM, MVP) · Опыт разработки клиент-серверных приложений · Наличие опубликованных проектов в Google Play · Приветствуется знание и опыт работы с фреймворками: Moxy, Cicerone, Retrofit, Dagger, Realm, RxJava Условия:  Работа в одной из ведущих компаний на российском рынке телекоммуникаций Работа в офисе или удаленно Полностью &quot;белая&quot; заработная плата: оклад + квартальная премия Молодой и дружный коллектив Офис в центре города Краснодар с удобной кухней, бесплатным кофе и печеньками Аэрохоккей, велопарковка, кикер, турник и Sony PlayStation ДМС после испытательного срока Программа &quot;Кафетерий льгот&quot; Расположение офиса: г. Краснодар, ул. Кубанская набережная 39 График работы с 08:00 до 17:00, Сб-Вс – выходные Командировки - редко "
"Middle,Senior, Team Lead Java/Kotlin Developer",https://hh.ru/applicant/vacancy_response?vacancyId=38810729,2021-07-19T12:28:04+0300,False,,,,От 1 года до 3 лет,Удаленная работа,,Бюджетные и Финансовые Технологии,Казань,"Компания &quot;Бюджетные и Финансовые Технологии&quot; - один из ведущих разработчиков прикладных решений для бизнеса и госсектора регионального и федерального уровня приглашает на работу на должность Middle,Senior, Team Lead Java/Kotlin Developer Мы предлагаем вам принять участие в разработке внутренней платформы ICE, упрощающей и значительно ускоряющей разработку прикладных проектов. На ней уже построено множество продуктов компании. Основной стек технологий, на которых базируется ICE - это JDK11, Kotlin, Spring boot, PostgreSQL, React. Некоторые модули платформы готовятся к выпуску в opensource. А можно попробовать свои силы в самих прикладных проектах, связанных с интеграциями, криптографией, управлением бизнес-процессами. Мы всегда готовы рассматривать для наших проектов новые и интересные технологии. Какие-то из них мы используем дальше, какие-то - нет. Но чтобы понять - обязательно нужно попробовать. Основной язык разработки - kotlin. Используется как для backend&#39;а так и для frontend&#39;а. Если у вас нет опыта работы с kotlin&#39;ом, но есть желание его попробовать - то welcome! Требования:  Знание Java/kotlin; Опыт работы с реляционными СУБД (желательно PostgreSQL); Опыт работы с основными фреймворками экосистемы Spring: Core, Boot, MVC; GIT; SOAP/REST; Gradle; Знание React или иных JS-фреймворков; Желание изучать новые технологии.  Будет плюсом:  Spring: Data, Security, Gateway, Websocket; Опыт работы с микросервисной архитектурой; Понимание принципов работы esb-систем, в частности с фреймворком camel; Docker; BPM Camunda; Брокеры (activeMQ, rabbitMQ, kafka); ELK; Прикладная криптография (cryptoPro CSP/JCP, cryptoPro plugin, общее понимание принципов работы); Oracle; Хорошее владение SQL; Знания и опыт в других технологиях, которые могут улучшить наши проекты.  Условия:  Возможность удаленной работы; Профессиональный коллектив, перспективы роста и развития; Корпоративное обучение, посещение конференций; Полное соблюдение ТК РФ, в т.ч. оплачиваемый отпуск (28 дней) и больничный лист; Премии и иные поощрения по итогам завершённых проектов или достигнутых результатов; Официальная заработная плата: фиксированный оклад+бонус; В офисах печеньки, чай и кофе, проведение различных праздничных мероприятий; Добровольное медицинское страхование (ДМС). "
Senior Java/Kotlin Developer,https://hh.ru/applicant/vacancy_response?vacancyId=45275660,2021-07-07T17:08:42+0300,False,,,,От 3 до 6 лет,Полный день,,Тинькофф,Казань,"Сейчас мы развиваем несколько сервисов в разных департаментах:Инвестиции. Строим уникальный и технологичный брокер в России. Сделали самый сложный финансовый продукт доступным и удобным для всех.Именно поэтому сейчас каждый 4-й счет на Московской бирже открывается через нас.SME. Меняем стандарты подхода к ведению бухгалтерии, обмену документами между организациями и работе с архивом — переводим все и вся в цифру.Страхование. Активно развиваем платформу прямых продаж. Наша главная цель – предсказуемый, удобный процесс для бизнеса и клиента.Платежные сервисы. Занимаемся разработкой и поддержкой платежного шлюза банка, определением типа платежа, наполнением его данными из других систем банка, проверкой разрешенности операции, проведением платежа в системах банка/контрагентах с соблюдением целостности операции.И это лишь часть проектов и направлений, которые мы можем предложить!На проектах используем: Java/Kotlin, Spring (Data/Web/Boot/Security), Hibernate, PostgreSQL, Maven, Gradle, TeamCity, Git и не только. Обязанности:  Участвовать в анализе, принимать архитектурные решения и писать код; Активно участвовать в рефакторинге кода и текущих процессов, проводить код-ревью; Доносить свои идеи по улучшению сервиса и процессов до команды; Проектирование архитектуры; Консультации аналитиков и разработчиков по текущей и целевой архитектуре решения; Выборочное ревью технических постановок задач; Продвигать внутри проекта и в смежных командах современные практики разработки ПО; Коммуникации с командами разработки смежных направлений, поиск компромисных решений; Активное участие в росте экспертизы Junior и Middle разработчиков в отделе; Подключение к командам разработки на период становления или существенного пересмотра архитектуры решения.  Требования:  Опыт проектирования корпоративных систем на микросервисной архитектуре с выводом в прод; Опыт решения задач интеграции с другими системами; Опыт разработки на Java 3+ года; Опыт работы в больших распределенных командах (10+ чел); Умение выстраивать эффективные коммуникации в коллективе; Плюсом будет опыт в проектировании и разработке высоконагруженных сервисов.  Мы предлагаем:  Достойную твоего профессионального уровня зарплату, размер обсудим на собеседовании; Современный офис класса А; Мощную технику на выбор (MAC/WIN); Заботу о здоровье: полис ДМС и страховку от несчастных случаев для тебя, а также льготные условия страхования для близких; Профессиональное развитие: проводим митапы, тренинги и мастер-классы; огромная tech-библиотека в твоем распоряжении; Компенсация на выбор: обедов или такси; Компенсация 50% на спорт; Скидка 30% на КАСКО в СК Тинькофф и другие специальные условия на продукты Тинькофф. "
Android (Kotlin) разработчик,https://hh.ru/applicant/vacancy_response?vacancyId=43165521,2021-07-15T12:44:43+0300,False,,170000,RUR,От 1 года до 3 лет,Удаленная работа,Git;Android;Kotlin;ООП;,HEADS and HANDS,Санкт-Петербург,"Heads and Hands – разработчик сложных web и мобильных сервисов. Мы приложили руки к таким приложениям как Lamoda, Ginza, Pandao, Doc+, сделали продукты для Samsung, Land Rover, Leroy Merlin. Работали с проектами Яндекс, ABBYY, Mail.Ru и Тинькофф Банк. Находимся в топ-5 мобильных разработчиков. Сейчас в работе более 50 проектов, количество растет и мы масштабируем команду.   Задачи в работе: • проектирование и разработка архитектуры мобильных приложений; • разработка кастомных компонентов; • верстка интерфейсов по дизайну из Figma, Zeplin; • разработка взаимодействия с API; • интеграции SDK сторонних сервисов;   Условия: • Удаленный формат, гибкий график. • Официальное оформление с первого дня, (оклад + ставка, суммы обсуждаемы). • Отлаженные процессы разработки, код-ревью от тимлида. • Работа над проектом в команде опытных программистов, QA, дизайнера и проджект-менеджера. Они всегда на связи и готовы помочь, если возникают трудности.   Требования: • Компетенции уверенного middle разработчика, а лучше senior. • Коммерческий опыт разработки под Android (и разговорный Kotlin) от 1 года. • Знание ООП, паттернов проектирования, основных алгоритмов и структур. • Понимание что такое и как работает HTTP(S), REST API. • Готовность работать в команде (Git / GitFlow, Jira / Redmine).   Эта вакансия для тебя, если: • Хочешь развиваться и делать действительно полезные приложения. • Любишь удаленный формат и работу на результат. • Ценишь командную работу и информативный фидбек от лидов. • Выбираешь компанию с четкими, грамотно выстроенными процессами.   Над вакансией работает HR и TL команд, укажи нам на актуальный пример твоего кода и познакомимся без тестового в один этап. До встречи!"
"Middle,Senior, Team Lead Java/Kotlin Developer",https://hh.ru/applicant/vacancy_response?vacancyId=40776135,2021-07-19T12:26:23+0300,False,,,,От 1 года до 3 лет,Полный день,,Бюджетные и Финансовые Технологии,Санкт-Петербург,"Компания &quot;Бюджетные и Финансовые Технологии&quot; - один из ведущих разработчиков прикладных решений для бизнеса и госсектора регионального и федерального уровня приглашает на работу на должность Middle,Senior, Team Lead Java/Kotlin Developer Мы предлагаем вам принять участие в разработке внутренней платформы ICE, упрощающей и значительно ускоряющей разработку прикладных проектов. На ней уже построено множество продуктов компании. Основной стек технологий, на которых базируется ICE - это JDK11, Kotlin, Spring boot, PostgreSQL, React. Некоторые модули платформы готовятся к выпуску в opensource. А можно попробовать свои силы в самих прикладных проектах, связанных с интеграциями, криптографией, управлением бизнес-процессами. Мы всегда готовы рассматривать для наших проектов новые и интересные технологии. Какие-то из них мы используем дальше, какие-то - нет. Но чтобы понять - обязательно нужно попробовать. Основной язык разработки - kotlin. Используется как для backend&#39;а так и для frontend&#39;а. Если у вас нет опыта работы с kotlin&#39;ом, но есть желание его попробовать - то welcome! Требования:  Знание Java/kotlin; Опыт работы с реляционными СУБД (желательно PostgreSQL); Опыт работы с основными фреймворками экосистемы Spring: Core, Boot, MVC; GIT; SOAP/REST; Gradle; Знание React или иных JS-фреймворков; Желание изучать новые технологии.  Будет плюсом:  Spring: Data, Security, Gateway, Websocket; Опыт работы с микросервисной архитектурой; Понимание принципов работы esb-систем, в частности с фреймворком camel; Docker; BPM Camunda; Брокеры (activeMQ, rabbitMQ, kafka); ELK; Прикладная криптография (cryptoPro CSP/JCP, cryptoPro plugin, общее понимание принципов работы); Oracle; Хорошее владение SQL; Знания и опыт в других технологиях, которые могут улучшить наши проекты.  Условия:  Возможность удаленной работы; Профессиональный коллектив, перспективы роста и развития; Корпоративное обучение, посещение конференций; Полное соблюдение ТК РФ, в т.ч. оплачиваемый отпуск (28 дней) и больничный лист; Премии и иные поощрения по итогам завершённых проектов или достигнутых результатов; Официальная заработная плата: фиксированный оклад+бонус; В офисах печеньки, чай и кофе, проведение различных праздничных мероприятий; Добровольное медицинское страхование (ДМС). "
Middle Java/Kotlin Developer,https://hh.ru/applicant/vacancy_response?vacancyId=45275674,2021-07-07T17:08:42+0300,False,,,,От 1 года до 3 лет,Полный день,,Тинькофф,Казань,"Сейчас мы развиваем несколько сервисов в разных департаментах:Инвестиции. Строим уникальный и технологичный брокер в России. Сделали самый сложный финансовый продукт доступным и удобным для всех.Именно поэтому сейчас каждый 4-й счет на Московской бирже открывается через нас.SME. Меняем стандарты подхода к ведению бухгалтерии, обмену документами между организациями и работе с архивом — переводим все и вся в цифру.Страхование. Активно развиваем платформу прямых продаж. Наша главная цель – предсказуемый, удобный процесс для бизнеса и клиента.Платежные сервисы. Занимаемся разработкой и поддержкой платежного шлюза банка, определением типа платежа, наполнением его данными из других систем банка, проверкой разрешенности операции, проведением платежа в системах банка/контрагентах с соблюдением целостности операции.И это лишь часть проектов и направлений, которые мы можем предложить!На проектах используем: Java/Kotlin, Spring (Data/Web/Boot/Security), Hibernate, PostgreSQL, Maven, Gradle, TeamCity, Git и не только. Обязанности:  Разработка нового функционала и развитие существующего; Проработка и реализация интеграционных решений; Разработка платформенных микросервисов; Выявление, анализ и локализация ошибок в работе систем; Участие в разработке интеграционных решений в рамках глобальной информационной инфраструктуры со смежными IT-системами (CRM-системы, DWH, Личный Кабинет); Участие в разработке под нужды тестирования и сопровождения; Активное взаимодействие с заказчиками и командами разработки, тестирования, сопровождения;  Требования:  Опыт программирования на Java от 2 лет; Опыт работы с Spring (Data/Web/Boot/Security); навыки работы с базами данных, знание основ SQL (PostgreSQL, Oracle); знания Git (Maven, Gradle); опыт написания тестов (юнитов или авто); работа с брокерами сообщений (ActiveMQ, RabbitMQ, IBM MQ).  Будет большим плюсом (но если что - научим):  опыт программирования на Kotlin; опыт работы с Kafka (+ Kafka Connect, Kafka Streams); опыт работы с NoSQL (Cassandra, Redis, Hazelcast, MongoDB, Couchbase); знание требований к современным распределенным, высоконагруженным приложениям; знание паттернов проектирования распределенных систем; опыт работы с любыми оркестраторами контейнеров (k8s, OpenShift, Rancher, Nomad, Docker Swarm); опыт администрирования СУБД (PostgreSQL, Cassandra).  Условия:  Достойную твоего профессионального уровня зарплату, размер обсудим на собеседовании; Современный офис класса А; Мощную технику на выбор (MAC/WIN); Заботу о здоровье: полис ДМС и страховку от несчастных случаев для тебя, а также льготные условия страхования для близких; Профессиональное развитие: проводим митапы, тренинги и мастер-классы; огромная tech-библиотека в твоем распоряжении; Компенсация на выбор: обедов или такси; Компенсация 50% на спорт; Скидка 30% на КАСКО в СК Тинькофф и другие специальные условия на продукты Тинькофф. "
Android (Kotlin) разработчик,https://hh.ru/applicant/vacancy_response?vacancyId=43165528,2021-07-15T12:46:15+0300,False,,170000,RUR,От 1 года до 3 лет,Удаленная работа,Git;Android;Kotlin;ООП;,HEADS and HANDS,Ростов-на-Дону,"Heads and Hands – разработчик сложных web и мобильных сервисов. Мы приложили руки к таким приложениям как Lamoda, Ginza, Pandao, Doc+, сделали продукты для Samsung, Land Rover, Leroy Merlin. Работали с проектами Яндекс, ABBYY, Mail.Ru и Тинькофф Банк. Находимся в топ-5 мобильных разработчиков. Сейчас в работе более 50 проектов, количество растет и мы масштабируем команду.   Задачи в работе: • проектирование и разработка архитектуры мобильных приложений; • разработка кастомных компонентов; • верстка интерфейсов по дизайну из Figma, Zeplin; • разработка взаимодействия с API; • интеграции SDK сторонних сервисов;   Условия: • Удаленный формат, гибкий график. • Официальное оформление с первого дня, (оклад + ставка, суммы обсуждаемы). • Отлаженные процессы разработки, код-ревью от тимлида. • Работа над проектом в команде опытных программистов, QA, дизайнера и проджект-менеджера. Они всегда на связи и готовы помочь, если возникают трудности.   Требования: • Компетенции уверенного middle разработчика, а лучше senior. • Коммерческий опыт разработки под Android (и разговорный Kotlin) от 1 года. • Знание ООП, паттернов проектирования, основных алгоритмов и структур. • Понимание что такое и как работает HTTP(S), REST API. • Готовность работать в команде (Git / GitFlow, Jira / Redmine).   Эта вакансия для тебя, если: • Хочешь развиваться и делать действительно полезные приложения. • Любишь удаленный формат и работу на результат. • Ценишь командную работу и информативный фидбек от лидов. • Выбираешь компанию с четкими, грамотно выстроенными процессами.   Над вакансией работает HR и TL команд, укажи нам на актуальный пример твоего кода и познакомимся без тестового в один этап. До встречи!"
Backend программист (Java / Kotlin),https://hh.ru/applicant/vacancy_response?vacancyId=42082374,2021-07-19T10:48:04+0300,False,,,,От 1 года до 3 лет,Полный день,,QIWI,Москва,"Чем ты будешь заниматься Ты будешь решать задачи разной сложности, находить решения для проблем возникающих у пользователей и партнеров. Ты будешь работать по Scrum в продуктовой команде состоящей из 3-8 разработчиков, владельца продукта и скрам-мастера. Будешь писать код на Kotlin и Java, возможно немного на Node.JS. Писать тесты на свой код и доводить решения до продакшена. Проводить ревью кода коллег, твой код тоже будут смотреть. Как понять что ты подходишь Очень важно чтобы ты был готов работать в команде, коммуницировать, помогать. Конечно очень большим плюсом будет опыт работы со стеком, похожим на наш. Но мы также ценим и владение общими инженерными практиками. Поэтому если у тебя есть опыт в другом стеке, но ты хочешь научиться новому, то приходи на собеседование. Наш стек:  Бэкенд - Kotlin, Java 11 и 13, Spring и Spring Boot. Есть проекты на Node.JS Фронтенд - Typescript/Javascript, React Инфраструктура - Docker, Kubernetes, TeamCity, Hashicorp Vault Базы данных - Oracle, PostgreSQL, Cassandra, Kafka, MongoDB, Redis.   Мы ждем что ты:   Умеешь придумывать решения для проблем, а не просто писать код по ТЗ   Развит всесторонне, постоянно ищешь новые знания о новых технологиях и языках   Имеешь опыт работы с Java и Spring Boot, особенно круто если еще и с Kotlin   Умеешь писать тесты на свой код, согласен что тесты это важно   Понимаешь что такое CI/CD, работал с какой-то из систем CI/CD   Работал с реляционными базами данных, Oracle и PostgreSQL будут плюсом     Мы предлагаем  Оформление по ТК РФ, &quot;белую” конкурентноспособную заработную плату, расширенный социальный пакет Уникальную атмосферу для продуктивной работы и развивающую среду, где можно найти единомышленников и научиться новому Команду экспертов, возможность самореализации, сложные и интересные задачи для тех, кто любит настоящие вызовы в работе Развитие – главный и постоянный тренд QIWI. Мы регулярно проводим внутреннее и внешнее обучение для прокачки профессиональных навыков Занятия английским языком в группах или индивидуально онлайн ДМС для наших сотрудников: в него входит большой перечень медицинских услуг, включая стоматологию. Уютный и современный офис, чтобы каждый человек чувствовал себя в QIWI, как дома Бесплатную крытую парковку для автомобилей и велосипедов "
Build Infrastructure Engineer (Kotlin Team),https://hh.ru/applicant/vacancy_response?vacancyId=44919794,2021-07-08T17:03:48+0300,False,,,,От 3 до 6 лет,Удаленная работа,,JetBrains,Санкт-Петербург,"Язык Kotlin в компании JetBrains разрабатывает большая команда (более 70 инженеров). Команда Kotlin Build Infrastructure берет на себя все инфраструктурные трудности и стремится к тому, чтобы developer experience в проекте был приятным и эффективным. В команде тебе предстоит заниматься:    Решением проблем с TeamCity конфигурациями и настройкой новых конфигураций;   Бороться с flaky-тестами на JVM и не только;   Оптимизацией и настройкой сборки в Gradle-проекте;   Администрирование физических и облачных (AWS) агентов для CI;   Улучшением релизного процесса;   Автоматизацией мониторинга ключевых показателей инфраструктуры;   Оптимизацией расходов на инфраструктуру в AWS.   … и другими возникающими инцидентами.   Сейчас в проекте активно используется следующий набор технологий: AWS (EC2, S3, VPC), Kotlin, Java, JVM Specific (concurrency, dead-locks, oom, class-loading, settings), TeamCity (with Kotlin DSL), Packer, Terraform, Gradle (with Kotlin DSL), vSphere, Docker, bash, Git, Compiler Design theory. Хотим видеть тебя в команде, если ты:   Имеешь опыт разработки на Java или Kotlin от 2 лет и знаешь специфику JVM;   Понимаешь, как работает код, который ты пишешь: как он исполняется и какие алгоритмы за ним стоят;   Готов заняться администрированием систем и автоматизировать задачи;   Умеешь работать в команде: открыт для других точек зрения и можешь аргументированно отстаивать свою позицию;   Не останавливаешься в развитии, изучаешь и пробуешь новые подходы и технологии;   Понимаешь устройство систем сборок и являешься уверенным пользователем Gradle или Maven;   Можешь вести переписку на английском языке.   И особенно если ты:   Уже имеешь экспертизу в используемых технологиях;   Имеешь опыт работы с разными операционными системами;   Знаешь как оптимизировать инфраструктуру;   Участвовал в open-source проектах или вёл собственный проект.  "
Android (Kotlin) разработчик,https://hh.ru/applicant/vacancy_response?vacancyId=43165522,2021-07-15T12:45:39+0300,False,,170000,RUR,От 1 года до 3 лет,Удаленная работа,Git;Android;Kotlin;ООП;,HEADS and HANDS,Екатеринбург,"Heads and Hands – разработчик сложных web и мобильных сервисов. Мы приложили руки к таким приложениям как Lamoda, Ginza, Pandao, Doc+, сделали продукты для Samsung, Land Rover, Leroy Merlin. Работали с проектами Яндекс, ABBYY, Mail.Ru и Тинькофф Банк. Находимся в топ-5 мобильных разработчиков. Сейчас в работе более 50 проектов, количество растет и мы масштабируем команду.   Задачи в работе: • проектирование и разработка архитектуры мобильных приложений; • разработка кастомных компонентов; • верстка интерфейсов по дизайну из Figma, Zeplin; • разработка взаимодействия с API; • интеграции SDK сторонних сервисов;   Условия: • Удаленный формат, гибкий график. • Официальное оформление с первого дня, (оклад + ставка, суммы обсуждаемы). • Отлаженные процессы разработки, код-ревью от тимлида. • Работа над проектом в команде опытных программистов, QA, дизайнера и проджект-менеджера. Они всегда на связи и готовы помочь, если возникают трудности.   Требования: • Компетенции уверенного middle разработчика, а лучше senior. • Коммерческий опыт разработки под Android (и разговорный Kotlin) от 1 года. • Знание ООП, паттернов проектирования, основных алгоритмов и структур. • Понимание что такое и как работает HTTP(S), REST API. • Готовность работать в команде (Git / GitFlow, Jira / Redmine).   Эта вакансия для тебя, если: • Хочешь развиваться и делать действительно полезные приложения. • Любишь удаленный формат и работу на результат. • Ценишь командную работу и информативный фидбек от лидов. • Выбираешь компанию с четкими, грамотно выстроенными процессами.   Над вакансией работает HR и TL команд, укажи нам на актуальный пример твоего кода и познакомимся без тестового в один этап. До встречи!"
"Middle,Senior, Team Lead Java/Kotlin Developer",https://hh.ru/applicant/vacancy_response?vacancyId=38810665,2021-07-19T12:26:21+0300,False,,,,От 1 года до 3 лет,Удаленная работа,,Бюджетные и Финансовые Технологии,Самара,"Компания &quot;Бюджетные и Финансовые Технологии&quot; - один из ведущих разработчиков прикладных решений для бизнеса и госсектора регионального и федерального уровня приглашает на работу на должность Middle,Senior, Team Lead Java/Kotlin Developer Мы предлагаем вам принять участие в разработке внутренней платформы ICE, упрощающей и значительно ускоряющей разработку прикладных проектов. На ней уже построено множество продуктов компании. Основной стек технологий, на которых базируется ICE - это JDK11, Kotlin, Spring boot, PostgreSQL, React. Некоторые модули платформы готовятся к выпуску в opensource. А можно попробовать свои силы в самих прикладных проектах, связанных с интеграциями, криптографией, управлением бизнес-процессами. Мы всегда готовы рассматривать для наших проектов новые и интересные технологии. Какие-то из них мы используем дальше, какие-то - нет. Но чтобы понять - обязательно нужно попробовать. Основной язык разработки - kotlin. Используется как для backend&#39;а так и для frontend&#39;а. Если у вас нет опыта работы с kotlin&#39;ом, но есть желание его попробовать - то welcome! Требования:  Знание Java/kotlin; Опыт работы с реляционными СУБД (желательно PostgreSQL); Опыт работы с основными фреймворками экосистемы Spring: Core, Boot, MVC; GIT; SOAP/REST; Gradle; Знание React или иных JS-фреймворков; Желание изучать новые технологии.  Будет плюсом:  Spring: Data, Security, Gateway, Websocket; Опыт работы с микросервисной архитектурой; Понимание принципов работы esb-систем, в частности с фреймворком camel; Docker; BPM Camunda; Брокеры (activeMQ, rabbitMQ, kafka); ELK; Прикладная криптография (cryptoPro CSP/JCP, cryptoPro plugin, общее понимание принципов работы); Oracle; Хорошее владение SQL; Знания и опыт в других технологиях, которые могут улучшить наши проекты.  Условия:  Возможность удаленной работы; Профессиональный коллектив, перспективы роста и развития; Корпоративное обучение, посещение конференций; Полное соблюдение ТК РФ, в т.ч. оплачиваемый отпуск (28 дней) и больничный лист; Премии и иные поощрения по итогам завершённых проектов или достигнутых результатов; Официальная заработная плата: фиксированный оклад+бонус; В офисах печеньки, чай и кофе, проведение различных праздничных мероприятий; Добровольное медицинское страхование (ДМС). "
Java/Kotlin разработчик (Senior),https://hh.ru/applicant/vacancy_response?vacancyId=46130466,2021-08-02T18:19:53+0300,False,260000,350000,RUR,От 3 до 6 лет,Удаленная работа,Git;Java;PostgreSQL;Английский язык;Unix;Software Development;Docker;Spring;Kubernetes;gRPC;Consul;Node.js;Redis;Spring boot;Apache.Kafka;Spring Framework;Kotlin;,ZeroHub,Москва,"В компанию Zerohub требуется Java/Kotlin разработчик уровня Senior для участия в работе над собственными продуктами. Мы ищем талантливых, амбициозных профессионалов, готовых удивить рынок революционными решениями в сегменте финтех. Мы создаем не просто инструменты, а новую реальность управления финансами для людей и компаний, переосмысливая и оптимизируя бизнес-процессы и сценарии. Ожидаем от кандидата:  • Активная разработка на серверном Java/Kotlin в течение последних 3-4 лет• Знание фреймворка Spring• Умение писать чистый и понятный код• Опыт разработки масштабируемых приложений• Английский язык для чтения и написания документации Плюсом будет • Опыт создания нагруженных приложений• Вклад в Open source• Владение Unix shell и скриптовыми языками• Знание финтех специфики, опыт в реальных проектах Возможности • Интересные задачи по созданию крутого продукта• Работа в офисе в Калининграде, Киеве, Таллине или удаленно• Позитивная и продуктивная рабочая атмосфера• Использование последних технологий и фреймворков• Возможность взять перерыв в работе - по необходимости• Интересные командировки, участие в конференциях, хакатонах• Профессиональный рост Условия • Зарплата от 260 000 рублей (3500-4500 usd)• Бонусы• Ежегодная индексация з/п• Гибкий рабочий график• Белая з/п• Оплата отпускных и больничного листа Наш стэк • Java / Spring Boot• Golang• Nodejs• gRPC• Kubernetes• Apache.Kafka• PostgreSQL• Redis• Consul С нами интересно Zerohub участвует в становлении новой финансовой системы, где даже базовые операции получения и отправки активов качественно меняются. Появляются новые возможности, виды активов и способы их применения, а также модели монетизации сервисов, выгодные для всех участников процесса. Если тебе интересна эта область, с Zerohub тебе скучать не придется. Обещаем интересные задачи, новый опыт и поддержку команды."
Lead Backend Developer (Kotlin/ Java),https://hh.ru/applicant/vacancy_response?vacancyId=37819193,2021-07-06T19:20:25+0300,False,,,,От 3 до 6 лет,Полный день,Java;микросервисы;Kotlin;,Самокат (ООО Умное пространство),Санкт-Петербург,"Что мы делаем: Команда разработки Самокат обеспечивает наши операции эффективными инструментами (сервисами), которые делают наш процесс работы удобным, быстрым и эффективным. Мы говорим о таких направлениях как логистика, управление ассортиментом, предоставление каталога товаров, прием и оплата заказа, управление курьерами и работой склада. Все эти направления требуют сложных и технологических решений, которые мы сейчас разрабатываем. Задачи: Вашей основной задачей в этой роли будет разработка и выстраивание архитектуры backend в одном из продуктов компании. Эта роль не управленца, а ведущего разработчика, готового декомпозировать и ставить таски, менторить будущую команду с технологической точки зрения. Что у нас есть:  Продуктовые кроссфункциональные команды, включающие руководителя продукта, дизайнеров, разработчиков и тестировщиков. Сложная многокомпонентная система на основе микросервисной архитектуры. Мы используем Kotlin в продакшене. Сервисы на Kotlin с использованием Spring framework. Хранение данных в PostgreSQL/Redis. Kafka для обмена сообщениями. Kubernetes и GitLab для CI/CD. Grafana и Prometheus, EFK для организации мониторинга.  Наши ожидания:  Вам нравится работать на стыке офлайна и онлайна, видеть, как написанный вами код приводит к реальным изменениям в физическом мире. Вы любите раскладывать сложные процессы на простые компоненты и взаимодействия между ними. Вы привыкли, что зона ответственности не заканчивается на этапе работающего кода. Вы уже управляли командой backend разработчиков, организовывали внутренние процессы и несли ответственность не только за свои результаты, но и за работу других людей. У вас есть опыт коммерческой разработки от 3-х лет Java или Kotlin (готовы рассматривать кандидатов с разным опытом). Вам приходилось организовывать оптимальное хранение данных, понимаете разницу между реляционными и нереляционными БД. У вас есть опыт построения высконагруженных, отказоустойчивых сервисов с использованием микросервисной архитектуры.  Условия работы:  Зарплата, которой вы достойны =). Мы не измеряем людей бюджетами и, если мы решим, что нам будет интересно работать вместе, то мы 100% договоримся о деньгах. Соблюдение ТК РФ и, конечно же, белая заработная плата. Удаленная работа на время карантина, а в будущем возможность работать с частичным посещением офиса в Питере или в Москве (Ясная поляна или Трехгорная мануфактура). ДМС после прохождения испытательного срока. "
Android (Kotlin) разработчик,https://hh.ru/applicant/vacancy_response?vacancyId=43165530,2021-07-15T12:45:17+0300,False,,170000,RUR,От 1 года до 3 лет,Удаленная работа,Git;Android;Kotlin;ООП;,HEADS and HANDS,Красноярск,"Heads and Hands – разработчик сложных web и мобильных сервисов. Мы приложили руки к таким приложениям как Lamoda, Ginza, Pandao, Doc+, сделали продукты для Samsung, Land Rover, Leroy Merlin. Работали с проектами Яндекс, ABBYY, Mail.Ru и Тинькофф Банк. Находимся в топ-5 мобильных разработчиков. Сейчас в работе более 50 проектов, количество растет и мы масштабируем команду.   Задачи в работе: • проектирование и разработка архитектуры мобильных приложений; • разработка кастомных компонентов; • верстка интерфейсов по дизайну из Figma, Zeplin; • разработка взаимодействия с API; • интеграции SDK сторонних сервисов;   Условия: • Удаленный формат, гибкий график. • Официальное оформление с первого дня, (оклад + ставка, суммы обсуждаемы). • Отлаженные процессы разработки, код-ревью от тимлида. • Работа над проектом в команде опытных программистов, QA, дизайнера и проджект-менеджера. Они всегда на связи и готовы помочь, если возникают трудности.   Требования: • Компетенции уверенного middle разработчика, а лучше senior. • Коммерческий опыт разработки под Android (и разговорный Kotlin) от 1 года. • Знание ООП, паттернов проектирования, основных алгоритмов и структур. • Понимание что такое и как работает HTTP(S), REST API. • Готовность работать в команде (Git / GitFlow, Jira / Redmine).   Эта вакансия для тебя, если: • Хочешь развиваться и делать действительно полезные приложения. • Любишь удаленный формат и работу на результат. • Ценишь командную работу и информативный фидбек от лидов. • Выбираешь компанию с четкими, грамотно выстроенными процессами.   Над вакансией работает HR и TL команд, укажи нам на актуальный пример твоего кода и познакомимся без тестового в один этап. До встречи!"
Бэкенд-разработчик на Kotlin/Java в спецпроекты контента Маркета,https://hh.ru/applicant/vacancy_response?vacancyId=43230857,2021-07-19T08:00:12+0300,False,,,,От 3 до 6 лет,Удаленная работа,Java SE;Java;C#;Kotlin;,Яндекс,Москва,"Команда контента Яндекс.Маркета отвечает за информационное наполнение платформы: товарные категории, характеристики и их значения, навигацию и карточки товаров. По этим данным пользователи ищут товары, их выводят в предложениях магазинов и используют в логистике. Мы разрабатываем новый инструмент, который поможет магазинам быстро и качественно создавать описания товаров. Бэкенд этого инструмента мы пишем на Kotlin. Кроме этого, развиваем Market CMS – систему управления структурой страниц и экранов Маркета в браузере и мобильных приложениях. Стек технологий: Java 11/Kotlin, Spring, Spring MVC, Spring Boot, PostgreSQL, Type-Script/React. Что нужно делать:  разрабатывать бэкенд на Kotlin/Java; хорошо разобраться в предметной области и понять, что как устроено, предлагать новые решения проблем; работать над качеством и оптимизацией кода (у нас не самый высокий RPS, но много обрабатываемых данных).  Мы ждем, что вы:  готовы работать над сложными задачами и разбираться в предметной области; отлично знаете Java Core; знаете Kotlin или хотите его изучить; работали с реляционными базами данных (нереляционные будут плюсом).  Условия:  современный офис (или удаленная работа с возможностью командировок) со всем необходимым для комфортной работы и отдыха, есть парковка (каждый день мы мониторим эпидемиологическую ситуацию, поэтому формат работы может меняться и зависит от общих правил работы офисов Яндекса); официальное трудоустройство; компенсация оплаты питания на территории кампуса и в окрестностях; гибкий график: мы не контролируем, кто во сколько приходит и уходит, ключевая задача для каждого из нас — выполнять поставленные цели; профессиональная команда, у которой можно многому научиться и перенять полезный опыт; культура открытости, взаимопомощи: у нас работают люди, увлеченные и не безразличные к тому, что они делают; высокая скорость работы, возможность быстро увидеть свой вклад и результаты; работа в технологической компании с возможностью создавать сервисы, полезные миллионам людей. "
Senior Kotlin Developer (Cloud),https://hh.ru/applicant/vacancy_response?vacancyId=46774930,2021-08-04T11:19:56+0300,False,300000,,RUR,От 3 до 6 лет,Удаленная работа,Java;kotlin;,ALM Works,Санкт-Петербург,"ALM Works – неформальная IT компания. Более 16 лет занимаемся созданием собственных программных продуктов в области управления проектами. Наши клиенты - более четырех тысяч компаний по всему миру, среди которых NASA, Google, Netflix, BMW, Adobe, Intel, Sony, Disney, Ubisoft и много других известных имен. Мы ищем опытных разработчиков в нашу растущую команду, где мы создаем SaaS систему, реализующую бизнес-идеи, проверенные на нашем успешном проекте Structure for Jira. В компании также регулярно запускаются новые идеи, расширяющие нашу продуктовую линейку. Требования к кандидатам:  Минимум 4 года опыта коммерческой разработки ПО. Хорошее знание теор. минимума computer science. (Оно вам понадобится!) Хорошее владение языком Kotlin (или Java), опыт серверной разработки на нем. Опыт программирования на как минимум двух разных языках в реальных проектах. Опыт многопоточного программирования. Хорошее владение письменным английским языком (это основной язык для письменной коммуникации в компании).  Дополнительно приветствуется:  Опыт разработки и эксплуатации масштабируемой распределенной системы. Опыт работы с языками: Java 11, Scala, TypeScript. Опыт работы с технологиями: Akka, Kafka, Cassandra. Знакомство с функциональными языками программирования, FRP. Опыт оптимизации, решения проблем с производительностью. Знакомство с продуктами Atlassian.  Чем надо будет заниматься:  Создавать новую функциональность в популярном продукте, работая преимущественно на серверном уровне. Писать unit-тесты, в отдельных случаях - интеграционные тесты. Читать код (в проекте обязательный 100% code review). Участвовать в создании документации, развитии архитектуры проекта, планировании релизов. Участвовать в коммуникациях с клиентами (на уровне корпоративной системы баг трекинга).  Мы предлагаем:  Участие в небольшой, сплоченной и очень сильной команде. Потенциал роста: архитектор, менеджер продукта, участие в новых проектах, реализация ваших собственных идей. Высокую, индексируемую заработную плату (попадает в 10% самых высоких). Регулярные ежеквартальные премии, привязанные к финансовым результатам работы компании. Оформление в соответствии с ТК, полностью официальная заработная плата, оплачиваемый отпуск 4 недели (с возможностью использовать все 4 недели за раз). Премиальный полис ДМС, 100% оплачиваемое отсутствие по болезни. Оплата 50% расходов на спорт. Оплата 50% расходов на занятия английским языком. Отсутствие бюрократии и формальностей. Гибкий график, отсутствие обязательного расписания Возможность работать удаленно Регулярные корпоративные мероприятия; Возможность участия в международных конференциях (если владеете разговорным английским). Возможность командировок в офис компании в Бостоне, США (если владеете разговорным английским).  Как у нас все устроено: Back end — это кластер сервисов на Akka, код пишем на Kotlin. Основные потоки данных реализованы по примеру Akka Streams, но в отличие от них распределены между нодами. Начинаются они в Kafka, а заканчиваются в web sockets. Данные пишем в Cassandra, которую берем за масштабируемость и AP. Система запускается в Kubernetes (локально или на тестовом кластере). Front end — это большое модульное приложение на JavaScript, построенное с элементами FRP, с большим вниманием как к пользовательскому интерфейсу, так и ко внутренней архитектуре. Новый код пишем на TypeScript и React. Мы широко используем Structure внутри компании для планирования и организации задач на всех этапах - от бизнес идей до планирования релизов и тестирования. Процесс разработки полностью прозрачен, каждый желающий может участвовать в обсуждении новой функциональности, и выбирать задачи в рамках текущей итерации. Мы активно боремся за качество продукта внутри и снаружи:  новый важный функционал покрывается unit-тестами; Code Review у нас обязателен для каждого изменения; подробное ручное тестирование готовых сборок командой QA.  У нас невозможно обойтись без тесных коммуникаций внутри команды; помимо живого общения и активной переписки в Slack мы проводим регулярные stand-up встречи. Также все члены команды могут принимать участие в общении с пользователями, чтобы лучше понимать их потребности: от переписки в системе поддержки, до живых встреч на конференциях и в поездках к клиентам. Если вакансия вас заинтересовала, расскажите, пожалуйста, в сопроводительном письме, какими инструментами вы пользуетесь сейчас для организации задач в вашей команде, и какие у них сильные стороны."
Product marketing manager (Kotlin for server-side),https://hh.ru/applicant/vacancy_response?vacancyId=44205294,2021-07-08T17:03:47+0300,False,,,,От 3 до 6 лет,Полный день,Market Research;Marketing Analysis;Strategic Marketing;Android;Android SDK;,JetBrains,Москва,"We are looking for a product marketing manager who will be in charge of overseeing the promotion of our Kotlin programming language for server-side development. As a successful hire, you will be responsible for developing and advancing the market of server-side development, identifying new segments, and promoting the language. You will also be tasked with developing and influencing the Kotlin marketing strategy. You will need to be a passionate, data-driven marketer with prior experience in managing marketing campaigns, research, and strategies, as well as familiarity with strategic and operational marketing. You will join a motivated team of professionals, which in the last year have successfully helped Kotlin become a first-class language explicitly recommended by Google for Android development, win the prestigious OSCON Breakthrough of the Year award, and be voted the most-loved language in multiple worldwide large-scale community surveys such as the GitHub Octoverse and StackOverflow Developer Survey. Join us to be a part of this and help us achieve even more. Responsibilities:   Develop and execute a Kotlin marketing strategy at a global scale for the market of server-side development to drive adoption of the language among developers.   Influence Kotlin product strategy at the corresponding markets to adapt the language and the ecosystem to the needs of the audience.   Supervise quantitative and qualitative marketing research to keep a finger on the pulse of the market, the audience, and the competitors.   Coordinate marketing activities across all communication channels to raise awareness and knowledge of the language and its capabilities.   Qualifications:   Bachelor&#39;s degree in marketing, product marketing, marketing communications, related discipline, or equivalent practical experience, marketing mindset.   This position does NOT require hands-on programming experience.   Strong communication and interpersonal skills, ability to communicate and coordinate activities across several teams.   Ability to structure and solve complex problems in a fast-changing environment on a global scale.   Fluent English.   About Kotlin: Part of the JetBrains family, Kotlin is a modern multiplatform programming language known for its concise syntax and pragmatic design. Kotlin provides ample opportunities for code-sharing and code-reuse between multiple projects on multiple platforms, as well as concurrent programming and productive development. Our aim is to make Kotlin one of the most used programming languages. About JetBrains: At JetBrains, code is our passion. For over 15 years, we’ve been striving to make the strongest, most effective developer tools. By automating routine checks and corrections, our tools speed up coding and software development, freeing you to grow, discover, and create."
Android (Kotlin) разработчик,https://hh.ru/applicant/vacancy_response?vacancyId=43165524,2021-07-15T12:45:54+0300,False,,170000,RUR,От 1 года до 3 лет,Удаленная работа,Git;Android;Kotlin;ООП;,HEADS and HANDS,Нижний Новгород,"Heads and Hands – разработчик сложных web и мобильных сервисов. Мы приложили руки к таким приложениям как Lamoda, Ginza, Pandao, Doc+, сделали продукты для Samsung, Land Rover, Leroy Merlin. Работали с проектами Яндекс, ABBYY, Mail.Ru и Тинькофф Банк. Находимся в топ-5 мобильных разработчиков. Сейчас в работе более 50 проектов, количество растет и мы масштабируем команду.   Задачи в работе: • проектирование и разработка архитектуры мобильных приложений; • разработка кастомных компонентов; • верстка интерфейсов по дизайну из Figma, Zeplin; • разработка взаимодействия с API; • интеграции SDK сторонних сервисов;   Условия: • Удаленный формат, гибкий график. • Официальное оформление с первого дня, (оклад + ставка, суммы обсуждаемы). • Отлаженные процессы разработки, код-ревью от тимлида. • Работа над проектом в команде опытных программистов, QA, дизайнера и проджект-менеджера. Они всегда на связи и готовы помочь, если возникают трудности.   Требования: • Компетенции уверенного middle разработчика, а лучше senior. • Коммерческий опыт разработки под Android (и разговорный Kotlin) от 1 года. • Знание ООП, паттернов проектирования, основных алгоритмов и структур. • Понимание что такое и как работает HTTP(S), REST API. • Готовность работать в команде (Git / GitFlow, Jira / Redmine).   Эта вакансия для тебя, если: • Хочешь развиваться и делать действительно полезные приложения. • Любишь удаленный формат и работу на результат. • Ценишь командную работу и информативный фидбек от лидов. • Выбираешь компанию с четкими, грамотно выстроенными процессами.   Над вакансией работает HR и TL команд, укажи нам на актуальный пример твоего кода и познакомимся без тестового в один этап. До встречи!"
Бэкенд-разработчик на Kotlin/Java в спецпроекты контента Маркета,https://hh.ru/applicant/vacancy_response?vacancyId=43230860,2021-07-19T08:00:12+0300,False,,,,От 3 до 6 лет,Удаленная работа,Java SE;Java;C#;Kotlin;,Яндекс,Новосибирск,"Команда контента Яндекс.Маркета отвечает за информационное наполнение платформы: товарные категории, характеристики и их значения, навигацию и карточки товаров. По этим данным пользователи ищут товары, их выводят в предложениях магазинов и используют в логистике. Мы разрабатываем новый инструмент, который поможет магазинам быстро и качественно создавать описания товаров. Бэкенд этого инструмента мы пишем на Kotlin. Кроме этого, развиваем Market CMS – систему управления структурой страниц и экранов Маркета в браузере и мобильных приложениях. Стек технологий: Java 11/Kotlin, Spring, Spring MVC, Spring Boot, PostgreSQL, Type-Script/React. Что нужно делать:  разрабатывать бэкенд на Kotlin/Java; хорошо разобраться в предметной области и понять, что как устроено, предлагать новые решения проблем; работать над качеством и оптимизацией кода (у нас не самый высокий RPS, но много обрабатываемых данных).  Мы ждем, что вы:  готовы работать над сложными задачами и разбираться в предметной области; отлично знаете Java Core; знаете Kotlin или хотите его изучить; работали с реляционными базами данных (нереляционные будут плюсом).  Условия:  современный офис (или удаленная работа с возможностью командировок) со всем необходимым для комфортной работы и отдыха, есть парковка (каждый день мы мониторим эпидемиологическую ситуацию, поэтому формат работы может меняться и зависит от общих правил работы офисов Яндекса); официальное трудоустройство; компенсация оплаты питания на территории кампуса и в окрестностях; гибкий график: мы не контролируем, кто во сколько приходит и уходит, ключевая задача для каждого из нас — выполнять поставленные цели; профессиональная команда, у которой можно многому научиться и перенять полезный опыт; культура открытости, взаимопомощи: у нас работают люди, увлеченные и не безразличные к тому, что они делают; высокая скорость работы, возможность быстро увидеть свой вклад и результаты; работа в технологической компании с возможностью создавать сервисы, полезные миллионам людей. "
Product marketing manager (Kotlin for server-side),https://hh.ru/applicant/vacancy_response?vacancyId=44205292,2021-07-08T17:03:48+0300,False,,,,От 3 до 6 лет,Полный день,Market Research;Marketing Analysis;Strategic Marketing;Android;Android SDK;,JetBrains,Санкт-Петербург,"We are looking for a product marketing manager who will be in charge of overseeing the promotion of our Kotlin programming language for server-side development. As a successful hire, you will be responsible for developing and advancing the market of server-side development, identifying new segments, and promoting the language. You will also be tasked with developing and influencing the Kotlin marketing strategy. You will need to be a passionate, data-driven marketer with prior experience in managing marketing campaigns, research, and strategies, as well as familiarity with strategic and operational marketing. You will join a motivated team of professionals, which in the last year have successfully helped Kotlin become a first-class language explicitly recommended by Google for Android development, win the prestigious OSCON Breakthrough of the Year award, and be voted the most-loved language in multiple worldwide large-scale community surveys such as the GitHub Octoverse and StackOverflow Developer Survey. Join us to be a part of this and help us achieve even more. Responsibilities:   Develop and execute a Kotlin marketing strategy at a global scale for the market of server-side development to drive adoption of the language among developers.   Influence Kotlin product strategy at the corresponding markets to adapt the language and the ecosystem to the needs of the audience.   Supervise quantitative and qualitative marketing research to keep a finger on the pulse of the market, the audience, and the competitors.   Coordinate marketing activities across all communication channels to raise awareness and knowledge of the language and its capabilities.   Qualifications:   Bachelor&#39;s degree in marketing, product marketing, marketing communications, related discipline, or equivalent practical experience, marketing mindset.   This position does NOT require hands-on programming experience.   Strong communication and interpersonal skills, ability to communicate and coordinate activities across several teams.   Ability to structure and solve complex problems in a fast-changing environment on a global scale.   Fluent English.   About Kotlin: Part of the JetBrains family, Kotlin is a modern multiplatform programming language known for its concise syntax and pragmatic design. Kotlin provides ample opportunities for code-sharing and code-reuse between multiple projects on multiple platforms, as well as concurrent programming and productive development. Our aim is to make Kotlin one of the most used programming languages. About JetBrains: At JetBrains, code is our passion. For over 15 years, we’ve been striving to make the strongest, most effective developer tools. By automating routine checks and corrections, our tools speed up coding and software development, freeing you to grow, discover, and create."
Android (Kotlin) разработчик,https://hh.ru/applicant/vacancy_response?vacancyId=43165526,2021-07-15T12:46:05+0300,False,,170000,RUR,От 1 года до 3 лет,Удаленная работа,Git;Android;Kotlin;ООП;,HEADS and HANDS,Самара,"Heads and Hands – разработчик сложных web и мобильных сервисов. Мы приложили руки к таким приложениям как Lamoda, Ginza, Pandao, Doc+, сделали продукты для Samsung, Land Rover, Leroy Merlin. Работали с проектами Яндекс, ABBYY, Mail.Ru и Тинькофф Банк. Находимся в топ-5 мобильных разработчиков. Сейчас в работе более 50 проектов, количество растет и мы масштабируем команду.   Задачи в работе: • проектирование и разработка архитектуры мобильных приложений; • разработка кастомных компонентов; • верстка интерфейсов по дизайну из Figma, Zeplin; • разработка взаимодействия с API; • интеграции SDK сторонних сервисов;   Условия: • Удаленный формат, гибкий график. • Официальное оформление с первого дня, (оклад + ставка, суммы обсуждаемы). • Отлаженные процессы разработки, код-ревью от тимлида. • Работа над проектом в команде опытных программистов, QA, дизайнера и проджект-менеджера. Они всегда на связи и готовы помочь, если возникают трудности.   Требования: • Компетенции уверенного middle разработчика, а лучше senior. • Коммерческий опыт разработки под Android (и разговорный Kotlin) от 1 года. • Знание ООП, паттернов проектирования, основных алгоритмов и структур. • Понимание что такое и как работает HTTP(S), REST API. • Готовность работать в команде (Git / GitFlow, Jira / Redmine).   Эта вакансия для тебя, если: • Хочешь развиваться и делать действительно полезные приложения. • Любишь удаленный формат и работу на результат. • Ценишь командную работу и информативный фидбек от лидов. • Выбираешь компанию с четкими, грамотно выстроенными процессами.   Над вакансией работает HR и TL команд, укажи нам на актуальный пример твоего кода и познакомимся без тестового в один этап. До встречи!"
"Senior Java Developer with Kotlin Experience, Delivery System",https://hh.ru/applicant/vacancy_response?vacancyId=44845975,2021-07-19T09:35:39+0300,False,,,,От 3 до 6 лет,Гибкий график,Python;PostgreSQL;Agile Project Management;Scrum;Design Patterns;,DataArt,Воронеж,"SENIOR JAVA DEVELOPER WITH KOTLIN EXPERIENCE, DELIVERY SYSTEM; SIGN-ON BONUS: $1000 We offer a $1000 sign-on bonus to the specialist that will accept our offer and join DataArt in this position. $1000 will be included in the first salary. The client is an innovative b2c-startup in the retail industry. The service promises delivery within 15 minutes through a network of small “dark stores” located in all areas of the city and a developed order prediction system based on ML algorithms. The project is growing, and we intend to ensure stable growth through outsourcing. We are putting together 2 teams of Java and Python developers to work on the development of the backend system. The processes are built according to Agile (SCRUM) with fortnight long iterations and releases each iteration. The testing is on the unit level + manual testing. The architecture is based on microservices. The database is PostgreSQL. Codebase - Java/Kotlin, Python. We are ready to consider candidates with low or no English proficiency, who will join our team. RESPONSIBILITIES  Development of the backend system 60%—80% Maintenance / Bug fixing 10%—25% Meetings 5%—10% Client support 0%—10% Document writing 0%—5%  MUST HAVE  5+ years of web application development experience using Java Enterprise Excellent knowledge of Java Experience with Kotlin 4/5 Skills in building REST API Experience with PostgreSQL Experience with RabbitMQ, Kafka Experience with microservice architecture Knowledge of OOP, OOD, and design patterns Experience with Docker Experience of development using Scrum or other Agile methodologies  WOULD BE A PLUS  Spoken English Experience with Event Sourcing, CQRS Experience with Kubernetes  DATAART OFFERS — Professional Development:- Experienced colleagues who are ready to share knowledge;- The ability to switch projects, technology stacks, try yourself in different roles;- More than 150 workplaces for advanced training;- Study and practice of English: courses and communication with colleagues and clients from different countries;- Support of speakers who make presentations at conferences and meetings of technology communities.— The ability to focus on your work: a lack of bureaucracy and micromanagement, and convenient corporate services;— Additional medical insurance— Friendly atmosphere, concern for the comfort of specialists;— Flexible schedule and the ability to work remotely;— The ability to work in any of our development centers."
Senior Java / Kotlin Backend Developer,https://hh.ru/applicant/vacancy_response?vacancyId=39306455,2021-08-01T15:05:18+0300,False,270000,350000,RUR,От 3 до 6 лет,Полный день,Kotlin;Java;,FUNCORP,Москва,"FunCorp — международная компания, которая занимается разработкой развлекательных UGC-сервисов. C 2004 года мы развиваем FunTech индустрию, создавая продукты и сервисы на стыке фана и технологий. Мы — эксперты в самом смешном из всех серьёзных видов бизнеса. Бэкенд-команда разбита на динамические кросс-функциональные группы. Мы практикуем перекрестный code review, пишем тесты и документацию. Все наши продакт-менеджеры имеют технический бэкграунд, а поставленные перед командой задачи имеют статистическое обоснование. Мы всегда проводим A/B-тест выдвинутых гипотез и на основе этого принимаем решение о целесообразности их реализации. А наша система Continuous Delivery позволяет нам выпускать новые версии ежедневно. Что нужно, чтобы присоединиться к нам:   иметь обширный опыт бэкенд-разработки на Java или Kotlin + MongoDB + Spring Framework (скорее всего вы знаете Java тоже, и это будет плюсом);   уметь и любить писать чистый код, использовать подход DDD и следовать принципам SOLID;   чувство юмора :)   Стек используемых технологий:   Spring, JUnit, Ktor в асинхронных сервисах;   MongoDB, Redis, Elasticsearch, Clickhouse;   Amazon Web Services (ECS, SQS, S3, ...), Docker, Jenkins, Gitlab, Prometheus + Grafana, Kibana.   Что предстоит делать:   работать в кросс-функциональной команде быстрыми большими итерациями;   развивать и поддерживать REST-бэкенд нового экспериментального UGC-приложения на Kotlin под Spring Framework;   обеспечивать отказоустойчивость, масштабируемость, оптимизировать узкие места.  "
Android (Kotlin) разработчик,https://hh.ru/applicant/vacancy_response?vacancyId=43165525,2021-07-15T12:46:01+0300,False,,170000,RUR,От 1 года до 3 лет,Удаленная работа,Git;Android;Kotlin;ООП;,HEADS and HANDS,Челябинск,"Heads and Hands – разработчик сложных web и мобильных сервисов. Мы приложили руки к таким приложениям как Lamoda, Ginza, Pandao, Doc+, сделали продукты для Samsung, Land Rover, Leroy Merlin. Работали с проектами Яндекс, ABBYY, Mail.Ru и Тинькофф Банк. Находимся в топ-5 мобильных разработчиков. Сейчас в работе более 50 проектов, количество растет и мы масштабируем команду.   Задачи в работе: • проектирование и разработка архитектуры мобильных приложений; • разработка кастомных компонентов; • верстка интерфейсов по дизайну из Figma, Zeplin; • разработка взаимодействия с API; • интеграции SDK сторонних сервисов;   Условия: • Удаленный формат, гибкий график. • Официальное оформление с первого дня, (оклад + ставка, суммы обсуждаемы). • Отлаженные процессы разработки, код-ревью от тимлида. • Работа над проектом в команде опытных программистов, QA, дизайнера и проджект-менеджера. Они всегда на связи и готовы помочь, если возникают трудности.   Требования: • Компетенции уверенного middle разработчика, а лучше senior. • Коммерческий опыт разработки под Android (и разговорный Kotlin) от 1 года. • Знание ООП, паттернов проектирования, основных алгоритмов и структур. • Понимание что такое и как работает HTTP(S), REST API. • Готовность работать в команде (Git / GitFlow, Jira / Redmine).   Эта вакансия для тебя, если: • Хочешь развиваться и делать действительно полезные приложения. • Любишь удаленный формат и работу на результат. • Ценишь командную работу и информативный фидбек от лидов. • Выбираешь компанию с четкими, грамотно выстроенными процессами.   Над вакансией работает HR и TL команд, укажи нам на актуальный пример твоего кода и познакомимся без тестового в один этап. До встречи!"
Бэкенд-разработчик на Kotlin/Java в спецпроекты контента Маркета,https://hh.ru/applicant/vacancy_response?vacancyId=43230863,2021-07-19T08:00:12+0300,False,,,,От 3 до 6 лет,Удаленная работа,Java SE;Java;C#;Kotlin;,Яндекс,Ростов-на-Дону,"Команда контента Яндекс.Маркета отвечает за информационное наполнение платформы: товарные категории, характеристики и их значения, навигацию и карточки товаров. По этим данным пользователи ищут товары, их выводят в предложениях магазинов и используют в логистике. Мы разрабатываем новый инструмент, который поможет магазинам быстро и качественно создавать описания товаров. Бэкенд этого инструмента мы пишем на Kotlin. Кроме этого, развиваем Market CMS – систему управления структурой страниц и экранов Маркета в браузере и мобильных приложениях. Стек технологий: Java 11/Kotlin, Spring, Spring MVC, Spring Boot, PostgreSQL, Type-Script/React. Что нужно делать:  разрабатывать бэкенд на Kotlin/Java; хорошо разобраться в предметной области и понять, что как устроено, предлагать новые решения проблем; работать над качеством и оптимизацией кода (у нас не самый высокий RPS, но много обрабатываемых данных).  Мы ждем, что вы:  готовы работать над сложными задачами и разбираться в предметной области; отлично знаете Java Core; знаете Kotlin или хотите его изучить; работали с реляционными базами данных (нереляционные будут плюсом).  Условия:  современный офис (или удаленная работа с возможностью командировок) со всем необходимым для комфортной работы и отдыха, есть парковка (каждый день мы мониторим эпидемиологическую ситуацию, поэтому формат работы может меняться и зависит от общих правил работы офисов Яндекса); официальное трудоустройство; компенсация оплаты питания на территории кампуса и в окрестностях; гибкий график: мы не контролируем, кто во сколько приходит и уходит, ключевая задача для каждого из нас — выполнять поставленные цели; профессиональная команда, у которой можно многому научиться и перенять полезный опыт; культура открытости, взаимопомощи: у нас работают люди, увлеченные и не безразличные к тому, что они делают; высокая скорость работы, возможность быстро увидеть свой вклад и результаты; работа в технологической компании с возможностью создавать сервисы, полезные миллионам людей. "
Senior Java/Kotlin Developer,https://hh.ru/applicant/vacancy_response?vacancyId=46413947,2021-08-02T13:26:39+0300,False,4000,5000,USD,От 3 до 6 лет,Полный день,Git;Java;Kotlin;WebSocket;Spring Framework;PostgreSQL;Gitflow;REST;Hibernate ORM;RabbitMQ;Docker;,E TOUZI LLC,Москва,"Кто мы Openmonet — инновационная P2P-платформа обмена криптовалют. Наша ключевая цель — разрабатывать самый удобный и функциональный софт, с помощью которого люди могут покупать, продавать и обменивать криптовалюты без посредников в виде банков и корпораций. Наша миссия — предоставить миллиардам людей сервис, с помощью которого каждый сможет удовлетворять все свои финансовые потребности с помощью криптовалют, взаимодействуя друг с другом на нашей платформе. Наше ДНК — инновации, скорость, профессионализм, гибкость и использование самых современных технологий. В отличие от конкурентов, вместо примитивной доски объявлений мы создали автоматизированную систему, где пользователю достаточно лишь указать сумму обмена, после чего Openmonet автоматически подбирает лучшее предложение за секунды, вместо 15-20 минут поиска нужного объявления и переписки со второй стороной сделки. Мы первые создали виджет, который размещается на сайтах наших партнёров и позволяет пользователям покупать и продавать криптовалюту, не покидая сайта партнёра, с моментальным зачислением средств на баланс. Это даёт нам возможность получить доступ к огромной аудитории пользователей, без затрат на маркетинг и рекламу. Мы первые сделали систему парсинга конкурирующих платформ и проведения арбитражных сделок, которые позволяют нам в автоматическом режиме приглашать трейдеров конкурирующих платформ. Всё это даёт нам фундамент для взрывного роста, но для этого нам нужны лучшие инженеры, которые будут относиться к нашему проекту как к родному ребёнку и делать всё для того, чтобы он рос, развивался и превосходил наши самые смелые ожидания. Сейчас мы разрабатываем следующую версию виджета для наших партнёров — крупнейших игроков гэмблинг и беттинг рынка, альтернативу банковскому эквайрингу, которая в 6 раз дешевле, предоставляет неограниченный ассортимент фиатных валют и способов оплат и гарантирует полное отсутствие возвратных платежей. В течение 3-5 ближайших лет мы стремимся стать доминирующей P2P-платформой обмена криптовалют, где сделки (всех основных криптовалют) бесплатны, отсутствуют KYC процедуры и используются более совершенные, чем у конкурентов, модели монетизации. В перспективе 5+ лет мы планируем создать единую DeFi экосистему, которая позволит людям быстрее и удобнее, чем где-либо, удовлетворять все основные финансовые потребности с использованием криптовалют: безопасное хранение, кредиты, переводы, обмены и инвестиции. Стек проекта  Kotlin, Coroutines, Project Reactor, Spring Boot2, JPA, Hibernate, Flyway, PostgreSQL, RabbitMQ, WebSocket, OAuth 2, Firebase, Junit, Kubernetes, Docker.  Резюме позиции  Вы станете бэкенд-разработчиком в быстро-бегущей команде, будете участвовать в скрам-мероприятиях, проектировать архитектуру и писать много хорошего кода совместно с другими разработчиками, итеративно предоставляя релизы высокого качества, выполняя согласованные совместно с командой цели спринтов.  Наши ожидания  опыт работы с Kotlin, опыт работы с Java от 5 лет опыт работы со Spring Boot2 (Data, Web MVC, Security, WebFlux, WebSocket) неплохо иметь опыт с Hibernate опыт работы с базами данных SQL на уровне сложных запросов и их оптимизации (Postgres) умение работать с Message-Oriented Middleware (RabbitMQ, Kafka, ActiveMQ) опыт работы с GIT и Gitflow опыт в диагностике производительности систем: профилирование приложений, знание принципов устранения узких мест опыт использования OAuth и OpenID опыт работы с RESTful API Services опыт проведения code review английский язык на уровне чтения технической литературы опыт интеграции со сторонними системами дисциплинированный подход к обеспечению качества сильный драйв для изучения новых технологий и созданию выдающихся программных продуктов опыт проектирования и разработки архитектуры систем - микросервисы, монолиты, event-driven систем неплохо иметь опыт с Project Reactor умение эффективно сотрудничать с коллегами: бэкенд и фронтенд разработчиками, владельцем продукта и скрам-мастером для выполнения задач, решения проблем и достижения целей спринтов желание и способность писать чистый код умение интегрировать бэкенд-сервисы с фронтенд-интерфейсами желание и способность устанавливать стандарты разработки и следовать им способность выдвигать идеи об улучшении и адаптации существующей интеграции компонентов  Условия  удалённо гибкий график, рекомендуемые часы присутствия в онлайне: 11:00 — 19:00 по будням, каждый день начинается с короткого стендапа команды разработки в Zoom хорошо организованный Scrum-процесс разработки: двухнедельные спринты, ежедневные стендапы, планирование, демо, ретро атмосфера молодой компании во всём её великолепии — прозрачная и плоская структура, минимум бюрократии и гибкие внутренние процессы оплачиваем участие в конференциях и обучение минимум легаси) "
Middle Android developer (Kotlin),https://hh.ru/applicant/vacancy_response?vacancyId=44097864,2021-07-18T10:06:53+0300,False,,,,От 1 года до 3 лет,Удаленная работа,Java;Android;Git;Android SDK;REST;,Napoleon IT,Ростов-на-Дону,"Компания Napoleon IT ― разработчик программного обеспечения. Мы предлагаем готовые решения, а также осуществляем разработку по гибкой методологии. Наши решения в области бизнес-аналитики, предиктивной аналитики, компьютерного зрения, высоконагруженных систем и мобильной разработки дают конкурентное преимущество и гарантируют устойчивое развитие бизнеса клиентов. Мы активно выходим на международный рынок, поэтому в поисках новых членов команды! У нас много интересных задач, дружеская атмосфера и отличные условия!   Тебе предстоит:   Проводить декомпозицию задач;   Писать качественный, промышленный код;   Проектировать программный дизайн приложений;   Взаимодействовать с менеджером проектов, аналитиками, дизайнерами и тестировщиками;   Писать unit-тесты.     Что мы ждем от тебя:   Знание Java и Kotlin;   Понимание архитектуры Android, особенностей и сложностей SDK;   Понимание жизненного цикла приложения;   Понимание принципов работы клиент-серверных приложений (REST, кэширование, очереди запросов);   Понимание принципов многопоточности;   Опыт работы с JSON, RxJava 2 (Kotlin Coroutines будет большим плюсом), Firebase Cloud Messages, Push notifications;   Опыт работы с базами данных (SQLite);   Опыт работы с gradle;   Базовые знания систем контроля версий git;   Уметь писать поддерживаемый и читабельный код, знать паттерны проектирования.   Будет плюсом - наличие реализованных приложений в Google Play. Мы предлагаем:  Официальное трудоустройство; своевременный, белый, конкурентный на рынке уровень дохода; Вариант удаленного сотрудничества в формате full time; Гибкое начало рабочего дня, лояльное отношение руководства, приятное общение со всеми с коллегами, развитая взаимовыручка; Оплачиваемые образовательные курсы, компенсация приобретаемой литературы, атмосфера наставничества и отзывчивые коллеги, гильдии по каждому стэку внутри компании; Развитая корпоративная культура.     "
Бэкенд-разработчик на Kotlin/Java в спецпроекты контента Маркета,https://hh.ru/applicant/vacancy_response?vacancyId=43230862,2021-07-19T08:00:12+0300,False,,,,От 3 до 6 лет,Удаленная работа,Java SE;Java;C#;Kotlin;,Яндекс,Иннополис,"Команда контента Яндекс.Маркета отвечает за информационное наполнение платформы: товарные категории, характеристики и их значения, навигацию и карточки товаров. По этим данным пользователи ищут товары, их выводят в предложениях магазинов и используют в логистике. Мы разрабатываем новый инструмент, который поможет магазинам быстро и качественно создавать описания товаров. Бэкенд этого инструмента мы пишем на Kotlin. Кроме этого, развиваем Market CMS – систему управления структурой страниц и экранов Маркета в браузере и мобильных приложениях. Стек технологий: Java 11/Kotlin, Spring, Spring MVC, Spring Boot, PostgreSQL, Type-Script/React. Что нужно делать:  разрабатывать бэкенд на Kotlin/Java; хорошо разобраться в предметной области и понять, что как устроено, предлагать новые решения проблем; работать над качеством и оптимизацией кода (у нас не самый высокий RPS, но много обрабатываемых данных).  Мы ждем, что вы:  готовы работать над сложными задачами и разбираться в предметной области; отлично знаете Java Core; знаете Kotlin или хотите его изучить; работали с реляционными базами данных (нереляционные будут плюсом).  Условия:  современный офис (или удаленная работа с возможностью командировок) со всем необходимым для комфортной работы и отдыха, есть парковка (каждый день мы мониторим эпидемиологическую ситуацию, поэтому формат работы может меняться и зависит от общих правил работы офисов Яндекса); официальное трудоустройство; компенсация оплаты питания на территории кампуса и в окрестностях; гибкий график: мы не контролируем, кто во сколько приходит и уходит, ключевая задача для каждого из нас — выполнять поставленные цели; профессиональная команда, у которой можно многому научиться и перенять полезный опыт; культура открытости, взаимопомощи: у нас работают люди, увлеченные и не безразличные к тому, что они делают; высокая скорость работы, возможность быстро увидеть свой вклад и результаты; работа в технологической компании с возможностью создавать сервисы, полезные миллионам людей. "
Android-разработчик (Kotlin),https://hh.ru/applicant/vacancy_response?vacancyId=45991683,2021-08-01T19:45:29+0300,False,,,,От 1 года до 3 лет,Полный день,Kotlin;,NOMIA,Москва,"Привет! NOMIA разрабатывает самую новую и простую в использовании систему автоматизации бизнеса (ERP). Цель — ежедневно помогать бизнесу управлять внутренними ресурсами и продавать собственный товар быстро, удобно. Сейчас наша ERP используется в заведениях общепита. В этом году мы планируем выход на рынки ритейла и розницы, и это лишь часть наших планов. Для большего погружения в рынок и понимания потребностей Клиентов NOMIA занимается производством собственного железа (моноблоков) и развитием своей сети кофеен. Проект находится на этапе масштабирования - это лучший момент, чтобы присоединиться к команде, которая составит серьезную конкуренцию на рынке систем автоматизации бизнеса. Технологии: Kotlin Coroutines+Flow, MVVM+StateFlow, Hilt, Room, Retrofit/Okhttp. Чем ты будешь заниматься? NOMIA — это экосистема, внутри которой мы разрабатываем отдельные приложения. Ты будешь создавать такие android-проекты, как: — POS (создание заказа, пробитие чека, интеграция с PIN-Pad); — доставка (собственная и интеграции с яндекс, delivery) — складской учёт; — цеха производства и многое другое. Что мы хотим увидеть в твоём опыте: — 2 года работы с kotlin, — самостоятельная разработка с применением Kotlin Coroutines+Flow. Было бы здорово, но не обязательно: — опыт управления командой. Ближайшая перспектива роста при твоем желании: — набор собственной команды, развитие отдела и дальнейшее лидирование. Что ты получишь? — стабильный и официальный заработок, соответствующий твоим требованиям и опыту; — график 5/2 с гибким началом дня, офис или гибридный вариант; — обустроенное рабочее место с современной техникой по твоим пожеланиям; — поощрение любого твоего профессионального развития от новых технологий и задач до организации обучения; — коллектив профессионалов, при этом тёплое общение без сложных иерархий и цепочек согласования; — близость к грильнице и запасам еды, дартс и футбол на улице в перерывах, душевный и разноплановый совместный досуг. Не раздумывай, а просто откликайся, и давай скорее общаться!"
Android (Kotlin) разработчик,https://hh.ru/applicant/vacancy_response?vacancyId=43165533,2021-07-15T12:45:17+0300,False,,170000,RUR,От 1 года до 3 лет,Удаленная работа,Git;Android;Kotlin;ООП;,HEADS and HANDS,Волгоград,"Heads and Hands – разработчик сложных web и мобильных сервисов. Мы приложили руки к таким приложениям как Lamoda, Ginza, Pandao, Doc+, сделали продукты для Samsung, Land Rover, Leroy Merlin. Работали с проектами Яндекс, ABBYY, Mail.Ru и Тинькофф Банк. Находимся в топ-5 мобильных разработчиков. Сейчас в работе более 50 проектов, количество растет и мы масштабируем команду.   Задачи в работе: • проектирование и разработка архитектуры мобильных приложений; • разработка кастомных компонентов; • верстка интерфейсов по дизайну из Figma, Zeplin; • разработка взаимодействия с API; • интеграции SDK сторонних сервисов;   Условия: • Удаленный формат, гибкий график. • Официальное оформление с первого дня, (оклад + ставка, суммы обсуждаемы). • Отлаженные процессы разработки, код-ревью от тимлида. • Работа над проектом в команде опытных программистов, QA, дизайнера и проджект-менеджера. Они всегда на связи и готовы помочь, если возникают трудности.   Требования: • Компетенции уверенного middle разработчика, а лучше senior. • Коммерческий опыт разработки под Android (и разговорный Kotlin) от 1 года. • Знание ООП, паттернов проектирования, основных алгоритмов и структур. • Понимание что такое и как работает HTTP(S), REST API. • Готовность работать в команде (Git / GitFlow, Jira / Redmine).   Эта вакансия для тебя, если: • Хочешь развиваться и делать действительно полезные приложения. • Любишь удаленный формат и работу на результат. • Ценишь командную работу и информативный фидбек от лидов. • Выбираешь компанию с четкими, грамотно выстроенными процессами.   Над вакансией работает HR и TL команд, укажи нам на актуальный пример твоего кода и познакомимся без тестового в один этап. До встречи!"
Бэкенд-разработчик на Kotlin/Java в спецпроекты контента Маркета,https://hh.ru/applicant/vacancy_response?vacancyId=43230864,2021-07-19T08:00:12+0300,False,,,,От 3 до 6 лет,Удаленная работа,Java SE;Java;C#;Kotlin;,Яндекс,Санкт-Петербург,"Команда контента Яндекс.Маркета отвечает за информационное наполнение платформы: товарные категории, характеристики и их значения, навигацию и карточки товаров. По этим данным пользователи ищут товары, их выводят в предложениях магазинов и используют в логистике. Мы разрабатываем новый инструмент, который поможет магазинам быстро и качественно создавать описания товаров. Бэкенд этого инструмента мы пишем на Kotlin. Кроме этого, развиваем Market CMS – систему управления структурой страниц и экранов Маркета в браузере и мобильных приложениях. Стек технологий: Java 11/Kotlin, Spring, Spring MVC, Spring Boot, PostgreSQL, Type-Script/React. Что нужно делать:  разрабатывать бэкенд на Kotlin/Java; хорошо разобраться в предметной области и понять, что как устроено, предлагать новые решения проблем; работать над качеством и оптимизацией кода (у нас не самый высокий RPS, но много обрабатываемых данных).  Мы ждем, что вы:  готовы работать над сложными задачами и разбираться в предметной области; отлично знаете Java Core; знаете Kotlin или хотите его изучить; работали с реляционными базами данных (нереляционные будут плюсом).  Условия:  современный офис (или удаленная работа с возможностью командировок) со всем необходимым для комфортной работы и отдыха, есть парковка (каждый день мы мониторим эпидемиологическую ситуацию, поэтому формат работы может меняться и зависит от общих правил работы офисов Яндекса); официальное трудоустройство; компенсация оплаты питания на территории кампуса и в окрестностях; гибкий график: мы не контролируем, кто во сколько приходит и уходит, ключевая задача для каждого из нас — выполнять поставленные цели; профессиональная команда, у которой можно многому научиться и перенять полезный опыт; культура открытости, взаимопомощи: у нас работают люди, увлеченные и не безразличные к тому, что они делают; высокая скорость работы, возможность быстро увидеть свой вклад и результаты; работа в технологической компании с возможностью создавать сервисы, полезные миллионам людей. "
Tech lead Java/Kotlin,https://hh.ru/applicant/vacancy_response?vacancyId=38898384,2021-08-02T15:48:38+0300,False,300000,400000,RUR,Более 6 лет,Полный день,Java;MySQL;Kotlin;Reactor;,BelkaCar,Москва,"Каршеринг BelkaCar — экономичная, удобная и безопасная альтернатива собственному автомобилю и такси. Ежедневно BelkaCar используют десятки тысяч человек, а общее количество пользователей превышает миллион. Мы уже громко заявили о себе на рынке и добились немалых результатов, а теперь ищем человека в команду нового продукта, который мы запустили 1 апреля совместно со Skoda и Audi - сервис подписки на автомобили. Стэк: кодовая база на Kotlin. Полностью реактивные приложения с использованием Reactor и R2DBC. Spring как интеграционный фреймворк. Для хранения данных используем MySQL, Elastic Search, а также Redis, Kafka для обмена событиями.Так же мы используем: Micrometer, OpenTracing, Prometheus, Grafana, Datadog и многое другое. Чем предстоит заниматься:  участвовать в создании новых сервисов и поддерживать текущие процессы прорабатывать архитектуру совместно с системным архитектором проектировать и декомпозировать задачи проводить code review по задачам коллег совершенствовать уровень технической экспертизы в команде менторить членов команды и участвовать в собеседованиях кандидатов  Что мы ожидаем от вас:  умение продумать расширяемую архитектуру с выделением предметных областей и низкой связанностью опыт работы с Java 8 и выше или с Kotlin понимание особенностей работы с многопоточным и асинхронным кодом опыт работы с CompletableFuture, RxJava, Project Reactor, Spring Framework опыт работы с реляционными базами данных: Oracle, MySQL, PostgreSQL понимание изоляции, синхронизации, работы индексов и тд. понимание принципов ООП, SOLID, DDD, паттернов проектирования понимание особенностей развертывания и эксплуатации приложения (CI/CD, Tests, Monitoring, Tracing) умение и желание разбираться в чужом коде, т.к. бывает так, что мы используем недокументированные возможности различных решений  О команде и процессах:  используем GitLab в качестве CI/CD, проектная документация в Confluence, Lucidchart и Figma, задачи в Jira. работаем по гибким процессам распределенная команда - Москва и Минск  Мы предлагаем:  классный современный продукт, который очень быстро развивается и завоевывает рынки возможность работать удаленно или приезжать в офис по желанию официальное оформление по ТК, белую зп и гибкое начало рабочего дня премирование по итогам performance review каждые полгода корпоративный тариф на каршеринг, ДМС, участие в конференциях и английский за счет компании "
Android (Kotlin) разработчик,https://hh.ru/applicant/vacancy_response?vacancyId=43165529,2021-07-15T12:46:19+0300,False,,170000,RUR,От 1 года до 3 лет,Удаленная работа,Git;Android;Kotlin;ООП;,HEADS and HANDS,Уфа,"Heads and Hands – разработчик сложных web и мобильных сервисов. Мы приложили руки к таким приложениям как Lamoda, Ginza, Pandao, Doc+, сделали продукты для Samsung, Land Rover, Leroy Merlin. Работали с проектами Яндекс, ABBYY, Mail.Ru и Тинькофф Банк. Находимся в топ-5 мобильных разработчиков. Сейчас в работе более 50 проектов, количество растет и мы масштабируем команду.   Задачи в работе: • проектирование и разработка архитектуры мобильных приложений; • разработка кастомных компонентов; • верстка интерфейсов по дизайну из Figma, Zeplin; • разработка взаимодействия с API; • интеграции SDK сторонних сервисов;   Условия: • Удаленный формат, гибкий график. • Официальное оформление с первого дня, (оклад + ставка, суммы обсуждаемы). • Отлаженные процессы разработки, код-ревью от тимлида. • Работа над проектом в команде опытных программистов, QA, дизайнера и проджект-менеджера. Они всегда на связи и готовы помочь, если возникают трудности.   Требования: • Компетенции уверенного middle разработчика, а лучше senior. • Коммерческий опыт разработки под Android (и разговорный Kotlin) от 1 года. • Знание ООП, паттернов проектирования, основных алгоритмов и структур. • Понимание что такое и как работает HTTP(S), REST API. • Готовность работать в команде (Git / GitFlow, Jira / Redmine).   Эта вакансия для тебя, если: • Хочешь развиваться и делать действительно полезные приложения. • Любишь удаленный формат и работу на результат. • Ценишь командную работу и информативный фидбек от лидов. • Выбираешь компанию с четкими, грамотно выстроенными процессами.   Над вакансией работает HR и TL команд, укажи нам на актуальный пример твоего кода и познакомимся без тестового в один этап. До встречи!"
Бэкенд-разработчик на Kotlin/Java в спецпроекты контента Маркета,https://hh.ru/applicant/vacancy_response?vacancyId=43230865,2021-07-19T08:00:12+0300,False,,,,От 3 до 6 лет,Удаленная работа,Java SE;Java;C#;Kotlin;,Яндекс,Сочи,"Команда контента Яндекс.Маркета отвечает за информационное наполнение платформы: товарные категории, характеристики и их значения, навигацию и карточки товаров. По этим данным пользователи ищут товары, их выводят в предложениях магазинов и используют в логистике. Мы разрабатываем новый инструмент, который поможет магазинам быстро и качественно создавать описания товаров. Бэкенд этого инструмента мы пишем на Kotlin. Кроме этого, развиваем Market CMS – систему управления структурой страниц и экранов Маркета в браузере и мобильных приложениях. Стек технологий: Java 11/Kotlin, Spring, Spring MVC, Spring Boot, PostgreSQL, Type-Script/React. Что нужно делать:  разрабатывать бэкенд на Kotlin/Java; хорошо разобраться в предметной области и понять, что как устроено, предлагать новые решения проблем; работать над качеством и оптимизацией кода (у нас не самый высокий RPS, но много обрабатываемых данных).  Мы ждем, что вы:  готовы работать над сложными задачами и разбираться в предметной области; отлично знаете Java Core; знаете Kotlin или хотите его изучить; работали с реляционными базами данных (нереляционные будут плюсом).  Условия:  современный офис (или удаленная работа с возможностью командировок) со всем необходимым для комфортной работы и отдыха, есть парковка (каждый день мы мониторим эпидемиологическую ситуацию, поэтому формат работы может меняться и зависит от общих правил работы офисов Яндекса); официальное трудоустройство; компенсация оплаты питания на территории кампуса и в окрестностях; гибкий график: мы не контролируем, кто во сколько приходит и уходит, ключевая задача для каждого из нас — выполнять поставленные цели; профессиональная команда, у которой можно многому научиться и перенять полезный опыт; культура открытости, взаимопомощи: у нас работают люди, увлеченные и не безразличные к тому, что они делают; высокая скорость работы, возможность быстро увидеть свой вклад и результаты; работа в технологической компании с возможностью создавать сервисы, полезные миллионам людей. "
Java/Kotlin developer,https://hh.ru/applicant/vacancy_response?vacancyId=43782549,2021-08-03T10:13:04+0300,False,250000,350000,RUR,От 3 до 6 лет,Удаленная работа,Hibernate ORM;Java;PostgreSQL;Java SE;Apache Tomcat;,"Hi, Rockits!",Москва,"Мы в поиске Senior Java/Kotlin-разработчика в компанию, которая занимается разработкой сложного ПО для автоматизации мониторинга и принятия решений в сельском хозяйстве. Про проект: внутренний стартап нескольких крупнейших игроков на рынке сельского хозяйства РФ, уже несколько лет в разработке, на стадии альфа-тестирования заказчиками. Продукт уникален тем, что сочетает в одном приложении десятки различных инструментов, востребованных в этой сфере (таких приложений ещё нет).Подробнее: позволяет в одном месте собрать всю информацию о состоянии хозяйства и получить аналитические данные для принятия решений. Если конкретно, то агрегирует огромное количество различных данных от спутников, зондов, метеорологических станций, датчиков на оборудовании и в полях, затем объединяет их с действиями пользователя (полив, посев, вспашка и т.п.) и на основании алгоритмов развития культур (роста, цветения и т.п.) выдаёт решение о дальнейших действиях. Чего ждём от человека: •опыт разработки на Java от 3-х лет ;•знания Spring Framework (Spring Core), Hibernate;•уверенные знания архитектуры PostgreSQL, опыт использования PostgreSQL; Будет плюсом: • опыт разработки на Kotlin (в том числе и некоммерческий) и желание вести разработку на Kotlin ;• знания архитектуры Apache Cassandra;• опыт работы с Kubernetes и Elasticsearch; Что компания может предложить:  •архитектурно сложный проект с интересными нетривиальными задачами;•полностью белое оформление по ТК;•ДМС после испытательного срока;•очень обстоятельного руководителя :) Вообще ребята приятные.•фуллтайм работа в офисе в Москва-Сити/возможна работа в удаленном формате"
