2025.06.30 13:07:58 INFO  Started: Metals version 1.6.0 in folders '/Users/s.frolkin/Desktop/spark_developer' for client Visual Studio Code 1.101.2.
Jun 30, 2025 1:07:59 PM org.eclipse.lsp4j.jsonrpc.services.GenericEndpoint notify
INFO: Unsupported notification method: $/setTrace
2025.06.30 13:08:04 INFO  running '/opt/homebrew/Cellar/openjdk@17/17.0.15/libexec/openjdk.jdk/Contents/Home/bin/java -Djline.terminal=jline.UnsupportedTerminal -Dsbt.log.noformat=true -Dfile.encoding=UTF-8 -jar /var/folders/j4/zn3lg_tn0fx167zq_f57y9000000gn/T/metals10039400139012005349/sbt-launch.jar -Dbloop.export-jar-classifiers=sources bloopInstall'
2025.06.30 13:08:05 INFO  no build target found for /Users/s.frolkin/Desktop/spark_developer/project/project/metals.sbt. Using presentation compiler with project's scala-library version: 3.3.6
2025.06.30 13:08:05 WARN  no build target for: /Users/s.frolkin/Desktop/spark_developer/project/metals.sbt
2025.06.30 13:08:05 WARN  no build target for: /Users/s.frolkin/Desktop/spark_developer/project/project/metals.sbt
2025.06.30 13:08:05 INFO  [info] welcome to sbt 1.10.11 (Homebrew Java 17.0.15)
2025.06.30 13:08:05 INFO  [info] loading settings for project spark_developer-build-build from metals.sbt...
Jun 30, 2025 1:08:06 PM org.eclipse.lsp4j.jsonrpc.RemoteEndpoint handleNotification
WARNING: Notification threw an exception: {
  "jsonrpc": "2.0",
  "method": "metals/didFocusTextDocument",
  "params": [
    "vscode-notebook-cell:/Users/s.frolkin/Desktop/spark_developer/scala_test.ipynb#W0sZmlsZQ%3D%3D"
  ]
}
java.nio.file.FileSystemNotFoundException: Provider "vscode-notebook-cell" not installed
	at java.base/java.nio.file.Path.of(Path.java:212)
	at java.base/java.nio.file.Paths.get(Paths.java:98)
	at scala.meta.internal.mtags.MtagsEnrichments$XtensionURIMtags.toAbsolutePath(MtagsEnrichments.scala:130)
	at scala.meta.internal.mtags.MtagsEnrichments$XtensionStringMtags.toAbsolutePath(MtagsEnrichments.scala:190)
	at scala.meta.internal.metals.MetalsEnrichments$XtensionString.toAbsolutePath(MetalsEnrichments.scala:787)
	at scala.meta.internal.metals.MetalsEnrichments$XtensionString.toAbsolutePath(MetalsEnrichments.scala:784)
	at scala.meta.internal.metals.WorkspaceLspService.didFocus(WorkspaceLspService.scala:786)
	at scala.meta.metals.lsp.DelegatingScalaService.didFocus(DelegatingScalaService.scala:42)
	at java.base/jdk.internal.reflect.NativeMethodAccessorImpl.invoke0(Native Method)
	at java.base/jdk.internal.reflect.NativeMethodAccessorImpl.invoke(NativeMethodAccessorImpl.java:77)
	at java.base/jdk.internal.reflect.DelegatingMethodAccessorImpl.invoke(DelegatingMethodAccessorImpl.java:43)
	at java.base/java.lang.reflect.Method.invoke(Method.java:569)
	at org.eclipse.lsp4j.jsonrpc.services.GenericEndpoint.lambda$recursiveFindRpcMethods$0(GenericEndpoint.java:65)
	at org.eclipse.lsp4j.jsonrpc.services.GenericEndpoint.notify(GenericEndpoint.java:160)
	at org.eclipse.lsp4j.jsonrpc.RemoteEndpoint.handleNotification(RemoteEndpoint.java:231)
	at org.eclipse.lsp4j.jsonrpc.RemoteEndpoint.consume(RemoteEndpoint.java:198)
	at org.eclipse.lsp4j.jsonrpc.json.StreamMessageProducer.handleMessage(StreamMessageProducer.java:185)
	at org.eclipse.lsp4j.jsonrpc.json.StreamMessageProducer.listen(StreamMessageProducer.java:97)
	at org.eclipse.lsp4j.jsonrpc.json.ConcurrentMessageProcessor.run(ConcurrentMessageProcessor.java:114)
	at java.base/java.util.concurrent.Executors$RunnableAdapter.call(Executors.java:539)
	at java.base/java.util.concurrent.FutureTask.run(FutureTask.java:264)
	at java.base/java.util.concurrent.ThreadPoolExecutor.runWorker(ThreadPoolExecutor.java:1136)
	at java.base/java.util.concurrent.ThreadPoolExecutor$Worker.run(ThreadPoolExecutor.java:635)
	at java.base/java.lang.Thread.run(Thread.java:840)

2025.06.30 13:08:06 INFO  [info] loading project definition from /Users/s.frolkin/Desktop/spark_developer/project/project
2025.06.30 13:08:10 INFO  [info] loading settings for project spark_developer-build from metals.sbt...
2025.06.30 13:08:10 INFO  [info] loading project definition from /Users/s.frolkin/Desktop/spark_developer/project
2025.06.30 13:08:11 INFO  no build target found for /Users/s.frolkin/Desktop/spark_developer/project/metals.sbt. Using presentation compiler with project's scala-library version: 3.3.6
2025.06.30 13:08:14 INFO  [success] Generated .bloop/spark_developer-build.json
2025.06.30 13:08:14 INFO  [success] Total time: 4 s, completed 30 Jun 2025, 13:08:14
2025.06.30 13:08:14 INFO  [info] loading settings for project root from build.sbt...
2025.06.30 13:08:14 INFO  [info] set current project to spark_developer (in build file:/Users/s.frolkin/Desktop/spark_developer/)
2025.06.30 13:08:15 INFO  [success] Generated .bloop/root.json
2025.06.30 13:08:15 INFO  [success] Generated .bloop/root-test.json
2025.06.30 13:08:15 INFO  [success] Total time: 0 s, completed 30 Jun 2025, 13:08:15
2025.06.30 13:08:15 INFO  time: ran 'sbt bloopInstall' in 10s
2025.06.30 13:08:15 INFO  Attempting to connect to the build server...
2025.06.30 13:08:15 INFO  No running Bloop server found, starting one.
2025.06.30 13:08:29 INFO  Starting compilation server
2025.06.30 13:08:29 INFO  tracing is disabled for protocol BSP, to enable tracing of incoming and outgoing JSON messages create an empty file at /Users/s.frolkin/Desktop/spark_developer/.metals/bsp.trace.json or /Users/s.frolkin/Library/Caches/org.scalameta.metals/bsp.trace.json
2025.06.30 13:08:33 INFO  Attempting to connect to the build server...
2025.06.30 13:08:33 INFO  Found a Bloop server running
2025.06.30 13:08:33 INFO  tracing is disabled for protocol BSP, to enable tracing of incoming and outgoing JSON messages create an empty file at /Users/s.frolkin/Desktop/spark_developer/project/.metals/bsp.trace.json or /Users/s.frolkin/Library/Caches/org.scalameta.metals/bsp.trace.json
2025.06.30 13:08:36 INFO  time: Connected to build server in 21s
2025.06.30 13:08:36 INFO  Connected to Build server: Bloop v2.0.10
Jun 30, 2025 1:08:37 PM org.eclipse.lsp4j.jsonrpc.RemoteEndpoint handleNotification
WARNING: Notification threw an exception: {
  "jsonrpc": "2.0",
  "method": "metals/didFocusTextDocument",
  "params": [
    "vscode-notebook-cell:/Users/s.frolkin/Desktop/spark_developer/scala_test.ipynb#W1sZmlsZQ%3D%3D"
  ]
}
java.nio.file.FileSystemNotFoundException: Provider "vscode-notebook-cell" not installed
	at java.base/java.nio.file.Path.of(Path.java:212)
	at java.base/java.nio.file.Paths.get(Paths.java:98)
	at scala.meta.internal.mtags.MtagsEnrichments$XtensionURIMtags.toAbsolutePath(MtagsEnrichments.scala:130)
	at scala.meta.internal.mtags.MtagsEnrichments$XtensionStringMtags.toAbsolutePath(MtagsEnrichments.scala:190)
	at scala.meta.internal.metals.MetalsEnrichments$XtensionString.toAbsolutePath(MetalsEnrichments.scala:787)
	at scala.meta.internal.metals.MetalsEnrichments$XtensionString.toAbsolutePath(MetalsEnrichments.scala:784)
	at scala.meta.internal.metals.WorkspaceLspService.didFocus(WorkspaceLspService.scala:786)
	at scala.meta.metals.lsp.DelegatingScalaService.didFocus(DelegatingScalaService.scala:42)
	at java.base/jdk.internal.reflect.NativeMethodAccessorImpl.invoke0(Native Method)
	at java.base/jdk.internal.reflect.NativeMethodAccessorImpl.invoke(NativeMethodAccessorImpl.java:77)
	at java.base/jdk.internal.reflect.DelegatingMethodAccessorImpl.invoke(DelegatingMethodAccessorImpl.java:43)
	at java.base/java.lang.reflect.Method.invoke(Method.java:569)
	at org.eclipse.lsp4j.jsonrpc.services.GenericEndpoint.lambda$recursiveFindRpcMethods$0(GenericEndpoint.java:65)
	at org.eclipse.lsp4j.jsonrpc.services.GenericEndpoint.notify(GenericEndpoint.java:160)
	at org.eclipse.lsp4j.jsonrpc.RemoteEndpoint.handleNotification(RemoteEndpoint.java:231)
	at org.eclipse.lsp4j.jsonrpc.RemoteEndpoint.consume(RemoteEndpoint.java:198)
	at org.eclipse.lsp4j.jsonrpc.json.StreamMessageProducer.handleMessage(StreamMessageProducer.java:185)
	at org.eclipse.lsp4j.jsonrpc.json.StreamMessageProducer.listen(StreamMessageProducer.java:97)
	at org.eclipse.lsp4j.jsonrpc.json.ConcurrentMessageProcessor.run(ConcurrentMessageProcessor.java:114)
	at java.base/java.util.concurrent.Executors$RunnableAdapter.call(Executors.java:539)
	at java.base/java.util.concurrent.FutureTask.run(FutureTask.java:264)
	at java.base/java.util.concurrent.ThreadPoolExecutor.runWorker(ThreadPoolExecutor.java:1136)
	at java.base/java.util.concurrent.ThreadPoolExecutor$Worker.run(ThreadPoolExecutor.java:635)
	at java.base/java.lang.Thread.run(Thread.java:840)

Jun 30, 2025 1:08:39 PM org.eclipse.lsp4j.jsonrpc.RemoteEndpoint handleNotification
WARNING: Notification threw an exception: {
  "jsonrpc": "2.0",
  "method": "metals/didFocusTextDocument",
  "params": [
    "vscode-notebook-cell:/Users/s.frolkin/Desktop/spark_developer/scala_test.ipynb#W2sZmlsZQ%3D%3D"
  ]
}
java.nio.file.FileSystemNotFoundException: Provider "vscode-notebook-cell" not installed
	at java.base/java.nio.file.Path.of(Path.java:212)
	at java.base/java.nio.file.Paths.get(Paths.java:98)
	at scala.meta.internal.mtags.MtagsEnrichments$XtensionURIMtags.toAbsolutePath(MtagsEnrichments.scala:130)
	at scala.meta.internal.mtags.MtagsEnrichments$XtensionStringMtags.toAbsolutePath(MtagsEnrichments.scala:190)
	at scala.meta.internal.metals.MetalsEnrichments$XtensionString.toAbsolutePath(MetalsEnrichments.scala:787)
	at scala.meta.internal.metals.MetalsEnrichments$XtensionString.toAbsolutePath(MetalsEnrichments.scala:784)
	at scala.meta.internal.metals.WorkspaceLspService.didFocus(WorkspaceLspService.scala:786)
	at scala.meta.metals.lsp.DelegatingScalaService.didFocus(DelegatingScalaService.scala:42)
	at java.base/jdk.internal.reflect.NativeMethodAccessorImpl.invoke0(Native Method)
	at java.base/jdk.internal.reflect.NativeMethodAccessorImpl.invoke(NativeMethodAccessorImpl.java:77)
	at java.base/jdk.internal.reflect.DelegatingMethodAccessorImpl.invoke(DelegatingMethodAccessorImpl.java:43)
	at java.base/java.lang.reflect.Method.invoke(Method.java:569)
	at org.eclipse.lsp4j.jsonrpc.services.GenericEndpoint.lambda$recursiveFindRpcMethods$0(GenericEndpoint.java:65)
	at org.eclipse.lsp4j.jsonrpc.services.GenericEndpoint.notify(GenericEndpoint.java:160)
	at org.eclipse.lsp4j.jsonrpc.RemoteEndpoint.handleNotification(RemoteEndpoint.java:231)
	at org.eclipse.lsp4j.jsonrpc.RemoteEndpoint.consume(RemoteEndpoint.java:198)
	at org.eclipse.lsp4j.jsonrpc.json.StreamMessageProducer.handleMessage(StreamMessageProducer.java:185)
	at org.eclipse.lsp4j.jsonrpc.json.StreamMessageProducer.listen(StreamMessageProducer.java:97)
	at org.eclipse.lsp4j.jsonrpc.json.ConcurrentMessageProcessor.run(ConcurrentMessageProcessor.java:114)
	at java.base/java.util.concurrent.Executors$RunnableAdapter.call(Executors.java:539)
	at java.base/java.util.concurrent.FutureTask.run(FutureTask.java:264)
	at java.base/java.util.concurrent.ThreadPoolExecutor.runWorker(ThreadPoolExecutor.java:1136)
	at java.base/java.util.concurrent.ThreadPoolExecutor$Worker.run(ThreadPoolExecutor.java:635)
	at java.base/java.lang.Thread.run(Thread.java:840)

2025.06.30 13:08:52 ERROR unexpected error during source scanning
java.lang.NullPointerException: Cannot invoke "scala.meta.pc.reports.ReportContext.unsanitized()" because "this.rc" is null
	at scala.meta.internal.mtags.JavaToplevelMtags.indexRoot(JavaToplevelMtags.scala:46)
	at scala.meta.internal.mtags.MtagsIndexer.index(MtagsIndexer.scala:21)
	at scala.meta.internal.mtags.MtagsIndexer.index$(MtagsIndexer.scala:20)
	at scala.meta.internal.mtags.JavaToplevelMtags.index(JavaToplevelMtags.scala:18)
	at scala.meta.internal.mtags.Mtags.indexWithOverrides(Mtags.scala:74)
	at scala.meta.internal.mtags.SymbolIndexBucket.indexSource(SymbolIndexBucket.scala:129)
	at scala.meta.internal.mtags.SymbolIndexBucket.addSourceFile(SymbolIndexBucket.scala:108)
	at scala.meta.internal.mtags.SymbolIndexBucket.$anonfun$addSourceJar$2(SymbolIndexBucket.scala:74)
	at scala.collection.immutable.List.flatMap(List.scala:294)
	at scala.meta.internal.mtags.SymbolIndexBucket.$anonfun$addSourceJar$1(SymbolIndexBucket.scala:70)
	at scala.meta.internal.io.PlatformFileIO$.withJarFileSystem(PlatformFileIO.scala:79)
	at scala.meta.internal.io.FileIO$.withJarFileSystem(FileIO.scala:33)
	at scala.meta.internal.mtags.SymbolIndexBucket.addSourceJar(SymbolIndexBucket.scala:68)
	at scala.meta.internal.mtags.OnDemandSymbolIndex.$anonfun$addSourceJar$2(OnDemandSymbolIndex.scala:85)
	at scala.meta.internal.mtags.OnDemandSymbolIndex.tryRun(OnDemandSymbolIndex.scala:131)
	at scala.meta.internal.mtags.OnDemandSymbolIndex.addSourceJar(OnDemandSymbolIndex.scala:84)
	at scala.meta.internal.metals.Indexer.indexJar(Indexer.scala:565)
	at scala.meta.internal.metals.Indexer.addSourceJarSymbols(Indexer.scala:559)
	at scala.meta.internal.metals.Indexer.$anonfun$indexDependencySources$5(Indexer.scala:387)
	at scala.collection.IterableOnceOps.foreach(IterableOnce.scala:619)
	at scala.collection.IterableOnceOps.foreach$(IterableOnce.scala:617)
	at scala.collection.AbstractIterable.foreach(Iterable.scala:935)
	at scala.collection.IterableOps$WithFilter.foreach(Iterable.scala:905)
	at scala.meta.internal.metals.Indexer.$anonfun$indexDependencySources$1(Indexer.scala:378)
	at scala.meta.internal.metals.Indexer.$anonfun$indexDependencySources$1$adapted(Indexer.scala:377)
	at scala.collection.IterableOnceOps.foreach(IterableOnce.scala:619)
	at scala.collection.IterableOnceOps.foreach$(IterableOnce.scala:617)
	at scala.collection.AbstractIterable.foreach(Iterable.scala:935)
	at scala.meta.internal.metals.Indexer.indexDependencySources(Indexer.scala:377)
	at scala.meta.internal.metals.Indexer.$anonfun$indexWorkspace$20(Indexer.scala:198)
	at scala.runtime.java8.JFunction0$mcV$sp.apply(JFunction0$mcV$sp.scala:18)
	at scala.meta.internal.metals.TimerProvider.timedThunk(TimerProvider.scala:25)
	at scala.meta.internal.metals.Indexer.$anonfun$indexWorkspace$19(Indexer.scala:191)
	at scala.meta.internal.metals.Indexer.$anonfun$indexWorkspace$19$adapted(Indexer.scala:187)
	at scala.collection.immutable.List.foreach(List.scala:334)
	at scala.meta.internal.metals.Indexer.indexWorkspace(Indexer.scala:187)
	at scala.meta.internal.metals.Indexer.$anonfun$profiledIndexWorkspace$2(Indexer.scala:57)
	at scala.runtime.java8.JFunction0$mcV$sp.apply(JFunction0$mcV$sp.scala:18)
	at scala.meta.internal.metals.TimerProvider.timedThunk(TimerProvider.scala:25)
	at scala.meta.internal.metals.Indexer.$anonfun$profiledIndexWorkspace$1(Indexer.scala:57)
	at scala.runtime.java8.JFunction0$mcV$sp.apply(JFunction0$mcV$sp.scala:18)
	at scala.concurrent.Future$.$anonfun$apply$1(Future.scala:687)
	at scala.concurrent.impl.Promise$Transformation.run(Promise.scala:467)
	at java.util.concurrent.ThreadPoolExecutor.runWorker(ThreadPoolExecutor.java:1136)
	at java.util.concurrent.ThreadPoolExecutor$Worker.run(ThreadPoolExecutor.java:635)
	at java.lang.Thread.run(Thread.java:840)

2025.06.30 13:08:52 ERROR unexpected error during source scanning
java.lang.NullPointerException: Cannot invoke "scala.meta.pc.reports.ReportContext.unsanitized()" because "this.rc" is null
	at scala.meta.internal.mtags.JavaToplevelMtags.indexRoot(JavaToplevelMtags.scala:46)
	at scala.meta.internal.mtags.MtagsIndexer.index(MtagsIndexer.scala:21)
	at scala.meta.internal.mtags.MtagsIndexer.index$(MtagsIndexer.scala:20)
	at scala.meta.internal.mtags.JavaToplevelMtags.index(JavaToplevelMtags.scala:18)
	at scala.meta.internal.mtags.Mtags.indexWithOverrides(Mtags.scala:74)
	at scala.meta.internal.mtags.SymbolIndexBucket.indexSource(SymbolIndexBucket.scala:129)
	at scala.meta.internal.mtags.SymbolIndexBucket.addSourceFile(SymbolIndexBucket.scala:108)
	at scala.meta.internal.mtags.SymbolIndexBucket.$anonfun$addSourceJar$2(SymbolIndexBucket.scala:74)
	at scala.collection.immutable.List.flatMap(List.scala:294)
	at scala.meta.internal.mtags.SymbolIndexBucket.$anonfun$addSourceJar$1(SymbolIndexBucket.scala:70)
	at scala.meta.internal.io.PlatformFileIO$.withJarFileSystem(PlatformFileIO.scala:79)
	at scala.meta.internal.io.FileIO$.withJarFileSystem(FileIO.scala:33)
	at scala.meta.internal.mtags.SymbolIndexBucket.addSourceJar(SymbolIndexBucket.scala:68)
	at scala.meta.internal.mtags.OnDemandSymbolIndex.$anonfun$addSourceJar$2(OnDemandSymbolIndex.scala:85)
	at scala.meta.internal.mtags.OnDemandSymbolIndex.tryRun(OnDemandSymbolIndex.scala:131)
	at scala.meta.internal.mtags.OnDemandSymbolIndex.addSourceJar(OnDemandSymbolIndex.scala:84)
	at scala.meta.internal.metals.Indexer.indexJar(Indexer.scala:565)
	at scala.meta.internal.metals.Indexer.addSourceJarSymbols(Indexer.scala:559)
	at scala.meta.internal.metals.Indexer.$anonfun$indexDependencySources$5(Indexer.scala:387)
	at scala.collection.IterableOnceOps.foreach(IterableOnce.scala:619)
	at scala.collection.IterableOnceOps.foreach$(IterableOnce.scala:617)
	at scala.collection.AbstractIterable.foreach(Iterable.scala:935)
	at scala.collection.IterableOps$WithFilter.foreach(Iterable.scala:905)
	at scala.meta.internal.metals.Indexer.$anonfun$indexDependencySources$1(Indexer.scala:378)
	at scala.meta.internal.metals.Indexer.$anonfun$indexDependencySources$1$adapted(Indexer.scala:377)
	at scala.collection.IterableOnceOps.foreach(IterableOnce.scala:619)
	at scala.collection.IterableOnceOps.foreach$(IterableOnce.scala:617)
	at scala.collection.AbstractIterable.foreach(Iterable.scala:935)
	at scala.meta.internal.metals.Indexer.indexDependencySources(Indexer.scala:377)
	at scala.meta.internal.metals.Indexer.$anonfun$indexWorkspace$20(Indexer.scala:198)
	at scala.runtime.java8.JFunction0$mcV$sp.apply(JFunction0$mcV$sp.scala:18)
	at scala.meta.internal.metals.TimerProvider.timedThunk(TimerProvider.scala:25)
	at scala.meta.internal.metals.Indexer.$anonfun$indexWorkspace$19(Indexer.scala:191)
	at scala.meta.internal.metals.Indexer.$anonfun$indexWorkspace$19$adapted(Indexer.scala:187)
	at scala.collection.immutable.List.foreach(List.scala:334)
	at scala.meta.internal.metals.Indexer.indexWorkspace(Indexer.scala:187)
	at scala.meta.internal.metals.Indexer.$anonfun$profiledIndexWorkspace$2(Indexer.scala:57)
	at scala.runtime.java8.JFunction0$mcV$sp.apply(JFunction0$mcV$sp.scala:18)
	at scala.meta.internal.metals.TimerProvider.timedThunk(TimerProvider.scala:25)
	at scala.meta.internal.metals.Indexer.$anonfun$profiledIndexWorkspace$1(Indexer.scala:57)
	at scala.runtime.java8.JFunction0$mcV$sp.apply(JFunction0$mcV$sp.scala:18)
	at scala.concurrent.Future$.$anonfun$apply$1(Future.scala:687)
	at scala.concurrent.impl.Promise$Transformation.run(Promise.scala:467)
	at java.util.concurrent.ThreadPoolExecutor.runWorker(ThreadPoolExecutor.java:1136)
	at java.util.concurrent.ThreadPoolExecutor$Worker.run(ThreadPoolExecutor.java:635)
	at java.lang.Thread.run(Thread.java:840)

2025.06.30 13:08:52 ERROR unexpected error during source scanning
java.lang.NullPointerException: Cannot invoke "scala.meta.pc.reports.ReportContext.unsanitized()" because "this.rc" is null
	at scala.meta.internal.mtags.JavaToplevelMtags.indexRoot(JavaToplevelMtags.scala:46)
	at scala.meta.internal.mtags.MtagsIndexer.index(MtagsIndexer.scala:21)
	at scala.meta.internal.mtags.MtagsIndexer.index$(MtagsIndexer.scala:20)
	at scala.meta.internal.mtags.JavaToplevelMtags.index(JavaToplevelMtags.scala:18)
	at scala.meta.internal.mtags.Mtags.indexWithOverrides(Mtags.scala:74)
	at scala.meta.internal.mtags.SymbolIndexBucket.indexSource(SymbolIndexBucket.scala:129)
	at scala.meta.internal.mtags.SymbolIndexBucket.addSourceFile(SymbolIndexBucket.scala:108)
	at scala.meta.internal.mtags.SymbolIndexBucket.$anonfun$addSourceJar$2(SymbolIndexBucket.scala:74)
	at scala.collection.immutable.List.flatMap(List.scala:294)
	at scala.meta.internal.mtags.SymbolIndexBucket.$anonfun$addSourceJar$1(SymbolIndexBucket.scala:70)
	at scala.meta.internal.io.PlatformFileIO$.withJarFileSystem(PlatformFileIO.scala:79)
	at scala.meta.internal.io.FileIO$.withJarFileSystem(FileIO.scala:33)
	at scala.meta.internal.mtags.SymbolIndexBucket.addSourceJar(SymbolIndexBucket.scala:68)
	at scala.meta.internal.mtags.OnDemandSymbolIndex.$anonfun$addSourceJar$2(OnDemandSymbolIndex.scala:85)
	at scala.meta.internal.mtags.OnDemandSymbolIndex.tryRun(OnDemandSymbolIndex.scala:131)
	at scala.meta.internal.mtags.OnDemandSymbolIndex.addSourceJar(OnDemandSymbolIndex.scala:84)
	at scala.meta.internal.metals.Indexer.indexJar(Indexer.scala:565)
	at scala.meta.internal.metals.Indexer.addSourceJarSymbols(Indexer.scala:559)
	at scala.meta.internal.metals.Indexer.$anonfun$indexDependencySources$5(Indexer.scala:387)
	at scala.collection.IterableOnceOps.foreach(IterableOnce.scala:619)
	at scala.collection.IterableOnceOps.foreach$(IterableOnce.scala:617)
	at scala.collection.AbstractIterable.foreach(Iterable.scala:935)
	at scala.collection.IterableOps$WithFilter.foreach(Iterable.scala:905)
	at scala.meta.internal.metals.Indexer.$anonfun$indexDependencySources$1(Indexer.scala:378)
	at scala.meta.internal.metals.Indexer.$anonfun$indexDependencySources$1$adapted(Indexer.scala:377)
	at scala.collection.IterableOnceOps.foreach(IterableOnce.scala:619)
	at scala.collection.IterableOnceOps.foreach$(IterableOnce.scala:617)
	at scala.collection.AbstractIterable.foreach(Iterable.scala:935)
	at scala.meta.internal.metals.Indexer.indexDependencySources(Indexer.scala:377)
	at scala.meta.internal.metals.Indexer.$anonfun$indexWorkspace$20(Indexer.scala:198)
	at scala.runtime.java8.JFunction0$mcV$sp.apply(JFunction0$mcV$sp.scala:18)
	at scala.meta.internal.metals.TimerProvider.timedThunk(TimerProvider.scala:25)
	at scala.meta.internal.metals.Indexer.$anonfun$indexWorkspace$19(Indexer.scala:191)
	at scala.meta.internal.metals.Indexer.$anonfun$indexWorkspace$19$adapted(Indexer.scala:187)
	at scala.collection.immutable.List.foreach(List.scala:334)
	at scala.meta.internal.metals.Indexer.indexWorkspace(Indexer.scala:187)
	at scala.meta.internal.metals.Indexer.$anonfun$profiledIndexWorkspace$2(Indexer.scala:57)
	at scala.runtime.java8.JFunction0$mcV$sp.apply(JFunction0$mcV$sp.scala:18)
	at scala.meta.internal.metals.TimerProvider.timedThunk(TimerProvider.scala:25)
	at scala.meta.internal.metals.Indexer.$anonfun$profiledIndexWorkspace$1(Indexer.scala:57)
	at scala.runtime.java8.JFunction0$mcV$sp.apply(JFunction0$mcV$sp.scala:18)
	at scala.concurrent.Future$.$anonfun$apply$1(Future.scala:687)
	at scala.concurrent.impl.Promise$Transformation.run(Promise.scala:467)
	at java.util.concurrent.ThreadPoolExecutor.runWorker(ThreadPoolExecutor.java:1136)
	at java.util.concurrent.ThreadPoolExecutor$Worker.run(ThreadPoolExecutor.java:635)
	at java.lang.Thread.run(Thread.java:840)

2025.06.30 13:08:52 ERROR unexpected error during source scanning
java.lang.NullPointerException: Cannot invoke "scala.meta.pc.reports.ReportContext.unsanitized()" because "this.rc" is null
	at scala.meta.internal.mtags.JavaToplevelMtags.indexRoot(JavaToplevelMtags.scala:46)
	at scala.meta.internal.mtags.MtagsIndexer.index(MtagsIndexer.scala:21)
	at scala.meta.internal.mtags.MtagsIndexer.index$(MtagsIndexer.scala:20)
	at scala.meta.internal.mtags.JavaToplevelMtags.index(JavaToplevelMtags.scala:18)
	at scala.meta.internal.mtags.Mtags.indexWithOverrides(Mtags.scala:74)
	at scala.meta.internal.mtags.SymbolIndexBucket.indexSource(SymbolIndexBucket.scala:129)
	at scala.meta.internal.mtags.SymbolIndexBucket.addSourceFile(SymbolIndexBucket.scala:108)
	at scala.meta.internal.mtags.SymbolIndexBucket.$anonfun$addSourceJar$2(SymbolIndexBucket.scala:74)
	at scala.collection.immutable.List.flatMap(List.scala:294)
	at scala.meta.internal.mtags.SymbolIndexBucket.$anonfun$addSourceJar$1(SymbolIndexBucket.scala:70)
	at scala.meta.internal.io.PlatformFileIO$.withJarFileSystem(PlatformFileIO.scala:79)
	at scala.meta.internal.io.FileIO$.withJarFileSystem(FileIO.scala:33)
	at scala.meta.internal.mtags.SymbolIndexBucket.addSourceJar(SymbolIndexBucket.scala:68)
	at scala.meta.internal.mtags.OnDemandSymbolIndex.$anonfun$addSourceJar$2(OnDemandSymbolIndex.scala:85)
	at scala.meta.internal.mtags.OnDemandSymbolIndex.tryRun(OnDemandSymbolIndex.scala:131)
	at scala.meta.internal.mtags.OnDemandSymbolIndex.addSourceJar(OnDemandSymbolIndex.scala:84)
	at scala.meta.internal.metals.Indexer.indexJar(Indexer.scala:565)
	at scala.meta.internal.metals.Indexer.addSourceJarSymbols(Indexer.scala:559)
	at scala.meta.internal.metals.Indexer.$anonfun$indexDependencySources$5(Indexer.scala:387)
	at scala.collection.IterableOnceOps.foreach(IterableOnce.scala:619)
	at scala.collection.IterableOnceOps.foreach$(IterableOnce.scala:617)
	at scala.collection.AbstractIterable.foreach(Iterable.scala:935)
	at scala.collection.IterableOps$WithFilter.foreach(Iterable.scala:905)
	at scala.meta.internal.metals.Indexer.$anonfun$indexDependencySources$1(Indexer.scala:378)
	at scala.meta.internal.metals.Indexer.$anonfun$indexDependencySources$1$adapted(Indexer.scala:377)
	at scala.collection.IterableOnceOps.foreach(IterableOnce.scala:619)
	at scala.collection.IterableOnceOps.foreach$(IterableOnce.scala:617)
	at scala.collection.AbstractIterable.foreach(Iterable.scala:935)
	at scala.meta.internal.metals.Indexer.indexDependencySources(Indexer.scala:377)
	at scala.meta.internal.metals.Indexer.$anonfun$indexWorkspace$20(Indexer.scala:198)
	at scala.runtime.java8.JFunction0$mcV$sp.apply(JFunction0$mcV$sp.scala:18)
	at scala.meta.internal.metals.TimerProvider.timedThunk(TimerProvider.scala:25)
	at scala.meta.internal.metals.Indexer.$anonfun$indexWorkspace$19(Indexer.scala:191)
	at scala.meta.internal.metals.Indexer.$anonfun$indexWorkspace$19$adapted(Indexer.scala:187)
	at scala.collection.immutable.List.foreach(List.scala:334)
	at scala.meta.internal.metals.Indexer.indexWorkspace(Indexer.scala:187)
	at scala.meta.internal.metals.Indexer.$anonfun$profiledIndexWorkspace$2(Indexer.scala:57)
	at scala.runtime.java8.JFunction0$mcV$sp.apply(JFunction0$mcV$sp.scala:18)
	at scala.meta.internal.metals.TimerProvider.timedThunk(TimerProvider.scala:25)
	at scala.meta.internal.metals.Indexer.$anonfun$profiledIndexWorkspace$1(Indexer.scala:57)
	at scala.runtime.java8.JFunction0$mcV$sp.apply(JFunction0$mcV$sp.scala:18)
	at scala.concurrent.Future$.$anonfun$apply$1(Future.scala:687)
	at scala.concurrent.impl.Promise$Transformation.run(Promise.scala:467)
	at java.util.concurrent.ThreadPoolExecutor.runWorker(ThreadPoolExecutor.java:1136)
	at java.util.concurrent.ThreadPoolExecutor$Worker.run(ThreadPoolExecutor.java:635)
	at java.lang.Thread.run(Thread.java:840)

2025.06.30 13:08:52 ERROR unexpected error during source scanning
java.lang.NullPointerException: Cannot invoke "scala.meta.pc.reports.ReportContext.unsanitized()" because "this.rc" is null
	at scala.meta.internal.mtags.JavaToplevelMtags.indexRoot(JavaToplevelMtags.scala:46)
	at scala.meta.internal.mtags.MtagsIndexer.index(MtagsIndexer.scala:21)
	at scala.meta.internal.mtags.MtagsIndexer.index$(MtagsIndexer.scala:20)
	at scala.meta.internal.mtags.JavaToplevelMtags.index(JavaToplevelMtags.scala:18)
	at scala.meta.internal.mtags.Mtags.indexWithOverrides(Mtags.scala:74)
	at scala.meta.internal.mtags.SymbolIndexBucket.indexSource(SymbolIndexBucket.scala:129)
	at scala.meta.internal.mtags.SymbolIndexBucket.addSourceFile(SymbolIndexBucket.scala:108)
	at scala.meta.internal.mtags.SymbolIndexBucket.$anonfun$addSourceJar$2(SymbolIndexBucket.scala:74)
	at scala.collection.immutable.List.flatMap(List.scala:294)
	at scala.meta.internal.mtags.SymbolIndexBucket.$anonfun$addSourceJar$1(SymbolIndexBucket.scala:70)
	at scala.meta.internal.io.PlatformFileIO$.withJarFileSystem(PlatformFileIO.scala:79)
	at scala.meta.internal.io.FileIO$.withJarFileSystem(FileIO.scala:33)
	at scala.meta.internal.mtags.SymbolIndexBucket.addSourceJar(SymbolIndexBucket.scala:68)
	at scala.meta.internal.mtags.OnDemandSymbolIndex.$anonfun$addSourceJar$2(OnDemandSymbolIndex.scala:85)
	at scala.meta.internal.mtags.OnDemandSymbolIndex.tryRun(OnDemandSymbolIndex.scala:131)
	at scala.meta.internal.mtags.OnDemandSymbolIndex.addSourceJar(OnDemandSymbolIndex.scala:84)
	at scala.meta.internal.metals.Indexer.indexJar(Indexer.scala:565)
	at scala.meta.internal.metals.Indexer.addSourceJarSymbols(Indexer.scala:559)
	at scala.meta.internal.metals.Indexer.$anonfun$indexDependencySources$5(Indexer.scala:387)
	at scala.collection.IterableOnceOps.foreach(IterableOnce.scala:619)
	at scala.collection.IterableOnceOps.foreach$(IterableOnce.scala:617)
	at scala.collection.AbstractIterable.foreach(Iterable.scala:935)
	at scala.collection.IterableOps$WithFilter.foreach(Iterable.scala:905)
	at scala.meta.internal.metals.Indexer.$anonfun$indexDependencySources$1(Indexer.scala:378)
	at scala.meta.internal.metals.Indexer.$anonfun$indexDependencySources$1$adapted(Indexer.scala:377)
	at scala.collection.IterableOnceOps.foreach(IterableOnce.scala:619)
	at scala.collection.IterableOnceOps.foreach$(IterableOnce.scala:617)
	at scala.collection.AbstractIterable.foreach(Iterable.scala:935)
	at scala.meta.internal.metals.Indexer.indexDependencySources(Indexer.scala:377)
	at scala.meta.internal.metals.Indexer.$anonfun$indexWorkspace$20(Indexer.scala:198)
	at scala.runtime.java8.JFunction0$mcV$sp.apply(JFunction0$mcV$sp.scala:18)
	at scala.meta.internal.metals.TimerProvider.timedThunk(TimerProvider.scala:25)
	at scala.meta.internal.metals.Indexer.$anonfun$indexWorkspace$19(Indexer.scala:191)
	at scala.meta.internal.metals.Indexer.$anonfun$indexWorkspace$19$adapted(Indexer.scala:187)
	at scala.collection.immutable.List.foreach(List.scala:334)
	at scala.meta.internal.metals.Indexer.indexWorkspace(Indexer.scala:187)
	at scala.meta.internal.metals.Indexer.$anonfun$profiledIndexWorkspace$2(Indexer.scala:57)
	at scala.runtime.java8.JFunction0$mcV$sp.apply(JFunction0$mcV$sp.scala:18)
	at scala.meta.internal.metals.TimerProvider.timedThunk(TimerProvider.scala:25)
	at scala.meta.internal.metals.Indexer.$anonfun$profiledIndexWorkspace$1(Indexer.scala:57)
	at scala.runtime.java8.JFunction0$mcV$sp.apply(JFunction0$mcV$sp.scala:18)
	at scala.concurrent.Future$.$anonfun$apply$1(Future.scala:687)
	at scala.concurrent.impl.Promise$Transformation.run(Promise.scala:467)
	at java.util.concurrent.ThreadPoolExecutor.runWorker(ThreadPoolExecutor.java:1136)
	at java.util.concurrent.ThreadPoolExecutor$Worker.run(ThreadPoolExecutor.java:635)
	at java.lang.Thread.run(Thread.java:840)

2025.06.30 13:08:52 ERROR unexpected error during source scanning
java.lang.NullPointerException: Cannot invoke "scala.meta.pc.reports.ReportContext.unsanitized()" because "this.rc" is null
	at scala.meta.internal.mtags.JavaToplevelMtags.indexRoot(JavaToplevelMtags.scala:46)
	at scala.meta.internal.mtags.MtagsIndexer.index(MtagsIndexer.scala:21)
	at scala.meta.internal.mtags.MtagsIndexer.index$(MtagsIndexer.scala:20)
	at scala.meta.internal.mtags.JavaToplevelMtags.index(JavaToplevelMtags.scala:18)
	at scala.meta.internal.mtags.Mtags.indexWithOverrides(Mtags.scala:74)
	at scala.meta.internal.mtags.SymbolIndexBucket.indexSource(SymbolIndexBucket.scala:129)
	at scala.meta.internal.mtags.SymbolIndexBucket.addSourceFile(SymbolIndexBucket.scala:108)
	at scala.meta.internal.mtags.SymbolIndexBucket.$anonfun$addSourceJar$2(SymbolIndexBucket.scala:74)
	at scala.collection.immutable.List.flatMap(List.scala:294)
	at scala.meta.internal.mtags.SymbolIndexBucket.$anonfun$addSourceJar$1(SymbolIndexBucket.scala:70)
	at scala.meta.internal.io.PlatformFileIO$.withJarFileSystem(PlatformFileIO.scala:79)
	at scala.meta.internal.io.FileIO$.withJarFileSystem(FileIO.scala:33)
	at scala.meta.internal.mtags.SymbolIndexBucket.addSourceJar(SymbolIndexBucket.scala:68)
	at scala.meta.internal.mtags.OnDemandSymbolIndex.$anonfun$addSourceJar$2(OnDemandSymbolIndex.scala:85)
	at scala.meta.internal.mtags.OnDemandSymbolIndex.tryRun(OnDemandSymbolIndex.scala:131)
	at scala.meta.internal.mtags.OnDemandSymbolIndex.addSourceJar(OnDemandSymbolIndex.scala:84)
	at scala.meta.internal.metals.Indexer.indexJar(Indexer.scala:565)
	at scala.meta.internal.metals.Indexer.addSourceJarSymbols(Indexer.scala:559)
	at scala.meta.internal.metals.Indexer.$anonfun$indexDependencySources$5(Indexer.scala:387)
	at scala.collection.IterableOnceOps.foreach(IterableOnce.scala:619)
	at scala.collection.IterableOnceOps.foreach$(IterableOnce.scala:617)
	at scala.collection.AbstractIterable.foreach(Iterable.scala:935)
	at scala.collection.IterableOps$WithFilter.foreach(Iterable.scala:905)
	at scala.meta.internal.metals.Indexer.$anonfun$indexDependencySources$1(Indexer.scala:378)
	at scala.meta.internal.metals.Indexer.$anonfun$indexDependencySources$1$adapted(Indexer.scala:377)
	at scala.collection.IterableOnceOps.foreach(IterableOnce.scala:619)
	at scala.collection.IterableOnceOps.foreach$(IterableOnce.scala:617)
	at scala.collection.AbstractIterable.foreach(Iterable.scala:935)
	at scala.meta.internal.metals.Indexer.indexDependencySources(Indexer.scala:377)
	at scala.meta.internal.metals.Indexer.$anonfun$indexWorkspace$20(Indexer.scala:198)
	at scala.runtime.java8.JFunction0$mcV$sp.apply(JFunction0$mcV$sp.scala:18)
	at scala.meta.internal.metals.TimerProvider.timedThunk(TimerProvider.scala:25)
	at scala.meta.internal.metals.Indexer.$anonfun$indexWorkspace$19(Indexer.scala:191)
	at scala.meta.internal.metals.Indexer.$anonfun$indexWorkspace$19$adapted(Indexer.scala:187)
	at scala.collection.immutable.List.foreach(List.scala:334)
	at scala.meta.internal.metals.Indexer.indexWorkspace(Indexer.scala:187)
	at scala.meta.internal.metals.Indexer.$anonfun$profiledIndexWorkspace$2(Indexer.scala:57)
	at scala.runtime.java8.JFunction0$mcV$sp.apply(JFunction0$mcV$sp.scala:18)
	at scala.meta.internal.metals.TimerProvider.timedThunk(TimerProvider.scala:25)
	at scala.meta.internal.metals.Indexer.$anonfun$profiledIndexWorkspace$1(Indexer.scala:57)
	at scala.runtime.java8.JFunction0$mcV$sp.apply(JFunction0$mcV$sp.scala:18)
	at scala.concurrent.Future$.$anonfun$apply$1(Future.scala:687)
	at scala.concurrent.impl.Promise$Transformation.run(Promise.scala:467)
	at java.util.concurrent.ThreadPoolExecutor.runWorker(ThreadPoolExecutor.java:1136)
	at java.util.concurrent.ThreadPoolExecutor$Worker.run(ThreadPoolExecutor.java:635)
	at java.lang.Thread.run(Thread.java:840)

2025.06.30 13:08:52 ERROR unexpected error during source scanning
java.lang.NullPointerException: Cannot invoke "scala.meta.pc.reports.ReportContext.unsanitized()" because "this.rc" is null
	at scala.meta.internal.mtags.JavaToplevelMtags.indexRoot(JavaToplevelMtags.scala:46)
	at scala.meta.internal.mtags.MtagsIndexer.index(MtagsIndexer.scala:21)
	at scala.meta.internal.mtags.MtagsIndexer.index$(MtagsIndexer.scala:20)
	at scala.meta.internal.mtags.JavaToplevelMtags.index(JavaToplevelMtags.scala:18)
	at scala.meta.internal.mtags.Mtags.indexWithOverrides(Mtags.scala:74)
	at scala.meta.internal.mtags.SymbolIndexBucket.indexSource(SymbolIndexBucket.scala:129)
	at scala.meta.internal.mtags.SymbolIndexBucket.addSourceFile(SymbolIndexBucket.scala:108)
	at scala.meta.internal.mtags.SymbolIndexBucket.$anonfun$addSourceJar$2(SymbolIndexBucket.scala:74)
	at scala.collection.immutable.List.flatMap(List.scala:294)
	at scala.meta.internal.mtags.SymbolIndexBucket.$anonfun$addSourceJar$1(SymbolIndexBucket.scala:70)
	at scala.meta.internal.io.PlatformFileIO$.withJarFileSystem(PlatformFileIO.scala:79)
	at scala.meta.internal.io.FileIO$.withJarFileSystem(FileIO.scala:33)
	at scala.meta.internal.mtags.SymbolIndexBucket.addSourceJar(SymbolIndexBucket.scala:68)
	at scala.meta.internal.mtags.OnDemandSymbolIndex.$anonfun$addSourceJar$2(OnDemandSymbolIndex.scala:85)
	at scala.meta.internal.mtags.OnDemandSymbolIndex.tryRun(OnDemandSymbolIndex.scala:131)
	at scala.meta.internal.mtags.OnDemandSymbolIndex.addSourceJar(OnDemandSymbolIndex.scala:84)
	at scala.meta.internal.metals.Indexer.indexJar(Indexer.scala:565)
	at scala.meta.internal.metals.Indexer.addSourceJarSymbols(Indexer.scala:559)
	at scala.meta.internal.metals.Indexer.$anonfun$indexDependencySources$5(Indexer.scala:387)
	at scala.collection.IterableOnceOps.foreach(IterableOnce.scala:619)
	at scala.collection.IterableOnceOps.foreach$(IterableOnce.scala:617)
	at scala.collection.AbstractIterable.foreach(Iterable.scala:935)
	at scala.collection.IterableOps$WithFilter.foreach(Iterable.scala:905)
	at scala.meta.internal.metals.Indexer.$anonfun$indexDependencySources$1(Indexer.scala:378)
	at scala.meta.internal.metals.Indexer.$anonfun$indexDependencySources$1$adapted(Indexer.scala:377)
	at scala.collection.IterableOnceOps.foreach(IterableOnce.scala:619)
	at scala.collection.IterableOnceOps.foreach$(IterableOnce.scala:617)
	at scala.collection.AbstractIterable.foreach(Iterable.scala:935)
	at scala.meta.internal.metals.Indexer.indexDependencySources(Indexer.scala:377)
	at scala.meta.internal.metals.Indexer.$anonfun$indexWorkspace$20(Indexer.scala:198)
	at scala.runtime.java8.JFunction0$mcV$sp.apply(JFunction0$mcV$sp.scala:18)
	at scala.meta.internal.metals.TimerProvider.timedThunk(TimerProvider.scala:25)
	at scala.meta.internal.metals.Indexer.$anonfun$indexWorkspace$19(Indexer.scala:191)
	at scala.meta.internal.metals.Indexer.$anonfun$indexWorkspace$19$adapted(Indexer.scala:187)
	at scala.collection.immutable.List.foreach(List.scala:334)
	at scala.meta.internal.metals.Indexer.indexWorkspace(Indexer.scala:187)
	at scala.meta.internal.metals.Indexer.$anonfun$profiledIndexWorkspace$2(Indexer.scala:57)
	at scala.runtime.java8.JFunction0$mcV$sp.apply(JFunction0$mcV$sp.scala:18)
	at scala.meta.internal.metals.TimerProvider.timedThunk(TimerProvider.scala:25)
	at scala.meta.internal.metals.Indexer.$anonfun$profiledIndexWorkspace$1(Indexer.scala:57)
	at scala.runtime.java8.JFunction0$mcV$sp.apply(JFunction0$mcV$sp.scala:18)
	at scala.concurrent.Future$.$anonfun$apply$1(Future.scala:687)
	at scala.concurrent.impl.Promise$Transformation.run(Promise.scala:467)
	at java.util.concurrent.ThreadPoolExecutor.runWorker(ThreadPoolExecutor.java:1136)
	at java.util.concurrent.ThreadPoolExecutor$Worker.run(ThreadPoolExecutor.java:635)
	at java.lang.Thread.run(Thread.java:840)

2025.06.30 13:08:52 ERROR unexpected error during source scanning
java.lang.NullPointerException: Cannot invoke "scala.meta.pc.reports.ReportContext.unsanitized()" because "this.rc" is null
	at scala.meta.internal.mtags.JavaToplevelMtags.indexRoot(JavaToplevelMtags.scala:46)
	at scala.meta.internal.mtags.MtagsIndexer.index(MtagsIndexer.scala:21)
	at scala.meta.internal.mtags.MtagsIndexer.index$(MtagsIndexer.scala:20)
	at scala.meta.internal.mtags.JavaToplevelMtags.index(JavaToplevelMtags.scala:18)
	at scala.meta.internal.mtags.Mtags.indexWithOverrides(Mtags.scala:74)
	at scala.meta.internal.mtags.SymbolIndexBucket.indexSource(SymbolIndexBucket.scala:129)
	at scala.meta.internal.mtags.SymbolIndexBucket.addSourceFile(SymbolIndexBucket.scala:108)
	at scala.meta.internal.mtags.SymbolIndexBucket.$anonfun$addSourceJar$2(SymbolIndexBucket.scala:74)
	at scala.collection.immutable.List.flatMap(List.scala:294)
	at scala.meta.internal.mtags.SymbolIndexBucket.$anonfun$addSourceJar$1(SymbolIndexBucket.scala:70)
	at scala.meta.internal.io.PlatformFileIO$.withJarFileSystem(PlatformFileIO.scala:79)
	at scala.meta.internal.io.FileIO$.withJarFileSystem(FileIO.scala:33)
	at scala.meta.internal.mtags.SymbolIndexBucket.addSourceJar(SymbolIndexBucket.scala:68)
	at scala.meta.internal.mtags.OnDemandSymbolIndex.$anonfun$addSourceJar$2(OnDemandSymbolIndex.scala:85)
	at scala.meta.internal.mtags.OnDemandSymbolIndex.tryRun(OnDemandSymbolIndex.scala:131)
	at scala.meta.internal.mtags.OnDemandSymbolIndex.addSourceJar(OnDemandSymbolIndex.scala:84)
	at scala.meta.internal.metals.Indexer.indexJar(Indexer.scala:565)
	at scala.meta.internal.metals.Indexer.addSourceJarSymbols(Indexer.scala:559)
	at scala.meta.internal.metals.Indexer.$anonfun$indexDependencySources$5(Indexer.scala:387)
	at scala.collection.IterableOnceOps.foreach(IterableOnce.scala:619)
	at scala.collection.IterableOnceOps.foreach$(IterableOnce.scala:617)
	at scala.collection.AbstractIterable.foreach(Iterable.scala:935)
	at scala.collection.IterableOps$WithFilter.foreach(Iterable.scala:905)
	at scala.meta.internal.metals.Indexer.$anonfun$indexDependencySources$1(Indexer.scala:378)
	at scala.meta.internal.metals.Indexer.$anonfun$indexDependencySources$1$adapted(Indexer.scala:377)
	at scala.collection.IterableOnceOps.foreach(IterableOnce.scala:619)
	at scala.collection.IterableOnceOps.foreach$(IterableOnce.scala:617)
	at scala.collection.AbstractIterable.foreach(Iterable.scala:935)
	at scala.meta.internal.metals.Indexer.indexDependencySources(Indexer.scala:377)
	at scala.meta.internal.metals.Indexer.$anonfun$indexWorkspace$20(Indexer.scala:198)
	at scala.runtime.java8.JFunction0$mcV$sp.apply(JFunction0$mcV$sp.scala:18)
	at scala.meta.internal.metals.TimerProvider.timedThunk(TimerProvider.scala:25)
	at scala.meta.internal.metals.Indexer.$anonfun$indexWorkspace$19(Indexer.scala:191)
	at scala.meta.internal.metals.Indexer.$anonfun$indexWorkspace$19$adapted(Indexer.scala:187)
	at scala.collection.immutable.List.foreach(List.scala:334)
	at scala.meta.internal.metals.Indexer.indexWorkspace(Indexer.scala:187)
	at scala.meta.internal.metals.Indexer.$anonfun$profiledIndexWorkspace$2(Indexer.scala:57)
	at scala.runtime.java8.JFunction0$mcV$sp.apply(JFunction0$mcV$sp.scala:18)
	at scala.meta.internal.metals.TimerProvider.timedThunk(TimerProvider.scala:25)
	at scala.meta.internal.metals.Indexer.$anonfun$profiledIndexWorkspace$1(Indexer.scala:57)
	at scala.runtime.java8.JFunction0$mcV$sp.apply(JFunction0$mcV$sp.scala:18)
	at scala.concurrent.Future$.$anonfun$apply$1(Future.scala:687)
	at scala.concurrent.impl.Promise$Transformation.run(Promise.scala:467)
	at java.util.concurrent.ThreadPoolExecutor.runWorker(ThreadPoolExecutor.java:1136)
	at java.util.concurrent.ThreadPoolExecutor$Worker.run(ThreadPoolExecutor.java:635)
	at java.lang.Thread.run(Thread.java:840)

2025.06.30 13:08:52 ERROR unexpected error during source scanning
java.lang.NullPointerException: Cannot invoke "scala.meta.pc.reports.ReportContext.unsanitized()" because "this.rc" is null
	at scala.meta.internal.mtags.JavaToplevelMtags.indexRoot(JavaToplevelMtags.scala:46)
	at scala.meta.internal.mtags.MtagsIndexer.index(MtagsIndexer.scala:21)
	at scala.meta.internal.mtags.MtagsIndexer.index$(MtagsIndexer.scala:20)
	at scala.meta.internal.mtags.JavaToplevelMtags.index(JavaToplevelMtags.scala:18)
	at scala.meta.internal.mtags.Mtags.indexWithOverrides(Mtags.scala:74)
	at scala.meta.internal.mtags.SymbolIndexBucket.indexSource(SymbolIndexBucket.scala:129)
	at scala.meta.internal.mtags.SymbolIndexBucket.addSourceFile(SymbolIndexBucket.scala:108)
	at scala.meta.internal.mtags.SymbolIndexBucket.$anonfun$addSourceJar$2(SymbolIndexBucket.scala:74)
	at scala.collection.immutable.List.flatMap(List.scala:294)
	at scala.meta.internal.mtags.SymbolIndexBucket.$anonfun$addSourceJar$1(SymbolIndexBucket.scala:70)
	at scala.meta.internal.io.PlatformFileIO$.withJarFileSystem(PlatformFileIO.scala:79)
	at scala.meta.internal.io.FileIO$.withJarFileSystem(FileIO.scala:33)
	at scala.meta.internal.mtags.SymbolIndexBucket.addSourceJar(SymbolIndexBucket.scala:68)
	at scala.meta.internal.mtags.OnDemandSymbolIndex.$anonfun$addSourceJar$2(OnDemandSymbolIndex.scala:85)
	at scala.meta.internal.mtags.OnDemandSymbolIndex.tryRun(OnDemandSymbolIndex.scala:131)
	at scala.meta.internal.mtags.OnDemandSymbolIndex.addSourceJar(OnDemandSymbolIndex.scala:84)
	at scala.meta.internal.metals.Indexer.indexJar(Indexer.scala:565)
	at scala.meta.internal.metals.Indexer.addSourceJarSymbols(Indexer.scala:559)
	at scala.meta.internal.metals.Indexer.$anonfun$indexDependencySources$5(Indexer.scala:387)
	at scala.collection.IterableOnceOps.foreach(IterableOnce.scala:619)
	at scala.collection.IterableOnceOps.foreach$(IterableOnce.scala:617)
	at scala.collection.AbstractIterable.foreach(Iterable.scala:935)
	at scala.collection.IterableOps$WithFilter.foreach(Iterable.scala:905)
	at scala.meta.internal.metals.Indexer.$anonfun$indexDependencySources$1(Indexer.scala:378)
	at scala.meta.internal.metals.Indexer.$anonfun$indexDependencySources$1$adapted(Indexer.scala:377)
	at scala.collection.IterableOnceOps.foreach(IterableOnce.scala:619)
	at scala.collection.IterableOnceOps.foreach$(IterableOnce.scala:617)
	at scala.collection.AbstractIterable.foreach(Iterable.scala:935)
	at scala.meta.internal.metals.Indexer.indexDependencySources(Indexer.scala:377)
	at scala.meta.internal.metals.Indexer.$anonfun$indexWorkspace$20(Indexer.scala:198)
	at scala.runtime.java8.JFunction0$mcV$sp.apply(JFunction0$mcV$sp.scala:18)
	at scala.meta.internal.metals.TimerProvider.timedThunk(TimerProvider.scala:25)
	at scala.meta.internal.metals.Indexer.$anonfun$indexWorkspace$19(Indexer.scala:191)
	at scala.meta.internal.metals.Indexer.$anonfun$indexWorkspace$19$adapted(Indexer.scala:187)
	at scala.collection.immutable.List.foreach(List.scala:334)
	at scala.meta.internal.metals.Indexer.indexWorkspace(Indexer.scala:187)
	at scala.meta.internal.metals.Indexer.$anonfun$profiledIndexWorkspace$2(Indexer.scala:57)
	at scala.runtime.java8.JFunction0$mcV$sp.apply(JFunction0$mcV$sp.scala:18)
	at scala.meta.internal.metals.TimerProvider.timedThunk(TimerProvider.scala:25)
	at scala.meta.internal.metals.Indexer.$anonfun$profiledIndexWorkspace$1(Indexer.scala:57)
	at scala.runtime.java8.JFunction0$mcV$sp.apply(JFunction0$mcV$sp.scala:18)
	at scala.concurrent.Future$.$anonfun$apply$1(Future.scala:687)
	at scala.concurrent.impl.Promise$Transformation.run(Promise.scala:467)
	at java.util.concurrent.ThreadPoolExecutor.runWorker(ThreadPoolExecutor.java:1136)
	at java.util.concurrent.ThreadPoolExecutor$Worker.run(ThreadPoolExecutor.java:635)
	at java.lang.Thread.run(Thread.java:840)

2025.06.30 13:08:56 ERROR unexpected error during source scanning
java.lang.NullPointerException: Cannot invoke "scala.meta.pc.reports.ReportContext.unsanitized()" because "this.rc" is null
	at scala.meta.internal.mtags.JavaToplevelMtags.indexRoot(JavaToplevelMtags.scala:46)
	at scala.meta.internal.mtags.MtagsIndexer.index(MtagsIndexer.scala:21)
	at scala.meta.internal.mtags.MtagsIndexer.index$(MtagsIndexer.scala:20)
	at scala.meta.internal.mtags.JavaToplevelMtags.index(JavaToplevelMtags.scala:18)
	at scala.meta.internal.mtags.Mtags.indexWithOverrides(Mtags.scala:74)
	at scala.meta.internal.mtags.SymbolIndexBucket.indexSource(SymbolIndexBucket.scala:129)
	at scala.meta.internal.mtags.SymbolIndexBucket.addSourceFile(SymbolIndexBucket.scala:108)
	at scala.meta.internal.mtags.SymbolIndexBucket.$anonfun$addSourceJar$2(SymbolIndexBucket.scala:74)
	at scala.collection.immutable.List.flatMap(List.scala:294)
	at scala.meta.internal.mtags.SymbolIndexBucket.$anonfun$addSourceJar$1(SymbolIndexBucket.scala:70)
	at scala.meta.internal.io.PlatformFileIO$.withJarFileSystem(PlatformFileIO.scala:79)
	at scala.meta.internal.io.FileIO$.withJarFileSystem(FileIO.scala:33)
	at scala.meta.internal.mtags.SymbolIndexBucket.addSourceJar(SymbolIndexBucket.scala:68)
	at scala.meta.internal.mtags.OnDemandSymbolIndex.$anonfun$addSourceJar$2(OnDemandSymbolIndex.scala:85)
	at scala.meta.internal.mtags.OnDemandSymbolIndex.tryRun(OnDemandSymbolIndex.scala:131)
	at scala.meta.internal.mtags.OnDemandSymbolIndex.addSourceJar(OnDemandSymbolIndex.scala:84)
	at scala.meta.internal.metals.Indexer.indexJar(Indexer.scala:565)
	at scala.meta.internal.metals.Indexer.addSourceJarSymbols(Indexer.scala:559)
	at scala.meta.internal.metals.Indexer.$anonfun$indexDependencySources$5(Indexer.scala:387)
	at scala.collection.IterableOnceOps.foreach(IterableOnce.scala:619)
	at scala.collection.IterableOnceOps.foreach$(IterableOnce.scala:617)
	at scala.collection.AbstractIterable.foreach(Iterable.scala:935)
	at scala.collection.IterableOps$WithFilter.foreach(Iterable.scala:905)
	at scala.meta.internal.metals.Indexer.$anonfun$indexDependencySources$1(Indexer.scala:378)
	at scala.meta.internal.metals.Indexer.$anonfun$indexDependencySources$1$adapted(Indexer.scala:377)
	at scala.collection.IterableOnceOps.foreach(IterableOnce.scala:619)
	at scala.collection.IterableOnceOps.foreach$(IterableOnce.scala:617)
	at scala.collection.AbstractIterable.foreach(Iterable.scala:935)
	at scala.meta.internal.metals.Indexer.indexDependencySources(Indexer.scala:377)
	at scala.meta.internal.metals.Indexer.$anonfun$indexWorkspace$20(Indexer.scala:198)
	at scala.runtime.java8.JFunction0$mcV$sp.apply(JFunction0$mcV$sp.scala:18)
	at scala.meta.internal.metals.TimerProvider.timedThunk(TimerProvider.scala:25)
	at scala.meta.internal.metals.Indexer.$anonfun$indexWorkspace$19(Indexer.scala:191)
	at scala.meta.internal.metals.Indexer.$anonfun$indexWorkspace$19$adapted(Indexer.scala:187)
	at scala.collection.immutable.List.foreach(List.scala:334)
	at scala.meta.internal.metals.Indexer.indexWorkspace(Indexer.scala:187)
	at scala.meta.internal.metals.Indexer.$anonfun$profiledIndexWorkspace$2(Indexer.scala:57)
	at scala.runtime.java8.JFunction0$mcV$sp.apply(JFunction0$mcV$sp.scala:18)
	at scala.meta.internal.metals.TimerProvider.timedThunk(TimerProvider.scala:25)
	at scala.meta.internal.metals.Indexer.$anonfun$profiledIndexWorkspace$1(Indexer.scala:57)
	at scala.runtime.java8.JFunction0$mcV$sp.apply(JFunction0$mcV$sp.scala:18)
	at scala.concurrent.Future$.$anonfun$apply$1(Future.scala:687)
	at scala.concurrent.impl.Promise$Transformation.run(Promise.scala:467)
	at java.util.concurrent.ThreadPoolExecutor.runWorker(ThreadPoolExecutor.java:1136)
	at java.util.concurrent.ThreadPoolExecutor$Worker.run(ThreadPoolExecutor.java:635)
	at java.lang.Thread.run(Thread.java:840)

2025.06.30 13:08:56 ERROR unexpected error during source scanning
java.lang.NullPointerException: Cannot invoke "scala.meta.pc.reports.ReportContext.unsanitized()" because "this.rc" is null
	at scala.meta.internal.mtags.JavaToplevelMtags.indexRoot(JavaToplevelMtags.scala:46)
	at scala.meta.internal.mtags.MtagsIndexer.index(MtagsIndexer.scala:21)
	at scala.meta.internal.mtags.MtagsIndexer.index$(MtagsIndexer.scala:20)
	at scala.meta.internal.mtags.JavaToplevelMtags.index(JavaToplevelMtags.scala:18)
	at scala.meta.internal.mtags.Mtags.indexWithOverrides(Mtags.scala:74)
	at scala.meta.internal.mtags.SymbolIndexBucket.indexSource(SymbolIndexBucket.scala:129)
	at scala.meta.internal.mtags.SymbolIndexBucket.addSourceFile(SymbolIndexBucket.scala:108)
	at scala.meta.internal.mtags.SymbolIndexBucket.$anonfun$addSourceJar$2(SymbolIndexBucket.scala:74)
	at scala.collection.immutable.List.flatMap(List.scala:294)
	at scala.meta.internal.mtags.SymbolIndexBucket.$anonfun$addSourceJar$1(SymbolIndexBucket.scala:70)
	at scala.meta.internal.io.PlatformFileIO$.withJarFileSystem(PlatformFileIO.scala:79)
	at scala.meta.internal.io.FileIO$.withJarFileSystem(FileIO.scala:33)
	at scala.meta.internal.mtags.SymbolIndexBucket.addSourceJar(SymbolIndexBucket.scala:68)
	at scala.meta.internal.mtags.OnDemandSymbolIndex.$anonfun$addSourceJar$2(OnDemandSymbolIndex.scala:85)
	at scala.meta.internal.mtags.OnDemandSymbolIndex.tryRun(OnDemandSymbolIndex.scala:131)
	at scala.meta.internal.mtags.OnDemandSymbolIndex.addSourceJar(OnDemandSymbolIndex.scala:84)
	at scala.meta.internal.metals.Indexer.indexJar(Indexer.scala:565)
	at scala.meta.internal.metals.Indexer.addSourceJarSymbols(Indexer.scala:559)
	at scala.meta.internal.metals.Indexer.$anonfun$indexDependencySources$5(Indexer.scala:387)
	at scala.collection.IterableOnceOps.foreach(IterableOnce.scala:619)
	at scala.collection.IterableOnceOps.foreach$(IterableOnce.scala:617)
	at scala.collection.AbstractIterable.foreach(Iterable.scala:935)
	at scala.collection.IterableOps$WithFilter.foreach(Iterable.scala:905)
	at scala.meta.internal.metals.Indexer.$anonfun$indexDependencySources$1(Indexer.scala:378)
	at scala.meta.internal.metals.Indexer.$anonfun$indexDependencySources$1$adapted(Indexer.scala:377)
	at scala.collection.IterableOnceOps.foreach(IterableOnce.scala:619)
	at scala.collection.IterableOnceOps.foreach$(IterableOnce.scala:617)
	at scala.collection.AbstractIterable.foreach(Iterable.scala:935)
	at scala.meta.internal.metals.Indexer.indexDependencySources(Indexer.scala:377)
	at scala.meta.internal.metals.Indexer.$anonfun$indexWorkspace$20(Indexer.scala:198)
	at scala.runtime.java8.JFunction0$mcV$sp.apply(JFunction0$mcV$sp.scala:18)
	at scala.meta.internal.metals.TimerProvider.timedThunk(TimerProvider.scala:25)
	at scala.meta.internal.metals.Indexer.$anonfun$indexWorkspace$19(Indexer.scala:191)
	at scala.meta.internal.metals.Indexer.$anonfun$indexWorkspace$19$adapted(Indexer.scala:187)
	at scala.collection.immutable.List.foreach(List.scala:334)
	at scala.meta.internal.metals.Indexer.indexWorkspace(Indexer.scala:187)
	at scala.meta.internal.metals.Indexer.$anonfun$profiledIndexWorkspace$2(Indexer.scala:57)
	at scala.runtime.java8.JFunction0$mcV$sp.apply(JFunction0$mcV$sp.scala:18)
	at scala.meta.internal.metals.TimerProvider.timedThunk(TimerProvider.scala:25)
	at scala.meta.internal.metals.Indexer.$anonfun$profiledIndexWorkspace$1(Indexer.scala:57)
	at scala.runtime.java8.JFunction0$mcV$sp.apply(JFunction0$mcV$sp.scala:18)
	at scala.concurrent.Future$.$anonfun$apply$1(Future.scala:687)
	at scala.concurrent.impl.Promise$Transformation.run(Promise.scala:467)
	at java.util.concurrent.ThreadPoolExecutor.runWorker(ThreadPoolExecutor.java:1136)
	at java.util.concurrent.ThreadPoolExecutor$Worker.run(ThreadPoolExecutor.java:635)
	at java.lang.Thread.run(Thread.java:840)

2025.06.30 13:08:56 ERROR unexpected error during source scanning
java.lang.NullPointerException: Cannot invoke "scala.meta.pc.reports.ReportContext.unsanitized()" because "this.rc" is null
	at scala.meta.internal.mtags.JavaToplevelMtags.indexRoot(JavaToplevelMtags.scala:46)
	at scala.meta.internal.mtags.MtagsIndexer.index(MtagsIndexer.scala:21)
	at scala.meta.internal.mtags.MtagsIndexer.index$(MtagsIndexer.scala:20)
	at scala.meta.internal.mtags.JavaToplevelMtags.index(JavaToplevelMtags.scala:18)
	at scala.meta.internal.mtags.Mtags.indexWithOverrides(Mtags.scala:74)
	at scala.meta.internal.mtags.SymbolIndexBucket.indexSource(SymbolIndexBucket.scala:129)
	at scala.meta.internal.mtags.SymbolIndexBucket.addSourceFile(SymbolIndexBucket.scala:108)
	at scala.meta.internal.mtags.SymbolIndexBucket.$anonfun$addSourceJar$2(SymbolIndexBucket.scala:74)
	at scala.collection.immutable.List.flatMap(List.scala:294)
	at scala.meta.internal.mtags.SymbolIndexBucket.$anonfun$addSourceJar$1(SymbolIndexBucket.scala:70)
	at scala.meta.internal.io.PlatformFileIO$.withJarFileSystem(PlatformFileIO.scala:79)
	at scala.meta.internal.io.FileIO$.withJarFileSystem(FileIO.scala:33)
	at scala.meta.internal.mtags.SymbolIndexBucket.addSourceJar(SymbolIndexBucket.scala:68)
	at scala.meta.internal.mtags.OnDemandSymbolIndex.$anonfun$addSourceJar$2(OnDemandSymbolIndex.scala:85)
	at scala.meta.internal.mtags.OnDemandSymbolIndex.tryRun(OnDemandSymbolIndex.scala:131)
	at scala.meta.internal.mtags.OnDemandSymbolIndex.addSourceJar(OnDemandSymbolIndex.scala:84)
	at scala.meta.internal.metals.Indexer.indexJar(Indexer.scala:565)
	at scala.meta.internal.metals.Indexer.addSourceJarSymbols(Indexer.scala:559)
	at scala.meta.internal.metals.Indexer.$anonfun$indexDependencySources$5(Indexer.scala:387)
	at scala.collection.IterableOnceOps.foreach(IterableOnce.scala:619)
	at scala.collection.IterableOnceOps.foreach$(IterableOnce.scala:617)
	at scala.collection.AbstractIterable.foreach(Iterable.scala:935)
	at scala.collection.IterableOps$WithFilter.foreach(Iterable.scala:905)
	at scala.meta.internal.metals.Indexer.$anonfun$indexDependencySources$1(Indexer.scala:378)
	at scala.meta.internal.metals.Indexer.$anonfun$indexDependencySources$1$adapted(Indexer.scala:377)
	at scala.collection.IterableOnceOps.foreach(IterableOnce.scala:619)
	at scala.collection.IterableOnceOps.foreach$(IterableOnce.scala:617)
	at scala.collection.AbstractIterable.foreach(Iterable.scala:935)
	at scala.meta.internal.metals.Indexer.indexDependencySources(Indexer.scala:377)
	at scala.meta.internal.metals.Indexer.$anonfun$indexWorkspace$20(Indexer.scala:198)
	at scala.runtime.java8.JFunction0$mcV$sp.apply(JFunction0$mcV$sp.scala:18)
	at scala.meta.internal.metals.TimerProvider.timedThunk(TimerProvider.scala:25)
	at scala.meta.internal.metals.Indexer.$anonfun$indexWorkspace$19(Indexer.scala:191)
	at scala.meta.internal.metals.Indexer.$anonfun$indexWorkspace$19$adapted(Indexer.scala:187)
	at scala.collection.immutable.List.foreach(List.scala:334)
	at scala.meta.internal.metals.Indexer.indexWorkspace(Indexer.scala:187)
	at scala.meta.internal.metals.Indexer.$anonfun$profiledIndexWorkspace$2(Indexer.scala:57)
	at scala.runtime.java8.JFunction0$mcV$sp.apply(JFunction0$mcV$sp.scala:18)
	at scala.meta.internal.metals.TimerProvider.timedThunk(TimerProvider.scala:25)
	at scala.meta.internal.metals.Indexer.$anonfun$profiledIndexWorkspace$1(Indexer.scala:57)
	at scala.runtime.java8.JFunction0$mcV$sp.apply(JFunction0$mcV$sp.scala:18)
	at scala.concurrent.Future$.$anonfun$apply$1(Future.scala:687)
	at scala.concurrent.impl.Promise$Transformation.run(Promise.scala:467)
	at java.util.concurrent.ThreadPoolExecutor.runWorker(ThreadPoolExecutor.java:1136)
	at java.util.concurrent.ThreadPoolExecutor$Worker.run(ThreadPoolExecutor.java:635)
	at java.lang.Thread.run(Thread.java:840)

2025.06.30 13:08:56 ERROR unexpected error during source scanning
java.lang.NullPointerException: Cannot invoke "scala.meta.pc.reports.ReportContext.unsanitized()" because "this.rc" is null
	at scala.meta.internal.mtags.JavaToplevelMtags.indexRoot(JavaToplevelMtags.scala:46)
	at scala.meta.internal.mtags.MtagsIndexer.index(MtagsIndexer.scala:21)
	at scala.meta.internal.mtags.MtagsIndexer.index$(MtagsIndexer.scala:20)
	at scala.meta.internal.mtags.JavaToplevelMtags.index(JavaToplevelMtags.scala:18)
	at scala.meta.internal.mtags.Mtags.indexWithOverrides(Mtags.scala:74)
	at scala.meta.internal.mtags.SymbolIndexBucket.indexSource(SymbolIndexBucket.scala:129)
	at scala.meta.internal.mtags.SymbolIndexBucket.addSourceFile(SymbolIndexBucket.scala:108)
	at scala.meta.internal.mtags.SymbolIndexBucket.$anonfun$addSourceJar$2(SymbolIndexBucket.scala:74)
	at scala.collection.immutable.List.flatMap(List.scala:294)
	at scala.meta.internal.mtags.SymbolIndexBucket.$anonfun$addSourceJar$1(SymbolIndexBucket.scala:70)
	at scala.meta.internal.io.PlatformFileIO$.withJarFileSystem(PlatformFileIO.scala:79)
	at scala.meta.internal.io.FileIO$.withJarFileSystem(FileIO.scala:33)
	at scala.meta.internal.mtags.SymbolIndexBucket.addSourceJar(SymbolIndexBucket.scala:68)
	at scala.meta.internal.mtags.OnDemandSymbolIndex.$anonfun$addSourceJar$2(OnDemandSymbolIndex.scala:85)
	at scala.meta.internal.mtags.OnDemandSymbolIndex.tryRun(OnDemandSymbolIndex.scala:131)
	at scala.meta.internal.mtags.OnDemandSymbolIndex.addSourceJar(OnDemandSymbolIndex.scala:84)
	at scala.meta.internal.metals.Indexer.indexJar(Indexer.scala:565)
	at scala.meta.internal.metals.Indexer.addSourceJarSymbols(Indexer.scala:559)
	at scala.meta.internal.metals.Indexer.$anonfun$indexDependencySources$5(Indexer.scala:387)
	at scala.collection.IterableOnceOps.foreach(IterableOnce.scala:619)
	at scala.collection.IterableOnceOps.foreach$(IterableOnce.scala:617)
	at scala.collection.AbstractIterable.foreach(Iterable.scala:935)
	at scala.collection.IterableOps$WithFilter.foreach(Iterable.scala:905)
	at scala.meta.internal.metals.Indexer.$anonfun$indexDependencySources$1(Indexer.scala:378)
	at scala.meta.internal.metals.Indexer.$anonfun$indexDependencySources$1$adapted(Indexer.scala:377)
	at scala.collection.IterableOnceOps.foreach(IterableOnce.scala:619)
	at scala.collection.IterableOnceOps.foreach$(IterableOnce.scala:617)
	at scala.collection.AbstractIterable.foreach(Iterable.scala:935)
	at scala.meta.internal.metals.Indexer.indexDependencySources(Indexer.scala:377)
	at scala.meta.internal.metals.Indexer.$anonfun$indexWorkspace$20(Indexer.scala:198)
	at scala.runtime.java8.JFunction0$mcV$sp.apply(JFunction0$mcV$sp.scala:18)
	at scala.meta.internal.metals.TimerProvider.timedThunk(TimerProvider.scala:25)
	at scala.meta.internal.metals.Indexer.$anonfun$indexWorkspace$19(Indexer.scala:191)
	at scala.meta.internal.metals.Indexer.$anonfun$indexWorkspace$19$adapted(Indexer.scala:187)
	at scala.collection.immutable.List.foreach(List.scala:334)
	at scala.meta.internal.metals.Indexer.indexWorkspace(Indexer.scala:187)
	at scala.meta.internal.metals.Indexer.$anonfun$profiledIndexWorkspace$2(Indexer.scala:57)
	at scala.runtime.java8.JFunction0$mcV$sp.apply(JFunction0$mcV$sp.scala:18)
	at scala.meta.internal.metals.TimerProvider.timedThunk(TimerProvider.scala:25)
	at scala.meta.internal.metals.Indexer.$anonfun$profiledIndexWorkspace$1(Indexer.scala:57)
	at scala.runtime.java8.JFunction0$mcV$sp.apply(JFunction0$mcV$sp.scala:18)
	at scala.concurrent.Future$.$anonfun$apply$1(Future.scala:687)
	at scala.concurrent.impl.Promise$Transformation.run(Promise.scala:467)
	at java.util.concurrent.ThreadPoolExecutor.runWorker(ThreadPoolExecutor.java:1136)
	at java.util.concurrent.ThreadPoolExecutor$Worker.run(ThreadPoolExecutor.java:635)
	at java.lang.Thread.run(Thread.java:840)

2025.06.30 13:08:56 ERROR unexpected error during source scanning
java.lang.NullPointerException: Cannot invoke "scala.meta.pc.reports.ReportContext.unsanitized()" because "this.rc" is null
	at scala.meta.internal.mtags.JavaToplevelMtags.indexRoot(JavaToplevelMtags.scala:46)
	at scala.meta.internal.mtags.MtagsIndexer.index(MtagsIndexer.scala:21)
	at scala.meta.internal.mtags.MtagsIndexer.index$(MtagsIndexer.scala:20)
	at scala.meta.internal.mtags.JavaToplevelMtags.index(JavaToplevelMtags.scala:18)
	at scala.meta.internal.mtags.Mtags.indexWithOverrides(Mtags.scala:74)
	at scala.meta.internal.mtags.SymbolIndexBucket.indexSource(SymbolIndexBucket.scala:129)
	at scala.meta.internal.mtags.SymbolIndexBucket.addSourceFile(SymbolIndexBucket.scala:108)
	at scala.meta.internal.mtags.SymbolIndexBucket.$anonfun$addSourceJar$2(SymbolIndexBucket.scala:74)
	at scala.collection.immutable.List.flatMap(List.scala:294)
	at scala.meta.internal.mtags.SymbolIndexBucket.$anonfun$addSourceJar$1(SymbolIndexBucket.scala:70)
	at scala.meta.internal.io.PlatformFileIO$.withJarFileSystem(PlatformFileIO.scala:79)
	at scala.meta.internal.io.FileIO$.withJarFileSystem(FileIO.scala:33)
	at scala.meta.internal.mtags.SymbolIndexBucket.addSourceJar(SymbolIndexBucket.scala:68)
	at scala.meta.internal.mtags.OnDemandSymbolIndex.$anonfun$addSourceJar$2(OnDemandSymbolIndex.scala:85)
	at scala.meta.internal.mtags.OnDemandSymbolIndex.tryRun(OnDemandSymbolIndex.scala:131)
	at scala.meta.internal.mtags.OnDemandSymbolIndex.addSourceJar(OnDemandSymbolIndex.scala:84)
	at scala.meta.internal.metals.Indexer.indexJar(Indexer.scala:565)
	at scala.meta.internal.metals.Indexer.addSourceJarSymbols(Indexer.scala:559)
	at scala.meta.internal.metals.Indexer.$anonfun$indexDependencySources$5(Indexer.scala:387)
	at scala.collection.IterableOnceOps.foreach(IterableOnce.scala:619)
	at scala.collection.IterableOnceOps.foreach$(IterableOnce.scala:617)
	at scala.collection.AbstractIterable.foreach(Iterable.scala:935)
	at scala.collection.IterableOps$WithFilter.foreach(Iterable.scala:905)
	at scala.meta.internal.metals.Indexer.$anonfun$indexDependencySources$1(Indexer.scala:378)
	at scala.meta.internal.metals.Indexer.$anonfun$indexDependencySources$1$adapted(Indexer.scala:377)
	at scala.collection.IterableOnceOps.foreach(IterableOnce.scala:619)
	at scala.collection.IterableOnceOps.foreach$(IterableOnce.scala:617)
	at scala.collection.AbstractIterable.foreach(Iterable.scala:935)
	at scala.meta.internal.metals.Indexer.indexDependencySources(Indexer.scala:377)
	at scala.meta.internal.metals.Indexer.$anonfun$indexWorkspace$20(Indexer.scala:198)
	at scala.runtime.java8.JFunction0$mcV$sp.apply(JFunction0$mcV$sp.scala:18)
	at scala.meta.internal.metals.TimerProvider.timedThunk(TimerProvider.scala:25)
	at scala.meta.internal.metals.Indexer.$anonfun$indexWorkspace$19(Indexer.scala:191)
	at scala.meta.internal.metals.Indexer.$anonfun$indexWorkspace$19$adapted(Indexer.scala:187)
	at scala.collection.immutable.List.foreach(List.scala:334)
	at scala.meta.internal.metals.Indexer.indexWorkspace(Indexer.scala:187)
	at scala.meta.internal.metals.Indexer.$anonfun$profiledIndexWorkspace$2(Indexer.scala:57)
	at scala.runtime.java8.JFunction0$mcV$sp.apply(JFunction0$mcV$sp.scala:18)
	at scala.meta.internal.metals.TimerProvider.timedThunk(TimerProvider.scala:25)
	at scala.meta.internal.metals.Indexer.$anonfun$profiledIndexWorkspace$1(Indexer.scala:57)
	at scala.runtime.java8.JFunction0$mcV$sp.apply(JFunction0$mcV$sp.scala:18)
	at scala.concurrent.Future$.$anonfun$apply$1(Future.scala:687)
	at scala.concurrent.impl.Promise$Transformation.run(Promise.scala:467)
	at java.util.concurrent.ThreadPoolExecutor.runWorker(ThreadPoolExecutor.java:1136)
	at java.util.concurrent.ThreadPoolExecutor$Worker.run(ThreadPoolExecutor.java:635)
	at java.lang.Thread.run(Thread.java:840)

2025.06.30 13:08:56 ERROR unexpected error during source scanning
java.lang.NullPointerException: Cannot invoke "scala.meta.pc.reports.ReportContext.unsanitized()" because "this.rc" is null
	at scala.meta.internal.mtags.JavaToplevelMtags.indexRoot(JavaToplevelMtags.scala:46)
	at scala.meta.internal.mtags.MtagsIndexer.index(MtagsIndexer.scala:21)
	at scala.meta.internal.mtags.MtagsIndexer.index$(MtagsIndexer.scala:20)
	at scala.meta.internal.mtags.JavaToplevelMtags.index(JavaToplevelMtags.scala:18)
	at scala.meta.internal.mtags.Mtags.indexWithOverrides(Mtags.scala:74)
	at scala.meta.internal.mtags.SymbolIndexBucket.indexSource(SymbolIndexBucket.scala:129)
	at scala.meta.internal.mtags.SymbolIndexBucket.addSourceFile(SymbolIndexBucket.scala:108)
	at scala.meta.internal.mtags.SymbolIndexBucket.$anonfun$addSourceJar$2(SymbolIndexBucket.scala:74)
	at scala.collection.immutable.List.flatMap(List.scala:294)
	at scala.meta.internal.mtags.SymbolIndexBucket.$anonfun$addSourceJar$1(SymbolIndexBucket.scala:70)
	at scala.meta.internal.io.PlatformFileIO$.withJarFileSystem(PlatformFileIO.scala:79)
	at scala.meta.internal.io.FileIO$.withJarFileSystem(FileIO.scala:33)
	at scala.meta.internal.mtags.SymbolIndexBucket.addSourceJar(SymbolIndexBucket.scala:68)
	at scala.meta.internal.mtags.OnDemandSymbolIndex.$anonfun$addSourceJar$2(OnDemandSymbolIndex.scala:85)
	at scala.meta.internal.mtags.OnDemandSymbolIndex.tryRun(OnDemandSymbolIndex.scala:131)
	at scala.meta.internal.mtags.OnDemandSymbolIndex.addSourceJar(OnDemandSymbolIndex.scala:84)
	at scala.meta.internal.metals.Indexer.indexJar(Indexer.scala:565)
	at scala.meta.internal.metals.Indexer.addSourceJarSymbols(Indexer.scala:559)
	at scala.meta.internal.metals.Indexer.$anonfun$indexDependencySources$5(Indexer.scala:387)
	at scala.collection.IterableOnceOps.foreach(IterableOnce.scala:619)
	at scala.collection.IterableOnceOps.foreach$(IterableOnce.scala:617)
	at scala.collection.AbstractIterable.foreach(Iterable.scala:935)
	at scala.collection.IterableOps$WithFilter.foreach(Iterable.scala:905)
	at scala.meta.internal.metals.Indexer.$anonfun$indexDependencySources$1(Indexer.scala:378)
	at scala.meta.internal.metals.Indexer.$anonfun$indexDependencySources$1$adapted(Indexer.scala:377)
	at scala.collection.IterableOnceOps.foreach(IterableOnce.scala:619)
	at scala.collection.IterableOnceOps.foreach$(IterableOnce.scala:617)
	at scala.collection.AbstractIterable.foreach(Iterable.scala:935)
	at scala.meta.internal.metals.Indexer.indexDependencySources(Indexer.scala:377)
	at scala.meta.internal.metals.Indexer.$anonfun$indexWorkspace$20(Indexer.scala:198)
	at scala.runtime.java8.JFunction0$mcV$sp.apply(JFunction0$mcV$sp.scala:18)
	at scala.meta.internal.metals.TimerProvider.timedThunk(TimerProvider.scala:25)
	at scala.meta.internal.metals.Indexer.$anonfun$indexWorkspace$19(Indexer.scala:191)
	at scala.meta.internal.metals.Indexer.$anonfun$indexWorkspace$19$adapted(Indexer.scala:187)
	at scala.collection.immutable.List.foreach(List.scala:334)
	at scala.meta.internal.metals.Indexer.indexWorkspace(Indexer.scala:187)
	at scala.meta.internal.metals.Indexer.$anonfun$profiledIndexWorkspace$2(Indexer.scala:57)
	at scala.runtime.java8.JFunction0$mcV$sp.apply(JFunction0$mcV$sp.scala:18)
	at scala.meta.internal.metals.TimerProvider.timedThunk(TimerProvider.scala:25)
	at scala.meta.internal.metals.Indexer.$anonfun$profiledIndexWorkspace$1(Indexer.scala:57)
	at scala.runtime.java8.JFunction0$mcV$sp.apply(JFunction0$mcV$sp.scala:18)
	at scala.concurrent.Future$.$anonfun$apply$1(Future.scala:687)
	at scala.concurrent.impl.Promise$Transformation.run(Promise.scala:467)
	at java.util.concurrent.ThreadPoolExecutor.runWorker(ThreadPoolExecutor.java:1136)
	at java.util.concurrent.ThreadPoolExecutor$Worker.run(ThreadPoolExecutor.java:635)
	at java.lang.Thread.run(Thread.java:840)

2025.06.30 13:08:56 ERROR unexpected error during source scanning
java.lang.NullPointerException: Cannot invoke "scala.meta.pc.reports.ReportContext.unsanitized()" because "this.rc" is null
	at scala.meta.internal.mtags.JavaToplevelMtags.indexRoot(JavaToplevelMtags.scala:46)
	at scala.meta.internal.mtags.MtagsIndexer.index(MtagsIndexer.scala:21)
	at scala.meta.internal.mtags.MtagsIndexer.index$(MtagsIndexer.scala:20)
	at scala.meta.internal.mtags.JavaToplevelMtags.index(JavaToplevelMtags.scala:18)
	at scala.meta.internal.mtags.Mtags.indexWithOverrides(Mtags.scala:74)
	at scala.meta.internal.mtags.SymbolIndexBucket.indexSource(SymbolIndexBucket.scala:129)
	at scala.meta.internal.mtags.SymbolIndexBucket.addSourceFile(SymbolIndexBucket.scala:108)
	at scala.meta.internal.mtags.SymbolIndexBucket.$anonfun$addSourceJar$2(SymbolIndexBucket.scala:74)
	at scala.collection.immutable.List.flatMap(List.scala:294)
	at scala.meta.internal.mtags.SymbolIndexBucket.$anonfun$addSourceJar$1(SymbolIndexBucket.scala:70)
	at scala.meta.internal.io.PlatformFileIO$.withJarFileSystem(PlatformFileIO.scala:79)
	at scala.meta.internal.io.FileIO$.withJarFileSystem(FileIO.scala:33)
	at scala.meta.internal.mtags.SymbolIndexBucket.addSourceJar(SymbolIndexBucket.scala:68)
	at scala.meta.internal.mtags.OnDemandSymbolIndex.$anonfun$addSourceJar$2(OnDemandSymbolIndex.scala:85)
	at scala.meta.internal.mtags.OnDemandSymbolIndex.tryRun(OnDemandSymbolIndex.scala:131)
	at scala.meta.internal.mtags.OnDemandSymbolIndex.addSourceJar(OnDemandSymbolIndex.scala:84)
	at scala.meta.internal.metals.Indexer.indexJar(Indexer.scala:565)
	at scala.meta.internal.metals.Indexer.addSourceJarSymbols(Indexer.scala:559)
	at scala.meta.internal.metals.Indexer.$anonfun$indexDependencySources$5(Indexer.scala:387)
	at scala.collection.IterableOnceOps.foreach(IterableOnce.scala:619)
	at scala.collection.IterableOnceOps.foreach$(IterableOnce.scala:617)
	at scala.collection.AbstractIterable.foreach(Iterable.scala:935)
	at scala.collection.IterableOps$WithFilter.foreach(Iterable.scala:905)
	at scala.meta.internal.metals.Indexer.$anonfun$indexDependencySources$1(Indexer.scala:378)
	at scala.meta.internal.metals.Indexer.$anonfun$indexDependencySources$1$adapted(Indexer.scala:377)
	at scala.collection.IterableOnceOps.foreach(IterableOnce.scala:619)
	at scala.collection.IterableOnceOps.foreach$(IterableOnce.scala:617)
	at scala.collection.AbstractIterable.foreach(Iterable.scala:935)
	at scala.meta.internal.metals.Indexer.indexDependencySources(Indexer.scala:377)
	at scala.meta.internal.metals.Indexer.$anonfun$indexWorkspace$20(Indexer.scala:198)
	at scala.runtime.java8.JFunction0$mcV$sp.apply(JFunction0$mcV$sp.scala:18)
	at scala.meta.internal.metals.TimerProvider.timedThunk(TimerProvider.scala:25)
	at scala.meta.internal.metals.Indexer.$anonfun$indexWorkspace$19(Indexer.scala:191)
	at scala.meta.internal.metals.Indexer.$anonfun$indexWorkspace$19$adapted(Indexer.scala:187)
	at scala.collection.immutable.List.foreach(List.scala:334)
	at scala.meta.internal.metals.Indexer.indexWorkspace(Indexer.scala:187)
	at scala.meta.internal.metals.Indexer.$anonfun$profiledIndexWorkspace$2(Indexer.scala:57)
	at scala.runtime.java8.JFunction0$mcV$sp.apply(JFunction0$mcV$sp.scala:18)
	at scala.meta.internal.metals.TimerProvider.timedThunk(TimerProvider.scala:25)
	at scala.meta.internal.metals.Indexer.$anonfun$profiledIndexWorkspace$1(Indexer.scala:57)
	at scala.runtime.java8.JFunction0$mcV$sp.apply(JFunction0$mcV$sp.scala:18)
	at scala.concurrent.Future$.$anonfun$apply$1(Future.scala:687)
	at scala.concurrent.impl.Promise$Transformation.run(Promise.scala:467)
	at java.util.concurrent.ThreadPoolExecutor.runWorker(ThreadPoolExecutor.java:1136)
	at java.util.concurrent.ThreadPoolExecutor$Worker.run(ThreadPoolExecutor.java:635)
	at java.lang.Thread.run(Thread.java:840)

2025.06.30 13:08:56 ERROR unexpected error during source scanning
java.lang.NullPointerException: Cannot invoke "scala.meta.pc.reports.ReportContext.unsanitized()" because "this.rc" is null
	at scala.meta.internal.mtags.JavaToplevelMtags.indexRoot(JavaToplevelMtags.scala:46)
	at scala.meta.internal.mtags.MtagsIndexer.index(MtagsIndexer.scala:21)
	at scala.meta.internal.mtags.MtagsIndexer.index$(MtagsIndexer.scala:20)
	at scala.meta.internal.mtags.JavaToplevelMtags.index(JavaToplevelMtags.scala:18)
	at scala.meta.internal.mtags.Mtags.indexWithOverrides(Mtags.scala:74)
	at scala.meta.internal.mtags.SymbolIndexBucket.indexSource(SymbolIndexBucket.scala:129)
	at scala.meta.internal.mtags.SymbolIndexBucket.addSourceFile(SymbolIndexBucket.scala:108)
	at scala.meta.internal.mtags.SymbolIndexBucket.$anonfun$addSourceJar$2(SymbolIndexBucket.scala:74)
	at scala.collection.immutable.List.flatMap(List.scala:294)
	at scala.meta.internal.mtags.SymbolIndexBucket.$anonfun$addSourceJar$1(SymbolIndexBucket.scala:70)
	at scala.meta.internal.io.PlatformFileIO$.withJarFileSystem(PlatformFileIO.scala:79)
	at scala.meta.internal.io.FileIO$.withJarFileSystem(FileIO.scala:33)
	at scala.meta.internal.mtags.SymbolIndexBucket.addSourceJar(SymbolIndexBucket.scala:68)
	at scala.meta.internal.mtags.OnDemandSymbolIndex.$anonfun$addSourceJar$2(OnDemandSymbolIndex.scala:85)
	at scala.meta.internal.mtags.OnDemandSymbolIndex.tryRun(OnDemandSymbolIndex.scala:131)
	at scala.meta.internal.mtags.OnDemandSymbolIndex.addSourceJar(OnDemandSymbolIndex.scala:84)
	at scala.meta.internal.metals.Indexer.indexJar(Indexer.scala:565)
	at scala.meta.internal.metals.Indexer.addSourceJarSymbols(Indexer.scala:559)
	at scala.meta.internal.metals.Indexer.$anonfun$indexDependencySources$5(Indexer.scala:387)
	at scala.collection.IterableOnceOps.foreach(IterableOnce.scala:619)
	at scala.collection.IterableOnceOps.foreach$(IterableOnce.scala:617)
	at scala.collection.AbstractIterable.foreach(Iterable.scala:935)
	at scala.collection.IterableOps$WithFilter.foreach(Iterable.scala:905)
	at scala.meta.internal.metals.Indexer.$anonfun$indexDependencySources$1(Indexer.scala:378)
	at scala.meta.internal.metals.Indexer.$anonfun$indexDependencySources$1$adapted(Indexer.scala:377)
	at scala.collection.IterableOnceOps.foreach(IterableOnce.scala:619)
	at scala.collection.IterableOnceOps.foreach$(IterableOnce.scala:617)
	at scala.collection.AbstractIterable.foreach(Iterable.scala:935)
	at scala.meta.internal.metals.Indexer.indexDependencySources(Indexer.scala:377)
	at scala.meta.internal.metals.Indexer.$anonfun$indexWorkspace$20(Indexer.scala:198)
	at scala.runtime.java8.JFunction0$mcV$sp.apply(JFunction0$mcV$sp.scala:18)
	at scala.meta.internal.metals.TimerProvider.timedThunk(TimerProvider.scala:25)
	at scala.meta.internal.metals.Indexer.$anonfun$indexWorkspace$19(Indexer.scala:191)
	at scala.meta.internal.metals.Indexer.$anonfun$indexWorkspace$19$adapted(Indexer.scala:187)
	at scala.collection.immutable.List.foreach(List.scala:334)
	at scala.meta.internal.metals.Indexer.indexWorkspace(Indexer.scala:187)
	at scala.meta.internal.metals.Indexer.$anonfun$profiledIndexWorkspace$2(Indexer.scala:57)
	at scala.runtime.java8.JFunction0$mcV$sp.apply(JFunction0$mcV$sp.scala:18)
	at scala.meta.internal.metals.TimerProvider.timedThunk(TimerProvider.scala:25)
	at scala.meta.internal.metals.Indexer.$anonfun$profiledIndexWorkspace$1(Indexer.scala:57)
	at scala.runtime.java8.JFunction0$mcV$sp.apply(JFunction0$mcV$sp.scala:18)
	at scala.concurrent.Future$.$anonfun$apply$1(Future.scala:687)
	at scala.concurrent.impl.Promise$Transformation.run(Promise.scala:467)
	at java.util.concurrent.ThreadPoolExecutor.runWorker(ThreadPoolExecutor.java:1136)
	at java.util.concurrent.ThreadPoolExecutor$Worker.run(ThreadPoolExecutor.java:635)
	at java.lang.Thread.run(Thread.java:840)

2025.06.30 13:08:56 ERROR unexpected error during source scanning
java.lang.NullPointerException: Cannot invoke "scala.meta.pc.reports.ReportContext.unsanitized()" because "this.rc" is null
	at scala.meta.internal.mtags.JavaToplevelMtags.indexRoot(JavaToplevelMtags.scala:46)
	at scala.meta.internal.mtags.MtagsIndexer.index(MtagsIndexer.scala:21)
	at scala.meta.internal.mtags.MtagsIndexer.index$(MtagsIndexer.scala:20)
	at scala.meta.internal.mtags.JavaToplevelMtags.index(JavaToplevelMtags.scala:18)
	at scala.meta.internal.mtags.Mtags.indexWithOverrides(Mtags.scala:74)
	at scala.meta.internal.mtags.SymbolIndexBucket.indexSource(SymbolIndexBucket.scala:129)
	at scala.meta.internal.mtags.SymbolIndexBucket.addSourceFile(SymbolIndexBucket.scala:108)
	at scala.meta.internal.mtags.SymbolIndexBucket.$anonfun$addSourceJar$2(SymbolIndexBucket.scala:74)
	at scala.collection.immutable.List.flatMap(List.scala:294)
	at scala.meta.internal.mtags.SymbolIndexBucket.$anonfun$addSourceJar$1(SymbolIndexBucket.scala:70)
	at scala.meta.internal.io.PlatformFileIO$.withJarFileSystem(PlatformFileIO.scala:79)
	at scala.meta.internal.io.FileIO$.withJarFileSystem(FileIO.scala:33)
	at scala.meta.internal.mtags.SymbolIndexBucket.addSourceJar(SymbolIndexBucket.scala:68)
	at scala.meta.internal.mtags.OnDemandSymbolIndex.$anonfun$addSourceJar$2(OnDemandSymbolIndex.scala:85)
	at scala.meta.internal.mtags.OnDemandSymbolIndex.tryRun(OnDemandSymbolIndex.scala:131)
	at scala.meta.internal.mtags.OnDemandSymbolIndex.addSourceJar(OnDemandSymbolIndex.scala:84)
	at scala.meta.internal.metals.Indexer.indexJar(Indexer.scala:565)
	at scala.meta.internal.metals.Indexer.addSourceJarSymbols(Indexer.scala:559)
	at scala.meta.internal.metals.Indexer.$anonfun$indexDependencySources$5(Indexer.scala:387)
	at scala.collection.IterableOnceOps.foreach(IterableOnce.scala:619)
	at scala.collection.IterableOnceOps.foreach$(IterableOnce.scala:617)
	at scala.collection.AbstractIterable.foreach(Iterable.scala:935)
	at scala.collection.IterableOps$WithFilter.foreach(Iterable.scala:905)
	at scala.meta.internal.metals.Indexer.$anonfun$indexDependencySources$1(Indexer.scala:378)
	at scala.meta.internal.metals.Indexer.$anonfun$indexDependencySources$1$adapted(Indexer.scala:377)
	at scala.collection.IterableOnceOps.foreach(IterableOnce.scala:619)
	at scala.collection.IterableOnceOps.foreach$(IterableOnce.scala:617)
	at scala.collection.AbstractIterable.foreach(Iterable.scala:935)
	at scala.meta.internal.metals.Indexer.indexDependencySources(Indexer.scala:377)
	at scala.meta.internal.metals.Indexer.$anonfun$indexWorkspace$20(Indexer.scala:198)
	at scala.runtime.java8.JFunction0$mcV$sp.apply(JFunction0$mcV$sp.scala:18)
	at scala.meta.internal.metals.TimerProvider.timedThunk(TimerProvider.scala:25)
	at scala.meta.internal.metals.Indexer.$anonfun$indexWorkspace$19(Indexer.scala:191)
	at scala.meta.internal.metals.Indexer.$anonfun$indexWorkspace$19$adapted(Indexer.scala:187)
	at scala.collection.immutable.List.foreach(List.scala:334)
	at scala.meta.internal.metals.Indexer.indexWorkspace(Indexer.scala:187)
	at scala.meta.internal.metals.Indexer.$anonfun$profiledIndexWorkspace$2(Indexer.scala:57)
	at scala.runtime.java8.JFunction0$mcV$sp.apply(JFunction0$mcV$sp.scala:18)
	at scala.meta.internal.metals.TimerProvider.timedThunk(TimerProvider.scala:25)
	at scala.meta.internal.metals.Indexer.$anonfun$profiledIndexWorkspace$1(Indexer.scala:57)
	at scala.runtime.java8.JFunction0$mcV$sp.apply(JFunction0$mcV$sp.scala:18)
	at scala.concurrent.Future$.$anonfun$apply$1(Future.scala:687)
	at scala.concurrent.impl.Promise$Transformation.run(Promise.scala:467)
	at java.util.concurrent.ThreadPoolExecutor.runWorker(ThreadPoolExecutor.java:1136)
	at java.util.concurrent.ThreadPoolExecutor$Worker.run(ThreadPoolExecutor.java:635)
	at java.lang.Thread.run(Thread.java:840)

2025.06.30 13:08:56 ERROR unexpected error during source scanning
java.lang.NullPointerException: Cannot invoke "scala.meta.pc.reports.ReportContext.unsanitized()" because "this.rc" is null
	at scala.meta.internal.mtags.JavaToplevelMtags.indexRoot(JavaToplevelMtags.scala:46)
	at scala.meta.internal.mtags.MtagsIndexer.index(MtagsIndexer.scala:21)
	at scala.meta.internal.mtags.MtagsIndexer.index$(MtagsIndexer.scala:20)
	at scala.meta.internal.mtags.JavaToplevelMtags.index(JavaToplevelMtags.scala:18)
	at scala.meta.internal.mtags.Mtags.indexWithOverrides(Mtags.scala:74)
	at scala.meta.internal.mtags.SymbolIndexBucket.indexSource(SymbolIndexBucket.scala:129)
	at scala.meta.internal.mtags.SymbolIndexBucket.addSourceFile(SymbolIndexBucket.scala:108)
	at scala.meta.internal.mtags.SymbolIndexBucket.$anonfun$addSourceJar$2(SymbolIndexBucket.scala:74)
	at scala.collection.immutable.List.flatMap(List.scala:294)
	at scala.meta.internal.mtags.SymbolIndexBucket.$anonfun$addSourceJar$1(SymbolIndexBucket.scala:70)
	at scala.meta.internal.io.PlatformFileIO$.withJarFileSystem(PlatformFileIO.scala:79)
	at scala.meta.internal.io.FileIO$.withJarFileSystem(FileIO.scala:33)
	at scala.meta.internal.mtags.SymbolIndexBucket.addSourceJar(SymbolIndexBucket.scala:68)
	at scala.meta.internal.mtags.OnDemandSymbolIndex.$anonfun$addSourceJar$2(OnDemandSymbolIndex.scala:85)
	at scala.meta.internal.mtags.OnDemandSymbolIndex.tryRun(OnDemandSymbolIndex.scala:131)
	at scala.meta.internal.mtags.OnDemandSymbolIndex.addSourceJar(OnDemandSymbolIndex.scala:84)
	at scala.meta.internal.metals.Indexer.indexJar(Indexer.scala:565)
	at scala.meta.internal.metals.Indexer.addSourceJarSymbols(Indexer.scala:559)
	at scala.meta.internal.metals.Indexer.$anonfun$indexDependencySources$5(Indexer.scala:387)
	at scala.collection.IterableOnceOps.foreach(IterableOnce.scala:619)
	at scala.collection.IterableOnceOps.foreach$(IterableOnce.scala:617)
	at scala.collection.AbstractIterable.foreach(Iterable.scala:935)
	at scala.collection.IterableOps$WithFilter.foreach(Iterable.scala:905)
	at scala.meta.internal.metals.Indexer.$anonfun$indexDependencySources$1(Indexer.scala:378)
	at scala.meta.internal.metals.Indexer.$anonfun$indexDependencySources$1$adapted(Indexer.scala:377)
	at scala.collection.IterableOnceOps.foreach(IterableOnce.scala:619)
	at scala.collection.IterableOnceOps.foreach$(IterableOnce.scala:617)
	at scala.collection.AbstractIterable.foreach(Iterable.scala:935)
	at scala.meta.internal.metals.Indexer.indexDependencySources(Indexer.scala:377)
	at scala.meta.internal.metals.Indexer.$anonfun$indexWorkspace$20(Indexer.scala:198)
	at scala.runtime.java8.JFunction0$mcV$sp.apply(JFunction0$mcV$sp.scala:18)
	at scala.meta.internal.metals.TimerProvider.timedThunk(TimerProvider.scala:25)
	at scala.meta.internal.metals.Indexer.$anonfun$indexWorkspace$19(Indexer.scala:191)
	at scala.meta.internal.metals.Indexer.$anonfun$indexWorkspace$19$adapted(Indexer.scala:187)
	at scala.collection.immutable.List.foreach(List.scala:334)
	at scala.meta.internal.metals.Indexer.indexWorkspace(Indexer.scala:187)
	at scala.meta.internal.metals.Indexer.$anonfun$profiledIndexWorkspace$2(Indexer.scala:57)
	at scala.runtime.java8.JFunction0$mcV$sp.apply(JFunction0$mcV$sp.scala:18)
	at scala.meta.internal.metals.TimerProvider.timedThunk(TimerProvider.scala:25)
	at scala.meta.internal.metals.Indexer.$anonfun$profiledIndexWorkspace$1(Indexer.scala:57)
	at scala.runtime.java8.JFunction0$mcV$sp.apply(JFunction0$mcV$sp.scala:18)
	at scala.concurrent.Future$.$anonfun$apply$1(Future.scala:687)
	at scala.concurrent.impl.Promise$Transformation.run(Promise.scala:467)
	at java.util.concurrent.ThreadPoolExecutor.runWorker(ThreadPoolExecutor.java:1136)
	at java.util.concurrent.ThreadPoolExecutor$Worker.run(ThreadPoolExecutor.java:635)
	at java.lang.Thread.run(Thread.java:840)

2025.06.30 13:08:56 ERROR unexpected error during source scanning
java.lang.NullPointerException: Cannot invoke "scala.meta.pc.reports.ReportContext.unsanitized()" because "this.rc" is null
	at scala.meta.internal.mtags.JavaToplevelMtags.indexRoot(JavaToplevelMtags.scala:46)
	at scala.meta.internal.mtags.MtagsIndexer.index(MtagsIndexer.scala:21)
	at scala.meta.internal.mtags.MtagsIndexer.index$(MtagsIndexer.scala:20)
	at scala.meta.internal.mtags.JavaToplevelMtags.index(JavaToplevelMtags.scala:18)
	at scala.meta.internal.mtags.Mtags.indexWithOverrides(Mtags.scala:74)
	at scala.meta.internal.mtags.SymbolIndexBucket.indexSource(SymbolIndexBucket.scala:129)
	at scala.meta.internal.mtags.SymbolIndexBucket.addSourceFile(SymbolIndexBucket.scala:108)
	at scala.meta.internal.mtags.SymbolIndexBucket.$anonfun$addSourceJar$2(SymbolIndexBucket.scala:74)
	at scala.collection.immutable.List.flatMap(List.scala:294)
	at scala.meta.internal.mtags.SymbolIndexBucket.$anonfun$addSourceJar$1(SymbolIndexBucket.scala:70)
	at scala.meta.internal.io.PlatformFileIO$.withJarFileSystem(PlatformFileIO.scala:79)
	at scala.meta.internal.io.FileIO$.withJarFileSystem(FileIO.scala:33)
	at scala.meta.internal.mtags.SymbolIndexBucket.addSourceJar(SymbolIndexBucket.scala:68)
	at scala.meta.internal.mtags.OnDemandSymbolIndex.$anonfun$addSourceJar$2(OnDemandSymbolIndex.scala:85)
	at scala.meta.internal.mtags.OnDemandSymbolIndex.tryRun(OnDemandSymbolIndex.scala:131)
	at scala.meta.internal.mtags.OnDemandSymbolIndex.addSourceJar(OnDemandSymbolIndex.scala:84)
	at scala.meta.internal.metals.Indexer.indexJar(Indexer.scala:565)
	at scala.meta.internal.metals.Indexer.addSourceJarSymbols(Indexer.scala:559)
	at scala.meta.internal.metals.Indexer.$anonfun$indexDependencySources$5(Indexer.scala:387)
	at scala.collection.IterableOnceOps.foreach(IterableOnce.scala:619)
	at scala.collection.IterableOnceOps.foreach$(IterableOnce.scala:617)
	at scala.collection.AbstractIterable.foreach(Iterable.scala:935)
	at scala.collection.IterableOps$WithFilter.foreach(Iterable.scala:905)
	at scala.meta.internal.metals.Indexer.$anonfun$indexDependencySources$1(Indexer.scala:378)
	at scala.meta.internal.metals.Indexer.$anonfun$indexDependencySources$1$adapted(Indexer.scala:377)
	at scala.collection.IterableOnceOps.foreach(IterableOnce.scala:619)
	at scala.collection.IterableOnceOps.foreach$(IterableOnce.scala:617)
	at scala.collection.AbstractIterable.foreach(Iterable.scala:935)
	at scala.meta.internal.metals.Indexer.indexDependencySources(Indexer.scala:377)
	at scala.meta.internal.metals.Indexer.$anonfun$indexWorkspace$20(Indexer.scala:198)
	at scala.runtime.java8.JFunction0$mcV$sp.apply(JFunction0$mcV$sp.scala:18)
	at scala.meta.internal.metals.TimerProvider.timedThunk(TimerProvider.scala:25)
	at scala.meta.internal.metals.Indexer.$anonfun$indexWorkspace$19(Indexer.scala:191)
	at scala.meta.internal.metals.Indexer.$anonfun$indexWorkspace$19$adapted(Indexer.scala:187)
	at scala.collection.immutable.List.foreach(List.scala:334)
	at scala.meta.internal.metals.Indexer.indexWorkspace(Indexer.scala:187)
	at scala.meta.internal.metals.Indexer.$anonfun$profiledIndexWorkspace$2(Indexer.scala:57)
	at scala.runtime.java8.JFunction0$mcV$sp.apply(JFunction0$mcV$sp.scala:18)
	at scala.meta.internal.metals.TimerProvider.timedThunk(TimerProvider.scala:25)
	at scala.meta.internal.metals.Indexer.$anonfun$profiledIndexWorkspace$1(Indexer.scala:57)
	at scala.runtime.java8.JFunction0$mcV$sp.apply(JFunction0$mcV$sp.scala:18)
	at scala.concurrent.Future$.$anonfun$apply$1(Future.scala:687)
	at scala.concurrent.impl.Promise$Transformation.run(Promise.scala:467)
	at java.util.concurrent.ThreadPoolExecutor.runWorker(ThreadPoolExecutor.java:1136)
	at java.util.concurrent.ThreadPoolExecutor$Worker.run(ThreadPoolExecutor.java:635)
	at java.lang.Thread.run(Thread.java:840)

2025.06.30 13:08:56 ERROR unexpected error during source scanning
java.lang.NullPointerException: Cannot invoke "scala.meta.pc.reports.ReportContext.unsanitized()" because "this.rc" is null
	at scala.meta.internal.mtags.JavaToplevelMtags.indexRoot(JavaToplevelMtags.scala:46)
	at scala.meta.internal.mtags.MtagsIndexer.index(MtagsIndexer.scala:21)
	at scala.meta.internal.mtags.MtagsIndexer.index$(MtagsIndexer.scala:20)
	at scala.meta.internal.mtags.JavaToplevelMtags.index(JavaToplevelMtags.scala:18)
	at scala.meta.internal.mtags.Mtags.indexWithOverrides(Mtags.scala:74)
	at scala.meta.internal.mtags.SymbolIndexBucket.indexSource(SymbolIndexBucket.scala:129)
	at scala.meta.internal.mtags.SymbolIndexBucket.addSourceFile(SymbolIndexBucket.scala:108)
	at scala.meta.internal.mtags.SymbolIndexBucket.$anonfun$addSourceJar$2(SymbolIndexBucket.scala:74)
	at scala.collection.immutable.List.flatMap(List.scala:294)
	at scala.meta.internal.mtags.SymbolIndexBucket.$anonfun$addSourceJar$1(SymbolIndexBucket.scala:70)
	at scala.meta.internal.io.PlatformFileIO$.withJarFileSystem(PlatformFileIO.scala:79)
	at scala.meta.internal.io.FileIO$.withJarFileSystem(FileIO.scala:33)
	at scala.meta.internal.mtags.SymbolIndexBucket.addSourceJar(SymbolIndexBucket.scala:68)
	at scala.meta.internal.mtags.OnDemandSymbolIndex.$anonfun$addSourceJar$2(OnDemandSymbolIndex.scala:85)
	at scala.meta.internal.mtags.OnDemandSymbolIndex.tryRun(OnDemandSymbolIndex.scala:131)
	at scala.meta.internal.mtags.OnDemandSymbolIndex.addSourceJar(OnDemandSymbolIndex.scala:84)
	at scala.meta.internal.metals.Indexer.indexJar(Indexer.scala:565)
	at scala.meta.internal.metals.Indexer.addSourceJarSymbols(Indexer.scala:559)
	at scala.meta.internal.metals.Indexer.$anonfun$indexDependencySources$5(Indexer.scala:387)
	at scala.collection.IterableOnceOps.foreach(IterableOnce.scala:619)
	at scala.collection.IterableOnceOps.foreach$(IterableOnce.scala:617)
	at scala.collection.AbstractIterable.foreach(Iterable.scala:935)
	at scala.collection.IterableOps$WithFilter.foreach(Iterable.scala:905)
	at scala.meta.internal.metals.Indexer.$anonfun$indexDependencySources$1(Indexer.scala:378)
	at scala.meta.internal.metals.Indexer.$anonfun$indexDependencySources$1$adapted(Indexer.scala:377)
	at scala.collection.IterableOnceOps.foreach(IterableOnce.scala:619)
	at scala.collection.IterableOnceOps.foreach$(IterableOnce.scala:617)
	at scala.collection.AbstractIterable.foreach(Iterable.scala:935)
	at scala.meta.internal.metals.Indexer.indexDependencySources(Indexer.scala:377)
	at scala.meta.internal.metals.Indexer.$anonfun$indexWorkspace$20(Indexer.scala:198)
	at scala.runtime.java8.JFunction0$mcV$sp.apply(JFunction0$mcV$sp.scala:18)
	at scala.meta.internal.metals.TimerProvider.timedThunk(TimerProvider.scala:25)
	at scala.meta.internal.metals.Indexer.$anonfun$indexWorkspace$19(Indexer.scala:191)
	at scala.meta.internal.metals.Indexer.$anonfun$indexWorkspace$19$adapted(Indexer.scala:187)
	at scala.collection.immutable.List.foreach(List.scala:334)
	at scala.meta.internal.metals.Indexer.indexWorkspace(Indexer.scala:187)
	at scala.meta.internal.metals.Indexer.$anonfun$profiledIndexWorkspace$2(Indexer.scala:57)
	at scala.runtime.java8.JFunction0$mcV$sp.apply(JFunction0$mcV$sp.scala:18)
	at scala.meta.internal.metals.TimerProvider.timedThunk(TimerProvider.scala:25)
	at scala.meta.internal.metals.Indexer.$anonfun$profiledIndexWorkspace$1(Indexer.scala:57)
	at scala.runtime.java8.JFunction0$mcV$sp.apply(JFunction0$mcV$sp.scala:18)
	at scala.concurrent.Future$.$anonfun$apply$1(Future.scala:687)
	at scala.concurrent.impl.Promise$Transformation.run(Promise.scala:467)
	at java.util.concurrent.ThreadPoolExecutor.runWorker(ThreadPoolExecutor.java:1136)
	at java.util.concurrent.ThreadPoolExecutor$Worker.run(ThreadPoolExecutor.java:635)
	at java.lang.Thread.run(Thread.java:840)

2025.06.30 13:08:56 ERROR unexpected error during source scanning
java.lang.NullPointerException: Cannot invoke "scala.meta.pc.reports.ReportContext.unsanitized()" because "this.rc" is null
	at scala.meta.internal.mtags.JavaToplevelMtags.indexRoot(JavaToplevelMtags.scala:46)
	at scala.meta.internal.mtags.MtagsIndexer.index(MtagsIndexer.scala:21)
	at scala.meta.internal.mtags.MtagsIndexer.index$(MtagsIndexer.scala:20)
	at scala.meta.internal.mtags.JavaToplevelMtags.index(JavaToplevelMtags.scala:18)
	at scala.meta.internal.mtags.Mtags.indexWithOverrides(Mtags.scala:74)
	at scala.meta.internal.mtags.SymbolIndexBucket.indexSource(SymbolIndexBucket.scala:129)
	at scala.meta.internal.mtags.SymbolIndexBucket.addSourceFile(SymbolIndexBucket.scala:108)
	at scala.meta.internal.mtags.SymbolIndexBucket.$anonfun$addSourceJar$2(SymbolIndexBucket.scala:74)
	at scala.collection.immutable.List.flatMap(List.scala:294)
	at scala.meta.internal.mtags.SymbolIndexBucket.$anonfun$addSourceJar$1(SymbolIndexBucket.scala:70)
	at scala.meta.internal.io.PlatformFileIO$.withJarFileSystem(PlatformFileIO.scala:79)
	at scala.meta.internal.io.FileIO$.withJarFileSystem(FileIO.scala:33)
	at scala.meta.internal.mtags.SymbolIndexBucket.addSourceJar(SymbolIndexBucket.scala:68)
	at scala.meta.internal.mtags.OnDemandSymbolIndex.$anonfun$addSourceJar$2(OnDemandSymbolIndex.scala:85)
	at scala.meta.internal.mtags.OnDemandSymbolIndex.tryRun(OnDemandSymbolIndex.scala:131)
	at scala.meta.internal.mtags.OnDemandSymbolIndex.addSourceJar(OnDemandSymbolIndex.scala:84)
	at scala.meta.internal.metals.Indexer.indexJar(Indexer.scala:565)
	at scala.meta.internal.metals.Indexer.addSourceJarSymbols(Indexer.scala:559)
	at scala.meta.internal.metals.Indexer.$anonfun$indexDependencySources$5(Indexer.scala:387)
	at scala.collection.IterableOnceOps.foreach(IterableOnce.scala:619)
	at scala.collection.IterableOnceOps.foreach$(IterableOnce.scala:617)
	at scala.collection.AbstractIterable.foreach(Iterable.scala:935)
	at scala.collection.IterableOps$WithFilter.foreach(Iterable.scala:905)
	at scala.meta.internal.metals.Indexer.$anonfun$indexDependencySources$1(Indexer.scala:378)
	at scala.meta.internal.metals.Indexer.$anonfun$indexDependencySources$1$adapted(Indexer.scala:377)
	at scala.collection.IterableOnceOps.foreach(IterableOnce.scala:619)
	at scala.collection.IterableOnceOps.foreach$(IterableOnce.scala:617)
	at scala.collection.AbstractIterable.foreach(Iterable.scala:935)
	at scala.meta.internal.metals.Indexer.indexDependencySources(Indexer.scala:377)
	at scala.meta.internal.metals.Indexer.$anonfun$indexWorkspace$20(Indexer.scala:198)
	at scala.runtime.java8.JFunction0$mcV$sp.apply(JFunction0$mcV$sp.scala:18)
	at scala.meta.internal.metals.TimerProvider.timedThunk(TimerProvider.scala:25)
	at scala.meta.internal.metals.Indexer.$anonfun$indexWorkspace$19(Indexer.scala:191)
	at scala.meta.internal.metals.Indexer.$anonfun$indexWorkspace$19$adapted(Indexer.scala:187)
	at scala.collection.immutable.List.foreach(List.scala:334)
	at scala.meta.internal.metals.Indexer.indexWorkspace(Indexer.scala:187)
	at scala.meta.internal.metals.Indexer.$anonfun$profiledIndexWorkspace$2(Indexer.scala:57)
	at scala.runtime.java8.JFunction0$mcV$sp.apply(JFunction0$mcV$sp.scala:18)
	at scala.meta.internal.metals.TimerProvider.timedThunk(TimerProvider.scala:25)
	at scala.meta.internal.metals.Indexer.$anonfun$profiledIndexWorkspace$1(Indexer.scala:57)
	at scala.runtime.java8.JFunction0$mcV$sp.apply(JFunction0$mcV$sp.scala:18)
	at scala.concurrent.Future$.$anonfun$apply$1(Future.scala:687)
	at scala.concurrent.impl.Promise$Transformation.run(Promise.scala:467)
	at java.util.concurrent.ThreadPoolExecutor.runWorker(ThreadPoolExecutor.java:1136)
	at java.util.concurrent.ThreadPoolExecutor$Worker.run(ThreadPoolExecutor.java:635)
	at java.lang.Thread.run(Thread.java:840)

2025.06.30 13:08:56 ERROR unexpected error during source scanning
java.lang.NullPointerException: Cannot invoke "scala.meta.pc.reports.ReportContext.unsanitized()" because "this.rc" is null
	at scala.meta.internal.mtags.JavaToplevelMtags.indexRoot(JavaToplevelMtags.scala:46)
	at scala.meta.internal.mtags.MtagsIndexer.index(MtagsIndexer.scala:21)
	at scala.meta.internal.mtags.MtagsIndexer.index$(MtagsIndexer.scala:20)
	at scala.meta.internal.mtags.JavaToplevelMtags.index(JavaToplevelMtags.scala:18)
	at scala.meta.internal.mtags.Mtags.indexWithOverrides(Mtags.scala:74)
	at scala.meta.internal.mtags.SymbolIndexBucket.indexSource(SymbolIndexBucket.scala:129)
	at scala.meta.internal.mtags.SymbolIndexBucket.addSourceFile(SymbolIndexBucket.scala:108)
	at scala.meta.internal.mtags.SymbolIndexBucket.$anonfun$addSourceJar$2(SymbolIndexBucket.scala:74)
	at scala.collection.immutable.List.flatMap(List.scala:294)
	at scala.meta.internal.mtags.SymbolIndexBucket.$anonfun$addSourceJar$1(SymbolIndexBucket.scala:70)
	at scala.meta.internal.io.PlatformFileIO$.withJarFileSystem(PlatformFileIO.scala:79)
	at scala.meta.internal.io.FileIO$.withJarFileSystem(FileIO.scala:33)
	at scala.meta.internal.mtags.SymbolIndexBucket.addSourceJar(SymbolIndexBucket.scala:68)
	at scala.meta.internal.mtags.OnDemandSymbolIndex.$anonfun$addSourceJar$2(OnDemandSymbolIndex.scala:85)
	at scala.meta.internal.mtags.OnDemandSymbolIndex.tryRun(OnDemandSymbolIndex.scala:131)
	at scala.meta.internal.mtags.OnDemandSymbolIndex.addSourceJar(OnDemandSymbolIndex.scala:84)
	at scala.meta.internal.metals.Indexer.indexJar(Indexer.scala:565)
	at scala.meta.internal.metals.Indexer.addSourceJarSymbols(Indexer.scala:559)
	at scala.meta.internal.metals.Indexer.$anonfun$indexDependencySources$5(Indexer.scala:387)
	at scala.collection.IterableOnceOps.foreach(IterableOnce.scala:619)
	at scala.collection.IterableOnceOps.foreach$(IterableOnce.scala:617)
	at scala.collection.AbstractIterable.foreach(Iterable.scala:935)
	at scala.collection.IterableOps$WithFilter.foreach(Iterable.scala:905)
	at scala.meta.internal.metals.Indexer.$anonfun$indexDependencySources$1(Indexer.scala:378)
	at scala.meta.internal.metals.Indexer.$anonfun$indexDependencySources$1$adapted(Indexer.scala:377)
	at scala.collection.IterableOnceOps.foreach(IterableOnce.scala:619)
	at scala.collection.IterableOnceOps.foreach$(IterableOnce.scala:617)
	at scala.collection.AbstractIterable.foreach(Iterable.scala:935)
	at scala.meta.internal.metals.Indexer.indexDependencySources(Indexer.scala:377)
	at scala.meta.internal.metals.Indexer.$anonfun$indexWorkspace$20(Indexer.scala:198)
	at scala.runtime.java8.JFunction0$mcV$sp.apply(JFunction0$mcV$sp.scala:18)
	at scala.meta.internal.metals.TimerProvider.timedThunk(TimerProvider.scala:25)
	at scala.meta.internal.metals.Indexer.$anonfun$indexWorkspace$19(Indexer.scala:191)
	at scala.meta.internal.metals.Indexer.$anonfun$indexWorkspace$19$adapted(Indexer.scala:187)
	at scala.collection.immutable.List.foreach(List.scala:334)
	at scala.meta.internal.metals.Indexer.indexWorkspace(Indexer.scala:187)
	at scala.meta.internal.metals.Indexer.$anonfun$profiledIndexWorkspace$2(Indexer.scala:57)
	at scala.runtime.java8.JFunction0$mcV$sp.apply(JFunction0$mcV$sp.scala:18)
	at scala.meta.internal.metals.TimerProvider.timedThunk(TimerProvider.scala:25)
	at scala.meta.internal.metals.Indexer.$anonfun$profiledIndexWorkspace$1(Indexer.scala:57)
	at scala.runtime.java8.JFunction0$mcV$sp.apply(JFunction0$mcV$sp.scala:18)
	at scala.concurrent.Future$.$anonfun$apply$1(Future.scala:687)
	at scala.concurrent.impl.Promise$Transformation.run(Promise.scala:467)
	at java.util.concurrent.ThreadPoolExecutor.runWorker(ThreadPoolExecutor.java:1136)
	at java.util.concurrent.ThreadPoolExecutor$Worker.run(ThreadPoolExecutor.java:635)
	at java.lang.Thread.run(Thread.java:840)

2025.06.30 13:08:56 ERROR unexpected error during source scanning
java.lang.NullPointerException: Cannot invoke "scala.meta.pc.reports.ReportContext.unsanitized()" because "this.rc" is null
	at scala.meta.internal.mtags.JavaToplevelMtags.indexRoot(JavaToplevelMtags.scala:46)
	at scala.meta.internal.mtags.MtagsIndexer.index(MtagsIndexer.scala:21)
	at scala.meta.internal.mtags.MtagsIndexer.index$(MtagsIndexer.scala:20)
	at scala.meta.internal.mtags.JavaToplevelMtags.index(JavaToplevelMtags.scala:18)
	at scala.meta.internal.mtags.Mtags.indexWithOverrides(Mtags.scala:74)
	at scala.meta.internal.mtags.SymbolIndexBucket.indexSource(SymbolIndexBucket.scala:129)
	at scala.meta.internal.mtags.SymbolIndexBucket.addSourceFile(SymbolIndexBucket.scala:108)
	at scala.meta.internal.mtags.SymbolIndexBucket.$anonfun$addSourceJar$2(SymbolIndexBucket.scala:74)
	at scala.collection.immutable.List.flatMap(List.scala:294)
	at scala.meta.internal.mtags.SymbolIndexBucket.$anonfun$addSourceJar$1(SymbolIndexBucket.scala:70)
	at scala.meta.internal.io.PlatformFileIO$.withJarFileSystem(PlatformFileIO.scala:79)
	at scala.meta.internal.io.FileIO$.withJarFileSystem(FileIO.scala:33)
	at scala.meta.internal.mtags.SymbolIndexBucket.addSourceJar(SymbolIndexBucket.scala:68)
	at scala.meta.internal.mtags.OnDemandSymbolIndex.$anonfun$addSourceJar$2(OnDemandSymbolIndex.scala:85)
	at scala.meta.internal.mtags.OnDemandSymbolIndex.tryRun(OnDemandSymbolIndex.scala:131)
	at scala.meta.internal.mtags.OnDemandSymbolIndex.addSourceJar(OnDemandSymbolIndex.scala:84)
	at scala.meta.internal.metals.Indexer.indexJar(Indexer.scala:565)
	at scala.meta.internal.metals.Indexer.addSourceJarSymbols(Indexer.scala:559)
	at scala.meta.internal.metals.Indexer.$anonfun$indexDependencySources$5(Indexer.scala:387)
	at scala.collection.IterableOnceOps.foreach(IterableOnce.scala:619)
	at scala.collection.IterableOnceOps.foreach$(IterableOnce.scala:617)
	at scala.collection.AbstractIterable.foreach(Iterable.scala:935)
	at scala.collection.IterableOps$WithFilter.foreach(Iterable.scala:905)
	at scala.meta.internal.metals.Indexer.$anonfun$indexDependencySources$1(Indexer.scala:378)
	at scala.meta.internal.metals.Indexer.$anonfun$indexDependencySources$1$adapted(Indexer.scala:377)
	at scala.collection.IterableOnceOps.foreach(IterableOnce.scala:619)
	at scala.collection.IterableOnceOps.foreach$(IterableOnce.scala:617)
	at scala.collection.AbstractIterable.foreach(Iterable.scala:935)
	at scala.meta.internal.metals.Indexer.indexDependencySources(Indexer.scala:377)
	at scala.meta.internal.metals.Indexer.$anonfun$indexWorkspace$20(Indexer.scala:198)
	at scala.runtime.java8.JFunction0$mcV$sp.apply(JFunction0$mcV$sp.scala:18)
	at scala.meta.internal.metals.TimerProvider.timedThunk(TimerProvider.scala:25)
	at scala.meta.internal.metals.Indexer.$anonfun$indexWorkspace$19(Indexer.scala:191)
	at scala.meta.internal.metals.Indexer.$anonfun$indexWorkspace$19$adapted(Indexer.scala:187)
	at scala.collection.immutable.List.foreach(List.scala:334)
	at scala.meta.internal.metals.Indexer.indexWorkspace(Indexer.scala:187)
	at scala.meta.internal.metals.Indexer.$anonfun$profiledIndexWorkspace$2(Indexer.scala:57)
	at scala.runtime.java8.JFunction0$mcV$sp.apply(JFunction0$mcV$sp.scala:18)
	at scala.meta.internal.metals.TimerProvider.timedThunk(TimerProvider.scala:25)
	at scala.meta.internal.metals.Indexer.$anonfun$profiledIndexWorkspace$1(Indexer.scala:57)
	at scala.runtime.java8.JFunction0$mcV$sp.apply(JFunction0$mcV$sp.scala:18)
	at scala.concurrent.Future$.$anonfun$apply$1(Future.scala:687)
	at scala.concurrent.impl.Promise$Transformation.run(Promise.scala:467)
	at java.util.concurrent.ThreadPoolExecutor.runWorker(ThreadPoolExecutor.java:1136)
	at java.util.concurrent.ThreadPoolExecutor$Worker.run(ThreadPoolExecutor.java:635)
	at java.lang.Thread.run(Thread.java:840)

2025.06.30 13:08:56 ERROR unexpected error during source scanning
java.lang.NullPointerException: Cannot invoke "scala.meta.pc.reports.ReportContext.unsanitized()" because "this.rc" is null
	at scala.meta.internal.mtags.JavaToplevelMtags.indexRoot(JavaToplevelMtags.scala:46)
	at scala.meta.internal.mtags.MtagsIndexer.index(MtagsIndexer.scala:21)
	at scala.meta.internal.mtags.MtagsIndexer.index$(MtagsIndexer.scala:20)
	at scala.meta.internal.mtags.JavaToplevelMtags.index(JavaToplevelMtags.scala:18)
	at scala.meta.internal.mtags.Mtags.indexWithOverrides(Mtags.scala:74)
	at scala.meta.internal.mtags.SymbolIndexBucket.indexSource(SymbolIndexBucket.scala:129)
	at scala.meta.internal.mtags.SymbolIndexBucket.addSourceFile(SymbolIndexBucket.scala:108)
	at scala.meta.internal.mtags.SymbolIndexBucket.$anonfun$addSourceJar$2(SymbolIndexBucket.scala:74)
	at scala.collection.immutable.List.flatMap(List.scala:294)
	at scala.meta.internal.mtags.SymbolIndexBucket.$anonfun$addSourceJar$1(SymbolIndexBucket.scala:70)
	at scala.meta.internal.io.PlatformFileIO$.withJarFileSystem(PlatformFileIO.scala:79)
	at scala.meta.internal.io.FileIO$.withJarFileSystem(FileIO.scala:33)
	at scala.meta.internal.mtags.SymbolIndexBucket.addSourceJar(SymbolIndexBucket.scala:68)
	at scala.meta.internal.mtags.OnDemandSymbolIndex.$anonfun$addSourceJar$2(OnDemandSymbolIndex.scala:85)
	at scala.meta.internal.mtags.OnDemandSymbolIndex.tryRun(OnDemandSymbolIndex.scala:131)
	at scala.meta.internal.mtags.OnDemandSymbolIndex.addSourceJar(OnDemandSymbolIndex.scala:84)
	at scala.meta.internal.metals.Indexer.indexJar(Indexer.scala:565)
	at scala.meta.internal.metals.Indexer.addSourceJarSymbols(Indexer.scala:559)
	at scala.meta.internal.metals.Indexer.$anonfun$indexDependencySources$5(Indexer.scala:387)
	at scala.collection.IterableOnceOps.foreach(IterableOnce.scala:619)
	at scala.collection.IterableOnceOps.foreach$(IterableOnce.scala:617)
	at scala.collection.AbstractIterable.foreach(Iterable.scala:935)
	at scala.collection.IterableOps$WithFilter.foreach(Iterable.scala:905)
	at scala.meta.internal.metals.Indexer.$anonfun$indexDependencySources$1(Indexer.scala:378)
	at scala.meta.internal.metals.Indexer.$anonfun$indexDependencySources$1$adapted(Indexer.scala:377)
	at scala.collection.IterableOnceOps.foreach(IterableOnce.scala:619)
	at scala.collection.IterableOnceOps.foreach$(IterableOnce.scala:617)
	at scala.collection.AbstractIterable.foreach(Iterable.scala:935)
	at scala.meta.internal.metals.Indexer.indexDependencySources(Indexer.scala:377)
	at scala.meta.internal.metals.Indexer.$anonfun$indexWorkspace$20(Indexer.scala:198)
	at scala.runtime.java8.JFunction0$mcV$sp.apply(JFunction0$mcV$sp.scala:18)
	at scala.meta.internal.metals.TimerProvider.timedThunk(TimerProvider.scala:25)
	at scala.meta.internal.metals.Indexer.$anonfun$indexWorkspace$19(Indexer.scala:191)
	at scala.meta.internal.metals.Indexer.$anonfun$indexWorkspace$19$adapted(Indexer.scala:187)
	at scala.collection.immutable.List.foreach(List.scala:334)
	at scala.meta.internal.metals.Indexer.indexWorkspace(Indexer.scala:187)
	at scala.meta.internal.metals.Indexer.$anonfun$profiledIndexWorkspace$2(Indexer.scala:57)
	at scala.runtime.java8.JFunction0$mcV$sp.apply(JFunction0$mcV$sp.scala:18)
	at scala.meta.internal.metals.TimerProvider.timedThunk(TimerProvider.scala:25)
	at scala.meta.internal.metals.Indexer.$anonfun$profiledIndexWorkspace$1(Indexer.scala:57)
	at scala.runtime.java8.JFunction0$mcV$sp.apply(JFunction0$mcV$sp.scala:18)
	at scala.concurrent.Future$.$anonfun$apply$1(Future.scala:687)
	at scala.concurrent.impl.Promise$Transformation.run(Promise.scala:467)
	at java.util.concurrent.ThreadPoolExecutor.runWorker(ThreadPoolExecutor.java:1136)
	at java.util.concurrent.ThreadPoolExecutor$Worker.run(ThreadPoolExecutor.java:635)
	at java.lang.Thread.run(Thread.java:840)

2025.06.30 13:08:56 ERROR unexpected error during source scanning
java.lang.NullPointerException: Cannot invoke "scala.meta.pc.reports.ReportContext.unsanitized()" because "this.rc" is null
	at scala.meta.internal.mtags.JavaToplevelMtags.indexRoot(JavaToplevelMtags.scala:46)
	at scala.meta.internal.mtags.MtagsIndexer.index(MtagsIndexer.scala:21)
	at scala.meta.internal.mtags.MtagsIndexer.index$(MtagsIndexer.scala:20)
	at scala.meta.internal.mtags.JavaToplevelMtags.index(JavaToplevelMtags.scala:18)
	at scala.meta.internal.mtags.Mtags.indexWithOverrides(Mtags.scala:74)
	at scala.meta.internal.mtags.SymbolIndexBucket.indexSource(SymbolIndexBucket.scala:129)
	at scala.meta.internal.mtags.SymbolIndexBucket.addSourceFile(SymbolIndexBucket.scala:108)
	at scala.meta.internal.mtags.SymbolIndexBucket.$anonfun$addSourceJar$2(SymbolIndexBucket.scala:74)
	at scala.collection.immutable.List.flatMap(List.scala:294)
	at scala.meta.internal.mtags.SymbolIndexBucket.$anonfun$addSourceJar$1(SymbolIndexBucket.scala:70)
	at scala.meta.internal.io.PlatformFileIO$.withJarFileSystem(PlatformFileIO.scala:79)
	at scala.meta.internal.io.FileIO$.withJarFileSystem(FileIO.scala:33)
	at scala.meta.internal.mtags.SymbolIndexBucket.addSourceJar(SymbolIndexBucket.scala:68)
	at scala.meta.internal.mtags.OnDemandSymbolIndex.$anonfun$addSourceJar$2(OnDemandSymbolIndex.scala:85)
	at scala.meta.internal.mtags.OnDemandSymbolIndex.tryRun(OnDemandSymbolIndex.scala:131)
	at scala.meta.internal.mtags.OnDemandSymbolIndex.addSourceJar(OnDemandSymbolIndex.scala:84)
	at scala.meta.internal.metals.Indexer.indexJar(Indexer.scala:565)
	at scala.meta.internal.metals.Indexer.addSourceJarSymbols(Indexer.scala:559)
	at scala.meta.internal.metals.Indexer.$anonfun$indexDependencySources$5(Indexer.scala:387)
	at scala.collection.IterableOnceOps.foreach(IterableOnce.scala:619)
	at scala.collection.IterableOnceOps.foreach$(IterableOnce.scala:617)
	at scala.collection.AbstractIterable.foreach(Iterable.scala:935)
	at scala.collection.IterableOps$WithFilter.foreach(Iterable.scala:905)
	at scala.meta.internal.metals.Indexer.$anonfun$indexDependencySources$1(Indexer.scala:378)
	at scala.meta.internal.metals.Indexer.$anonfun$indexDependencySources$1$adapted(Indexer.scala:377)
	at scala.collection.IterableOnceOps.foreach(IterableOnce.scala:619)
	at scala.collection.IterableOnceOps.foreach$(IterableOnce.scala:617)
	at scala.collection.AbstractIterable.foreach(Iterable.scala:935)
	at scala.meta.internal.metals.Indexer.indexDependencySources(Indexer.scala:377)
	at scala.meta.internal.metals.Indexer.$anonfun$indexWorkspace$20(Indexer.scala:198)
	at scala.runtime.java8.JFunction0$mcV$sp.apply(JFunction0$mcV$sp.scala:18)
	at scala.meta.internal.metals.TimerProvider.timedThunk(TimerProvider.scala:25)
	at scala.meta.internal.metals.Indexer.$anonfun$indexWorkspace$19(Indexer.scala:191)
	at scala.meta.internal.metals.Indexer.$anonfun$indexWorkspace$19$adapted(Indexer.scala:187)
	at scala.collection.immutable.List.foreach(List.scala:334)
	at scala.meta.internal.metals.Indexer.indexWorkspace(Indexer.scala:187)
	at scala.meta.internal.metals.Indexer.$anonfun$profiledIndexWorkspace$2(Indexer.scala:57)
	at scala.runtime.java8.JFunction0$mcV$sp.apply(JFunction0$mcV$sp.scala:18)
	at scala.meta.internal.metals.TimerProvider.timedThunk(TimerProvider.scala:25)
	at scala.meta.internal.metals.Indexer.$anonfun$profiledIndexWorkspace$1(Indexer.scala:57)
	at scala.runtime.java8.JFunction0$mcV$sp.apply(JFunction0$mcV$sp.scala:18)
	at scala.concurrent.Future$.$anonfun$apply$1(Future.scala:687)
	at scala.concurrent.impl.Promise$Transformation.run(Promise.scala:467)
	at java.util.concurrent.ThreadPoolExecutor.runWorker(ThreadPoolExecutor.java:1136)
	at java.util.concurrent.ThreadPoolExecutor$Worker.run(ThreadPoolExecutor.java:635)
	at java.lang.Thread.run(Thread.java:840)

2025.06.30 13:08:56 ERROR unexpected error during source scanning
java.lang.NullPointerException: Cannot invoke "scala.meta.pc.reports.ReportContext.unsanitized()" because "this.rc" is null
	at scala.meta.internal.mtags.JavaToplevelMtags.indexRoot(JavaToplevelMtags.scala:46)
	at scala.meta.internal.mtags.MtagsIndexer.index(MtagsIndexer.scala:21)
	at scala.meta.internal.mtags.MtagsIndexer.index$(MtagsIndexer.scala:20)
	at scala.meta.internal.mtags.JavaToplevelMtags.index(JavaToplevelMtags.scala:18)
	at scala.meta.internal.mtags.Mtags.indexWithOverrides(Mtags.scala:74)
	at scala.meta.internal.mtags.SymbolIndexBucket.indexSource(SymbolIndexBucket.scala:129)
	at scala.meta.internal.mtags.SymbolIndexBucket.addSourceFile(SymbolIndexBucket.scala:108)
	at scala.meta.internal.mtags.SymbolIndexBucket.$anonfun$addSourceJar$2(SymbolIndexBucket.scala:74)
	at scala.collection.immutable.List.flatMap(List.scala:294)
	at scala.meta.internal.mtags.SymbolIndexBucket.$anonfun$addSourceJar$1(SymbolIndexBucket.scala:70)
	at scala.meta.internal.io.PlatformFileIO$.withJarFileSystem(PlatformFileIO.scala:79)
	at scala.meta.internal.io.FileIO$.withJarFileSystem(FileIO.scala:33)
	at scala.meta.internal.mtags.SymbolIndexBucket.addSourceJar(SymbolIndexBucket.scala:68)
	at scala.meta.internal.mtags.OnDemandSymbolIndex.$anonfun$addSourceJar$2(OnDemandSymbolIndex.scala:85)
	at scala.meta.internal.mtags.OnDemandSymbolIndex.tryRun(OnDemandSymbolIndex.scala:131)
	at scala.meta.internal.mtags.OnDemandSymbolIndex.addSourceJar(OnDemandSymbolIndex.scala:84)
	at scala.meta.internal.metals.Indexer.indexJar(Indexer.scala:565)
	at scala.meta.internal.metals.Indexer.addSourceJarSymbols(Indexer.scala:559)
	at scala.meta.internal.metals.Indexer.$anonfun$indexDependencySources$5(Indexer.scala:387)
	at scala.collection.IterableOnceOps.foreach(IterableOnce.scala:619)
	at scala.collection.IterableOnceOps.foreach$(IterableOnce.scala:617)
	at scala.collection.AbstractIterable.foreach(Iterable.scala:935)
	at scala.collection.IterableOps$WithFilter.foreach(Iterable.scala:905)
	at scala.meta.internal.metals.Indexer.$anonfun$indexDependencySources$1(Indexer.scala:378)
	at scala.meta.internal.metals.Indexer.$anonfun$indexDependencySources$1$adapted(Indexer.scala:377)
	at scala.collection.IterableOnceOps.foreach(IterableOnce.scala:619)
	at scala.collection.IterableOnceOps.foreach$(IterableOnce.scala:617)
	at scala.collection.AbstractIterable.foreach(Iterable.scala:935)
	at scala.meta.internal.metals.Indexer.indexDependencySources(Indexer.scala:377)
	at scala.meta.internal.metals.Indexer.$anonfun$indexWorkspace$20(Indexer.scala:198)
	at scala.runtime.java8.JFunction0$mcV$sp.apply(JFunction0$mcV$sp.scala:18)
	at scala.meta.internal.metals.TimerProvider.timedThunk(TimerProvider.scala:25)
	at scala.meta.internal.metals.Indexer.$anonfun$indexWorkspace$19(Indexer.scala:191)
	at scala.meta.internal.metals.Indexer.$anonfun$indexWorkspace$19$adapted(Indexer.scala:187)
	at scala.collection.immutable.List.foreach(List.scala:334)
	at scala.meta.internal.metals.Indexer.indexWorkspace(Indexer.scala:187)
	at scala.meta.internal.metals.Indexer.$anonfun$profiledIndexWorkspace$2(Indexer.scala:57)
	at scala.runtime.java8.JFunction0$mcV$sp.apply(JFunction0$mcV$sp.scala:18)
	at scala.meta.internal.metals.TimerProvider.timedThunk(TimerProvider.scala:25)
	at scala.meta.internal.metals.Indexer.$anonfun$profiledIndexWorkspace$1(Indexer.scala:57)
	at scala.runtime.java8.JFunction0$mcV$sp.apply(JFunction0$mcV$sp.scala:18)
	at scala.concurrent.Future$.$anonfun$apply$1(Future.scala:687)
	at scala.concurrent.impl.Promise$Transformation.run(Promise.scala:467)
	at java.util.concurrent.ThreadPoolExecutor.runWorker(ThreadPoolExecutor.java:1136)
	at java.util.concurrent.ThreadPoolExecutor$Worker.run(ThreadPoolExecutor.java:635)
	at java.lang.Thread.run(Thread.java:840)

2025.06.30 13:08:56 ERROR unexpected error during source scanning
java.lang.NullPointerException: Cannot invoke "scala.meta.pc.reports.ReportContext.unsanitized()" because "this.rc" is null
	at scala.meta.internal.mtags.JavaToplevelMtags.indexRoot(JavaToplevelMtags.scala:46)
	at scala.meta.internal.mtags.MtagsIndexer.index(MtagsIndexer.scala:21)
	at scala.meta.internal.mtags.MtagsIndexer.index$(MtagsIndexer.scala:20)
	at scala.meta.internal.mtags.JavaToplevelMtags.index(JavaToplevelMtags.scala:18)
	at scala.meta.internal.mtags.Mtags.indexWithOverrides(Mtags.scala:74)
	at scala.meta.internal.mtags.SymbolIndexBucket.indexSource(SymbolIndexBucket.scala:129)
	at scala.meta.internal.mtags.SymbolIndexBucket.addSourceFile(SymbolIndexBucket.scala:108)
	at scala.meta.internal.mtags.SymbolIndexBucket.$anonfun$addSourceJar$2(SymbolIndexBucket.scala:74)
	at scala.collection.immutable.List.flatMap(List.scala:294)
	at scala.meta.internal.mtags.SymbolIndexBucket.$anonfun$addSourceJar$1(SymbolIndexBucket.scala:70)
	at scala.meta.internal.io.PlatformFileIO$.withJarFileSystem(PlatformFileIO.scala:79)
	at scala.meta.internal.io.FileIO$.withJarFileSystem(FileIO.scala:33)
	at scala.meta.internal.mtags.SymbolIndexBucket.addSourceJar(SymbolIndexBucket.scala:68)
	at scala.meta.internal.mtags.OnDemandSymbolIndex.$anonfun$addSourceJar$2(OnDemandSymbolIndex.scala:85)
	at scala.meta.internal.mtags.OnDemandSymbolIndex.tryRun(OnDemandSymbolIndex.scala:131)
	at scala.meta.internal.mtags.OnDemandSymbolIndex.addSourceJar(OnDemandSymbolIndex.scala:84)
	at scala.meta.internal.metals.Indexer.indexJar(Indexer.scala:565)
	at scala.meta.internal.metals.Indexer.addSourceJarSymbols(Indexer.scala:559)
	at scala.meta.internal.metals.Indexer.$anonfun$indexDependencySources$5(Indexer.scala:387)
	at scala.collection.IterableOnceOps.foreach(IterableOnce.scala:619)
	at scala.collection.IterableOnceOps.foreach$(IterableOnce.scala:617)
	at scala.collection.AbstractIterable.foreach(Iterable.scala:935)
	at scala.collection.IterableOps$WithFilter.foreach(Iterable.scala:905)
	at scala.meta.internal.metals.Indexer.$anonfun$indexDependencySources$1(Indexer.scala:378)
	at scala.meta.internal.metals.Indexer.$anonfun$indexDependencySources$1$adapted(Indexer.scala:377)
	at scala.collection.IterableOnceOps.foreach(IterableOnce.scala:619)
	at scala.collection.IterableOnceOps.foreach$(IterableOnce.scala:617)
	at scala.collection.AbstractIterable.foreach(Iterable.scala:935)
	at scala.meta.internal.metals.Indexer.indexDependencySources(Indexer.scala:377)
	at scala.meta.internal.metals.Indexer.$anonfun$indexWorkspace$20(Indexer.scala:198)
	at scala.runtime.java8.JFunction0$mcV$sp.apply(JFunction0$mcV$sp.scala:18)
	at scala.meta.internal.metals.TimerProvider.timedThunk(TimerProvider.scala:25)
	at scala.meta.internal.metals.Indexer.$anonfun$indexWorkspace$19(Indexer.scala:191)
	at scala.meta.internal.metals.Indexer.$anonfun$indexWorkspace$19$adapted(Indexer.scala:187)
	at scala.collection.immutable.List.foreach(List.scala:334)
	at scala.meta.internal.metals.Indexer.indexWorkspace(Indexer.scala:187)
	at scala.meta.internal.metals.Indexer.$anonfun$profiledIndexWorkspace$2(Indexer.scala:57)
	at scala.runtime.java8.JFunction0$mcV$sp.apply(JFunction0$mcV$sp.scala:18)
	at scala.meta.internal.metals.TimerProvider.timedThunk(TimerProvider.scala:25)
	at scala.meta.internal.metals.Indexer.$anonfun$profiledIndexWorkspace$1(Indexer.scala:57)
	at scala.runtime.java8.JFunction0$mcV$sp.apply(JFunction0$mcV$sp.scala:18)
	at scala.concurrent.Future$.$anonfun$apply$1(Future.scala:687)
	at scala.concurrent.impl.Promise$Transformation.run(Promise.scala:467)
	at java.util.concurrent.ThreadPoolExecutor.runWorker(ThreadPoolExecutor.java:1136)
	at java.util.concurrent.ThreadPoolExecutor$Worker.run(ThreadPoolExecutor.java:635)
	at java.lang.Thread.run(Thread.java:840)

2025.06.30 13:08:56 ERROR unexpected error during source scanning
java.lang.NullPointerException: Cannot invoke "scala.meta.pc.reports.ReportContext.unsanitized()" because "this.rc" is null
	at scala.meta.internal.mtags.JavaToplevelMtags.indexRoot(JavaToplevelMtags.scala:46)
	at scala.meta.internal.mtags.MtagsIndexer.index(MtagsIndexer.scala:21)
	at scala.meta.internal.mtags.MtagsIndexer.index$(MtagsIndexer.scala:20)
	at scala.meta.internal.mtags.JavaToplevelMtags.index(JavaToplevelMtags.scala:18)
	at scala.meta.internal.mtags.Mtags.indexWithOverrides(Mtags.scala:74)
	at scala.meta.internal.mtags.SymbolIndexBucket.indexSource(SymbolIndexBucket.scala:129)
	at scala.meta.internal.mtags.SymbolIndexBucket.addSourceFile(SymbolIndexBucket.scala:108)
	at scala.meta.internal.mtags.SymbolIndexBucket.$anonfun$addSourceJar$2(SymbolIndexBucket.scala:74)
	at scala.collection.immutable.List.flatMap(List.scala:294)
	at scala.meta.internal.mtags.SymbolIndexBucket.$anonfun$addSourceJar$1(SymbolIndexBucket.scala:70)
	at scala.meta.internal.io.PlatformFileIO$.withJarFileSystem(PlatformFileIO.scala:79)
	at scala.meta.internal.io.FileIO$.withJarFileSystem(FileIO.scala:33)
	at scala.meta.internal.mtags.SymbolIndexBucket.addSourceJar(SymbolIndexBucket.scala:68)
	at scala.meta.internal.mtags.OnDemandSymbolIndex.$anonfun$addSourceJar$2(OnDemandSymbolIndex.scala:85)
	at scala.meta.internal.mtags.OnDemandSymbolIndex.tryRun(OnDemandSymbolIndex.scala:131)
	at scala.meta.internal.mtags.OnDemandSymbolIndex.addSourceJar(OnDemandSymbolIndex.scala:84)
	at scala.meta.internal.metals.Indexer.indexJar(Indexer.scala:565)
	at scala.meta.internal.metals.Indexer.addSourceJarSymbols(Indexer.scala:559)
	at scala.meta.internal.metals.Indexer.$anonfun$indexDependencySources$5(Indexer.scala:387)
	at scala.collection.IterableOnceOps.foreach(IterableOnce.scala:619)
	at scala.collection.IterableOnceOps.foreach$(IterableOnce.scala:617)
	at scala.collection.AbstractIterable.foreach(Iterable.scala:935)
	at scala.collection.IterableOps$WithFilter.foreach(Iterable.scala:905)
	at scala.meta.internal.metals.Indexer.$anonfun$indexDependencySources$1(Indexer.scala:378)
	at scala.meta.internal.metals.Indexer.$anonfun$indexDependencySources$1$adapted(Indexer.scala:377)
	at scala.collection.IterableOnceOps.foreach(IterableOnce.scala:619)
	at scala.collection.IterableOnceOps.foreach$(IterableOnce.scala:617)
	at scala.collection.AbstractIterable.foreach(Iterable.scala:935)
	at scala.meta.internal.metals.Indexer.indexDependencySources(Indexer.scala:377)
	at scala.meta.internal.metals.Indexer.$anonfun$indexWorkspace$20(Indexer.scala:198)
	at scala.runtime.java8.JFunction0$mcV$sp.apply(JFunction0$mcV$sp.scala:18)
	at scala.meta.internal.metals.TimerProvider.timedThunk(TimerProvider.scala:25)
	at scala.meta.internal.metals.Indexer.$anonfun$indexWorkspace$19(Indexer.scala:191)
	at scala.meta.internal.metals.Indexer.$anonfun$indexWorkspace$19$adapted(Indexer.scala:187)
	at scala.collection.immutable.List.foreach(List.scala:334)
	at scala.meta.internal.metals.Indexer.indexWorkspace(Indexer.scala:187)
	at scala.meta.internal.metals.Indexer.$anonfun$profiledIndexWorkspace$2(Indexer.scala:57)
	at scala.runtime.java8.JFunction0$mcV$sp.apply(JFunction0$mcV$sp.scala:18)
	at scala.meta.internal.metals.TimerProvider.timedThunk(TimerProvider.scala:25)
	at scala.meta.internal.metals.Indexer.$anonfun$profiledIndexWorkspace$1(Indexer.scala:57)
	at scala.runtime.java8.JFunction0$mcV$sp.apply(JFunction0$mcV$sp.scala:18)
	at scala.concurrent.Future$.$anonfun$apply$1(Future.scala:687)
	at scala.concurrent.impl.Promise$Transformation.run(Promise.scala:467)
	at java.util.concurrent.ThreadPoolExecutor.runWorker(ThreadPoolExecutor.java:1136)
	at java.util.concurrent.ThreadPoolExecutor$Worker.run(ThreadPoolExecutor.java:635)
	at java.lang.Thread.run(Thread.java:840)

2025.06.30 13:08:56 ERROR unexpected error during source scanning
java.lang.NullPointerException: Cannot invoke "scala.meta.pc.reports.ReportContext.unsanitized()" because "this.rc" is null
	at scala.meta.internal.mtags.JavaToplevelMtags.indexRoot(JavaToplevelMtags.scala:46)
	at scala.meta.internal.mtags.MtagsIndexer.index(MtagsIndexer.scala:21)
	at scala.meta.internal.mtags.MtagsIndexer.index$(MtagsIndexer.scala:20)
	at scala.meta.internal.mtags.JavaToplevelMtags.index(JavaToplevelMtags.scala:18)
	at scala.meta.internal.mtags.Mtags.indexWithOverrides(Mtags.scala:74)
	at scala.meta.internal.mtags.SymbolIndexBucket.indexSource(SymbolIndexBucket.scala:129)
	at scala.meta.internal.mtags.SymbolIndexBucket.addSourceFile(SymbolIndexBucket.scala:108)
	at scala.meta.internal.mtags.SymbolIndexBucket.$anonfun$addSourceJar$2(SymbolIndexBucket.scala:74)
	at scala.collection.immutable.List.flatMap(List.scala:294)
	at scala.meta.internal.mtags.SymbolIndexBucket.$anonfun$addSourceJar$1(SymbolIndexBucket.scala:70)
	at scala.meta.internal.io.PlatformFileIO$.withJarFileSystem(PlatformFileIO.scala:79)
	at scala.meta.internal.io.FileIO$.withJarFileSystem(FileIO.scala:33)
	at scala.meta.internal.mtags.SymbolIndexBucket.addSourceJar(SymbolIndexBucket.scala:68)
	at scala.meta.internal.mtags.OnDemandSymbolIndex.$anonfun$addSourceJar$2(OnDemandSymbolIndex.scala:85)
	at scala.meta.internal.mtags.OnDemandSymbolIndex.tryRun(OnDemandSymbolIndex.scala:131)
	at scala.meta.internal.mtags.OnDemandSymbolIndex.addSourceJar(OnDemandSymbolIndex.scala:84)
	at scala.meta.internal.metals.Indexer.indexJar(Indexer.scala:565)
	at scala.meta.internal.metals.Indexer.addSourceJarSymbols(Indexer.scala:559)
	at scala.meta.internal.metals.Indexer.$anonfun$indexDependencySources$5(Indexer.scala:387)
	at scala.collection.IterableOnceOps.foreach(IterableOnce.scala:619)
	at scala.collection.IterableOnceOps.foreach$(IterableOnce.scala:617)
	at scala.collection.AbstractIterable.foreach(Iterable.scala:935)
	at scala.collection.IterableOps$WithFilter.foreach(Iterable.scala:905)
	at scala.meta.internal.metals.Indexer.$anonfun$indexDependencySources$1(Indexer.scala:378)
	at scala.meta.internal.metals.Indexer.$anonfun$indexDependencySources$1$adapted(Indexer.scala:377)
	at scala.collection.IterableOnceOps.foreach(IterableOnce.scala:619)
	at scala.collection.IterableOnceOps.foreach$(IterableOnce.scala:617)
	at scala.collection.AbstractIterable.foreach(Iterable.scala:935)
	at scala.meta.internal.metals.Indexer.indexDependencySources(Indexer.scala:377)
	at scala.meta.internal.metals.Indexer.$anonfun$indexWorkspace$20(Indexer.scala:198)
	at scala.runtime.java8.JFunction0$mcV$sp.apply(JFunction0$mcV$sp.scala:18)
	at scala.meta.internal.metals.TimerProvider.timedThunk(TimerProvider.scala:25)
	at scala.meta.internal.metals.Indexer.$anonfun$indexWorkspace$19(Indexer.scala:191)
	at scala.meta.internal.metals.Indexer.$anonfun$indexWorkspace$19$adapted(Indexer.scala:187)
	at scala.collection.immutable.List.foreach(List.scala:334)
	at scala.meta.internal.metals.Indexer.indexWorkspace(Indexer.scala:187)
	at scala.meta.internal.metals.Indexer.$anonfun$profiledIndexWorkspace$2(Indexer.scala:57)
	at scala.runtime.java8.JFunction0$mcV$sp.apply(JFunction0$mcV$sp.scala:18)
	at scala.meta.internal.metals.TimerProvider.timedThunk(TimerProvider.scala:25)
	at scala.meta.internal.metals.Indexer.$anonfun$profiledIndexWorkspace$1(Indexer.scala:57)
	at scala.runtime.java8.JFunction0$mcV$sp.apply(JFunction0$mcV$sp.scala:18)
	at scala.concurrent.Future$.$anonfun$apply$1(Future.scala:687)
	at scala.concurrent.impl.Promise$Transformation.run(Promise.scala:467)
	at java.util.concurrent.ThreadPoolExecutor.runWorker(ThreadPoolExecutor.java:1136)
	at java.util.concurrent.ThreadPoolExecutor$Worker.run(ThreadPoolExecutor.java:635)
	at java.lang.Thread.run(Thread.java:840)

2025.06.30 13:08:56 ERROR unexpected error during source scanning
java.lang.NullPointerException: Cannot invoke "scala.meta.pc.reports.ReportContext.unsanitized()" because "this.rc" is null
	at scala.meta.internal.mtags.JavaToplevelMtags.indexRoot(JavaToplevelMtags.scala:46)
	at scala.meta.internal.mtags.MtagsIndexer.index(MtagsIndexer.scala:21)
	at scala.meta.internal.mtags.MtagsIndexer.index$(MtagsIndexer.scala:20)
	at scala.meta.internal.mtags.JavaToplevelMtags.index(JavaToplevelMtags.scala:18)
	at scala.meta.internal.mtags.Mtags.indexWithOverrides(Mtags.scala:74)
	at scala.meta.internal.mtags.SymbolIndexBucket.indexSource(SymbolIndexBucket.scala:129)
	at scala.meta.internal.mtags.SymbolIndexBucket.addSourceFile(SymbolIndexBucket.scala:108)
	at scala.meta.internal.mtags.SymbolIndexBucket.$anonfun$addSourceJar$2(SymbolIndexBucket.scala:74)
	at scala.collection.immutable.List.flatMap(List.scala:294)
	at scala.meta.internal.mtags.SymbolIndexBucket.$anonfun$addSourceJar$1(SymbolIndexBucket.scala:70)
	at scala.meta.internal.io.PlatformFileIO$.withJarFileSystem(PlatformFileIO.scala:79)
	at scala.meta.internal.io.FileIO$.withJarFileSystem(FileIO.scala:33)
	at scala.meta.internal.mtags.SymbolIndexBucket.addSourceJar(SymbolIndexBucket.scala:68)
	at scala.meta.internal.mtags.OnDemandSymbolIndex.$anonfun$addSourceJar$2(OnDemandSymbolIndex.scala:85)
	at scala.meta.internal.mtags.OnDemandSymbolIndex.tryRun(OnDemandSymbolIndex.scala:131)
	at scala.meta.internal.mtags.OnDemandSymbolIndex.addSourceJar(OnDemandSymbolIndex.scala:84)
	at scala.meta.internal.metals.Indexer.indexJar(Indexer.scala:565)
	at scala.meta.internal.metals.Indexer.addSourceJarSymbols(Indexer.scala:559)
	at scala.meta.internal.metals.Indexer.$anonfun$indexDependencySources$5(Indexer.scala:387)
	at scala.collection.IterableOnceOps.foreach(IterableOnce.scala:619)
	at scala.collection.IterableOnceOps.foreach$(IterableOnce.scala:617)
	at scala.collection.AbstractIterable.foreach(Iterable.scala:935)
	at scala.collection.IterableOps$WithFilter.foreach(Iterable.scala:905)
	at scala.meta.internal.metals.Indexer.$anonfun$indexDependencySources$1(Indexer.scala:378)
	at scala.meta.internal.metals.Indexer.$anonfun$indexDependencySources$1$adapted(Indexer.scala:377)
	at scala.collection.IterableOnceOps.foreach(IterableOnce.scala:619)
	at scala.collection.IterableOnceOps.foreach$(IterableOnce.scala:617)
	at scala.collection.AbstractIterable.foreach(Iterable.scala:935)
	at scala.meta.internal.metals.Indexer.indexDependencySources(Indexer.scala:377)
	at scala.meta.internal.metals.Indexer.$anonfun$indexWorkspace$20(Indexer.scala:198)
	at scala.runtime.java8.JFunction0$mcV$sp.apply(JFunction0$mcV$sp.scala:18)
	at scala.meta.internal.metals.TimerProvider.timedThunk(TimerProvider.scala:25)
	at scala.meta.internal.metals.Indexer.$anonfun$indexWorkspace$19(Indexer.scala:191)
	at scala.meta.internal.metals.Indexer.$anonfun$indexWorkspace$19$adapted(Indexer.scala:187)
	at scala.collection.immutable.List.foreach(List.scala:334)
	at scala.meta.internal.metals.Indexer.indexWorkspace(Indexer.scala:187)
	at scala.meta.internal.metals.Indexer.$anonfun$profiledIndexWorkspace$2(Indexer.scala:57)
	at scala.runtime.java8.JFunction0$mcV$sp.apply(JFunction0$mcV$sp.scala:18)
	at scala.meta.internal.metals.TimerProvider.timedThunk(TimerProvider.scala:25)
	at scala.meta.internal.metals.Indexer.$anonfun$profiledIndexWorkspace$1(Indexer.scala:57)
	at scala.runtime.java8.JFunction0$mcV$sp.apply(JFunction0$mcV$sp.scala:18)
	at scala.concurrent.Future$.$anonfun$apply$1(Future.scala:687)
	at scala.concurrent.impl.Promise$Transformation.run(Promise.scala:467)
	at java.util.concurrent.ThreadPoolExecutor.runWorker(ThreadPoolExecutor.java:1136)
	at java.util.concurrent.ThreadPoolExecutor$Worker.run(ThreadPoolExecutor.java:635)
	at java.lang.Thread.run(Thread.java:840)

2025.06.30 13:08:56 ERROR unexpected error during source scanning
java.lang.NullPointerException: Cannot invoke "scala.meta.pc.reports.ReportContext.unsanitized()" because "this.rc" is null
	at scala.meta.internal.mtags.JavaToplevelMtags.indexRoot(JavaToplevelMtags.scala:46)
	at scala.meta.internal.mtags.MtagsIndexer.index(MtagsIndexer.scala:21)
	at scala.meta.internal.mtags.MtagsIndexer.index$(MtagsIndexer.scala:20)
	at scala.meta.internal.mtags.JavaToplevelMtags.index(JavaToplevelMtags.scala:18)
	at scala.meta.internal.mtags.Mtags.indexWithOverrides(Mtags.scala:74)
	at scala.meta.internal.mtags.SymbolIndexBucket.indexSource(SymbolIndexBucket.scala:129)
	at scala.meta.internal.mtags.SymbolIndexBucket.addSourceFile(SymbolIndexBucket.scala:108)
	at scala.meta.internal.mtags.SymbolIndexBucket.$anonfun$addSourceJar$2(SymbolIndexBucket.scala:74)
	at scala.collection.immutable.List.flatMap(List.scala:294)
	at scala.meta.internal.mtags.SymbolIndexBucket.$anonfun$addSourceJar$1(SymbolIndexBucket.scala:70)
	at scala.meta.internal.io.PlatformFileIO$.withJarFileSystem(PlatformFileIO.scala:79)
	at scala.meta.internal.io.FileIO$.withJarFileSystem(FileIO.scala:33)
	at scala.meta.internal.mtags.SymbolIndexBucket.addSourceJar(SymbolIndexBucket.scala:68)
	at scala.meta.internal.mtags.OnDemandSymbolIndex.$anonfun$addSourceJar$2(OnDemandSymbolIndex.scala:85)
	at scala.meta.internal.mtags.OnDemandSymbolIndex.tryRun(OnDemandSymbolIndex.scala:131)
	at scala.meta.internal.mtags.OnDemandSymbolIndex.addSourceJar(OnDemandSymbolIndex.scala:84)
	at scala.meta.internal.metals.Indexer.indexJar(Indexer.scala:565)
	at scala.meta.internal.metals.Indexer.addSourceJarSymbols(Indexer.scala:559)
	at scala.meta.internal.metals.Indexer.$anonfun$indexDependencySources$5(Indexer.scala:387)
	at scala.collection.IterableOnceOps.foreach(IterableOnce.scala:619)
	at scala.collection.IterableOnceOps.foreach$(IterableOnce.scala:617)
	at scala.collection.AbstractIterable.foreach(Iterable.scala:935)
	at scala.collection.IterableOps$WithFilter.foreach(Iterable.scala:905)
	at scala.meta.internal.metals.Indexer.$anonfun$indexDependencySources$1(Indexer.scala:378)
	at scala.meta.internal.metals.Indexer.$anonfun$indexDependencySources$1$adapted(Indexer.scala:377)
	at scala.collection.IterableOnceOps.foreach(IterableOnce.scala:619)
	at scala.collection.IterableOnceOps.foreach$(IterableOnce.scala:617)
	at scala.collection.AbstractIterable.foreach(Iterable.scala:935)
	at scala.meta.internal.metals.Indexer.indexDependencySources(Indexer.scala:377)
	at scala.meta.internal.metals.Indexer.$anonfun$indexWorkspace$20(Indexer.scala:198)
	at scala.runtime.java8.JFunction0$mcV$sp.apply(JFunction0$mcV$sp.scala:18)
	at scala.meta.internal.metals.TimerProvider.timedThunk(TimerProvider.scala:25)
	at scala.meta.internal.metals.Indexer.$anonfun$indexWorkspace$19(Indexer.scala:191)
	at scala.meta.internal.metals.Indexer.$anonfun$indexWorkspace$19$adapted(Indexer.scala:187)
	at scala.collection.immutable.List.foreach(List.scala:334)
	at scala.meta.internal.metals.Indexer.indexWorkspace(Indexer.scala:187)
	at scala.meta.internal.metals.Indexer.$anonfun$profiledIndexWorkspace$2(Indexer.scala:57)
	at scala.runtime.java8.JFunction0$mcV$sp.apply(JFunction0$mcV$sp.scala:18)
	at scala.meta.internal.metals.TimerProvider.timedThunk(TimerProvider.scala:25)
	at scala.meta.internal.metals.Indexer.$anonfun$profiledIndexWorkspace$1(Indexer.scala:57)
	at scala.runtime.java8.JFunction0$mcV$sp.apply(JFunction0$mcV$sp.scala:18)
	at scala.concurrent.Future$.$anonfun$apply$1(Future.scala:687)
	at scala.concurrent.impl.Promise$Transformation.run(Promise.scala:467)
	at java.util.concurrent.ThreadPoolExecutor.runWorker(ThreadPoolExecutor.java:1136)
	at java.util.concurrent.ThreadPoolExecutor$Worker.run(ThreadPoolExecutor.java:635)
	at java.lang.Thread.run(Thread.java:840)

2025.06.30 13:08:57 INFO  time: indexed workspace in 20s
2025.06.30 13:33:04 INFO  compiling root (9 scala sources)
2025.06.30 13:33:04 INFO  Non-compiled module 'compiler-bridge_2.12' for Scala 2.12.18. Compiling...
2025.06.30 13:33:08 INFO  Compilation completed in 3.943s.
2025.06.30 13:33:12 INFO  time: compiled root in 7.33s
2025.06.30 14:44:08 INFO  Shutting down server
2025.06.30 14:44:08 INFO  shutting down Metals
2025.06.30 14:44:08 INFO  Shut down connection with build server.
2025.06.30 14:44:08 INFO  Shut down connection with build server.
2025.06.30 14:44:08 INFO  Exiting server
